rollout/success_rate,time/episodes,rollout/ep_len_mean,time/fps,time/total_timesteps,time/time_elapsed,rollout/ep_rew_mean,train/ent_coef,train/n_updates,train/critic_loss,train/actor_loss,train/learning_rate,eval/mean_reward,eval/success_rate,eval/mean_ep_length
0.0,4,20.0,85,80,0,0.15998299999999976,,,,,,,,
0.0,8,20.0,89,160,1,2.784059625,,,,,,,,
0.0,12,20.0,93,240,2,-0.60054725,,,,,,,,
0.0,16,20.0,96,320,3,-1.95934475,,,,,,,,
0.0,20,20.0,97,400,4,-2.81494325,,,,,,,,
0.041666666666666664,24,19.208333333333332,95,461,4,6.356781875,,,,,,,,
0.03571428571428571,28,19.321428571428573,95,541,5,4.970795964285714,,,,,,,,
0.03125,32,19.40625,95,621,6,3.706589000000001,,,,,,,,
0.027777777777777776,36,19.47222222222222,95,701,7,2.5601821944444456,,,,,,,,
0.025,40,19.525,95,781,8,1.6299157000000004,,,,,,,,
0.022727272727272728,44,19.568181818181817,95,861,8,1.2716013863636368,,,,,,,,
0.020833333333333332,48,19.604166666666668,94,941,9,1.3368837499999995,,,,,,,,
0.038461538461538464,52,19.326923076923077,91,1005,11,5.601199903846153,0.009999999776482582,8,0.4608495533466339,0.11775841191411018,0.0003,,,
0.05357142857142857,56,19.053571428571427,82,1067,12,9.295367803571429,0.009999999776482582,132,83.41481536626816,-4.7139739990234375,0.0003,,,
0.1,60,18.233333333333334,79,1094,13,19.258849950000002,0.009999999776482582,186,157.80364274978638,-7.450297594070435,0.0003,,,
0.140625,64,17.515625,76,1121,14,28.097079609375,0.009999999776482582,240,147.31916046142578,-14.570556640625,0.0003,,,
0.19117647058823528,68,16.63235294117647,74,1131,15,39.31100611764706,0.009999999776482582,260,341.30120849609375,-16.797773361206055,0.0003,,,
0.2222222222222222,72,16.069444444444443,72,1157,16,45.89677129166667,0.009999999776482582,312,210.56907653808594,-28.44479465484619,0.0003,,,
0.2236842105263158,76,16.039473684210527,68,1219,17,45.95002077631579,0.009999999776482582,436,138.9275665283203,-37.30190849304199,0.0003,,,
0.225,80,16.0125,65,1281,19,45.948823412500005,0.009999999776482582,560,175.54218292236328,-47.346187591552734,0.0003,,,
0.25,84,15.547619047619047,64,1306,20,51.21562351190476,0.009999999776482582,610,177.24048614501953,-47.4726505279541,0.0003,,,
0.25,88,15.556818181818182,61,1369,22,51.08928335227272,0.009999999776482582,736,382.7188720703125,-56.99286651611328,0.0003,,,
0.2826086956521739,92,14.98913043478261,60,1379,22,58.34550416304347,0.009999999776482582,756,392.7583923339844,-57.2492733001709,0.0003,,,
0.3020833333333333,96,14.635416666666666,59,1405,23,62.53554117708334,0.009999999776482582,808,465.29486083984375,-65.83860778808594,0.0003,,,
0.32,100,14.3,58,1430,24,66.41140411,0.009999999776482582,858,471.31280517578125,-69.14490509033203,0.0003,,,
0.36,104,13.59,57,1439,25,75.12975175000001,0.009999999776482582,876,580.3798217773438,-74.8916130065918,0.0003,,,
0.39,108,13.07,56,1467,26,81.42752435,0.009999999776482582,932,460.5635986328125,-78.91752624511719,0.0003,,,
0.42,112,12.54,55,1494,26,88.15392321000002,0.009999999776482582,986,829.470703125,-89.52514266967773,0.0003,,,
0.46,116,11.91,54,1511,27,97.03527730999998,0.009999999776482582,1020,622.3856201171875,-96.01144027709961,0.0003,,,
0.48,120,11.55,53,1555,29,101.46453927999997,0.009999999776482582,1108,808.0508117675781,-108.17604064941406,0.0003,,,
0.51,124,11.03,52,1564,29,108.04391377000002,0.009999999776482582,1126,798.7570190429688,-108.43043518066406,0.0003,,,
0.54,128,10.51,52,1592,30,114.69603636999999,0.009999999776482582,1182,488.4640655517578,-113.77561950683594,0.0003,,,
0.56,132,10.16,51,1637,32,119.05852374000001,0.009999999776482582,1272,535.4966125488281,-120.50344848632812,0.0003,,,
0.6,136,9.47,50,1648,32,128.07890375000002,0.009999999776482582,1294,626.9701538085938,-126.01607131958008,0.0003,,,
0.61,140,9.29,49,1710,34,130.20475,0.009999999776482582,1418,402.5338134765625,-134.7436981201172,0.0003,,,
0.64,144,8.76,48,1737,35,136.74017987,0.009999999776482582,1472,445.9944763183594,-134.7735595703125,0.0003,,,
0.66,148,8.53,47,1794,37,142.31445814,0.009999999776482582,1586,411.3805236816406,-147.60662078857422,0.0003,,,
0.66,152,8.54,46,1859,39,143.02331518,0.009999999776482582,1716,303.5354309082031,-161.5410919189453,0.0003,,,
0.65,156,8.72,45,1939,42,142.51321695000001,0.009999999776482582,1876,275.6734619140625,-171.84648895263672,0.0003,,,
0.62,160,9.25,39,2019,50,137.76331295,0.009999999776482582,2036,186.0890884399414,-189.34691619873047,0.0003,33.22954010461808,0.0,20.0
0.59,164,9.78,39,2099,53,132.37844463000002,0.009999999776482582,2196,165.4710464477539,-192.21306610107422,0.0003,,,
0.56,168,10.43,38,2174,56,127.20733442,0.009999999776482582,2346,106.0145034790039,-198.67017364501953,0.0003,,,
0.53,172,10.97,38,2254,58,123.240556,0.009999999776482582,2506,88.0751953125,-206.25269317626953,0.0003,,,
0.52,176,11.15,37,2334,61,123.46906787,0.009999999776482582,2666,67.29184913635254,-215.13655853271484,0.0003,,,
0.52,180,11.24,37,2405,64,125.44812104,0.009999999776482582,2808,60.685800552368164,-223.50363159179688,0.0003,,,
0.49,184,11.79,37,2485,67,121.42697515,0.009999999776482582,2968,42.12939643859863,-226.7093505859375,0.0003,,,
0.49,188,11.93,36,2562,69,123.57879469,0.009999999776482582,3122,77.71630477905273,-231.1412353515625,0.0003,,,
0.45,192,12.63,36,2642,72,116.01734175000001,0.009999999776482582,3282,55.41133117675781,-236.6209716796875,0.0003,,,
0.42,196,13.17,36,2722,75,110.30154418999999,0.009999999776482582,3442,61.2407341003418,-240.36293029785156,0.0003,,,
0.39,200,13.72,35,2802,78,105.66177606000001,0.009999999776482582,3602,57.67893409729004,-245.3556365966797,0.0003,,,
0.35,204,14.43,35,2882,80,98.29038151,0.009999999776482582,3762,62.14205551147461,-253.2676773071289,0.0003,,,
0.32,208,14.95,35,2962,83,93.14225628000003,0.009999999776482582,3922,58.026363372802734,-255.55555725097656,0.0003,,,
0.29,212,15.48,35,3042,86,88.48738364,0.009999999776482582,4082,40.837059020996094,-255.09486389160156,0.0003,,,
0.26,216,16.08,34,3119,89,83.62734875,0.009999999776482582,4236,66.23533248901367,-257.9415740966797,0.0003,,,
0.24,220,16.44,34,3199,92,81.40137358,0.009999999776482582,4396,27.516976356506348,-260.35504150390625,0.0003,,,
0.2,224,17.15,34,3279,94,74.05343839,0.009999999776482582,4556,36.289669036865234,-262.93421936035156,0.0003,,,
0.17,228,17.67,34,3359,97,69.10134632999998,0.009999999776482582,4716,32.87041759490967,-263.36549377441406,0.0003,,,
0.15,232,18.02,34,3439,100,66.23162548999998,0.009999999776482582,4876,50.82283973693848,-265.2388000488281,0.0003,,,
0.11,236,18.71,34,3519,103,59.075688369999995,0.009999999776482582,5036,32.09306335449219,-265.3300018310547,0.0003,,,
0.1,240,18.89,34,3599,105,58.54827465,0.009999999776482582,5196,57.88497543334961,-265.33544921875,0.0003,,,
0.07,244,19.42,33,3679,108,54.130171100000005,0.009999999776482582,5356,49.17653846740723,-268.6612243652344,0.0003,,,
0.05,248,19.65,33,3759,111,50.30718588,0.009999999776482582,5516,46.578514099121094,-266.2975311279297,0.0003,,,
0.04,252,19.8,33,3839,113,49.52901760999999,0.009999999776482582,5676,63.15753364562988,-268.2615966796875,0.0003,,,
0.04,256,19.8,33,3919,116,49.60281494,0.009999999776482582,5836,28.617467880249023,-268.58551025390625,0.0003,,,
0.04,260,19.8,33,3999,119,50.04728273,0.009999999776482582,5996,22.693321228027344,-267.3037414550781,0.0003,,,
0.04,264,19.8,31,4079,128,51.202256919999996,0.009999999776482582,6156,47.91880989074707,-270.06280517578125,0.0003,43.71084687586326,0.0,20.0
0.03,268,19.85,31,4159,131,48.97105624000001,0.009999999776482582,6316,35.51441955566406,-268.96417236328125,0.0003,,,
0.03,272,19.85,31,4239,133,47.97998205999998,0.009999999776482582,6476,31.350019454956055,-269.7963562011719,0.0003,,,
0.03,276,19.85,31,4319,136,47.01546393999999,0.009999999776482582,6636,20.46098232269287,-269.13323974609375,0.0003,,,
0.02,280,19.94,31,4399,139,45.54862223999999,0.009999999776482582,6796,32.89875411987305,-268.0809020996094,0.0003,,,
0.02,284,19.94,31,4479,142,45.43835202,0.009999999776482582,6956,22.708646774291992,-267.9750518798828,0.0003,,,
0.01,288,19.97,31,4559,145,43.20126949,0.009999999776482582,7116,22.940068244934082,-267.50062561035156,0.0003,,,
0.01,292,19.97,31,4639,147,43.9750913,0.009999999776482582,7276,24.550743103027344,-267.2436065673828,0.0003,,,
0.01,296,19.97,31,4719,150,45.403469810000004,0.009999999776482582,7436,23.790915489196777,-267.87953186035156,0.0003,,,
0.01,300,19.97,31,4799,152,45.75957311,0.009999999776482582,7596,31.878084182739258,-265.52294921875,0.0003,,,
0.02,304,19.95,31,4877,155,48.245657820000005,0.009999999776482582,7752,44.6832971572876,-265.93772888183594,0.0003,,,
0.03,308,19.93,31,4955,158,50.31748296,0.009999999776482582,7908,18.79972553253174,-265.847412109375,0.0003,,,
0.03,312,19.93,31,5035,160,50.355864849999996,0.009999999776482582,8068,24.991697311401367,-264.27867126464844,0.0003,,,
0.02,316,19.96,31,5115,163,48.598227650000005,0.009999999776482582,8228,30.12932586669922,-263.7890319824219,0.0003,,,
0.03,320,19.89,31,5188,165,50.19836232000001,0.009999999776482582,8374,38.9964485168457,-263.7204895019531,0.0003,,,
0.03,324,19.89,31,5268,168,50.47830672,0.009999999776482582,8534,37.478267669677734,-263.1815948486328,0.0003,,,
0.04,328,19.84,31,5343,171,52.976852720000004,0.009999999776482582,8684,15.473971843719482,-264.5885467529297,0.0003,,,
0.04,332,19.84,31,5423,173,54.016890970000006,0.009999999776482582,8844,31.390352249145508,-263.55755615234375,0.0003,,,
0.05,336,19.72,31,5491,175,56.49133876,0.009999999776482582,8980,36.74362087249756,-267.3689880371094,0.0003,,,
0.06,340,19.6,31,5559,177,59.322884869999996,0.009999999776482582,9116,14.980717658996582,-264.8478698730469,0.0003,,,
0.06,344,19.6,31,5639,180,59.709627420000004,0.009999999776482582,9276,38.5053825378418,-267.6211700439453,0.0003,,,
0.06,348,19.6,31,5719,182,59.89092761,0.009999999776482582,9436,15.346047401428223,-266.2048645019531,0.0003,,,
0.06,352,19.6,31,5799,185,59.578167979999996,0.009999999776482582,9596,28.116533279418945,-267.4281463623047,0.0003,,,
0.06,356,19.6,31,5879,188,60.13723875999999,0.009999999776482582,9756,15.400076866149902,-268.0398406982422,0.0003,,,
0.06,360,19.6,31,5959,190,59.73388803000001,0.009999999776482582,9916,10.89680528640747,-267.0513153076172,0.0003,,,
0.06,364,19.6,30,6039,198,61.26679003,0.009999999776482582,10076,14.433868408203125,-268.6566925048828,0.0003,58.40405676166902,0.0,20.0
0.06,368,19.6,30,6119,201,62.24573864999999,0.009999999776482582,10236,18.124116897583008,-269.3379669189453,0.0003,,,
0.06,372,19.6,30,6199,203,63.74977585,0.009999999776482582,10396,18.903528213500977,-269.2470245361328,0.0003,,,
0.06,376,19.6,30,6279,206,65.40264361,0.009999999776482582,10556,20.212556838989258,-270.4608459472656,0.0003,,,
0.06,380,19.6,30,6359,208,65.59752277000001,0.009999999776482582,10716,23.374049186706543,-271.22654724121094,0.0003,,,
0.06,384,19.6,30,6439,211,66.06888296,0.009999999776482582,10876,26.17421531677246,-272.6951141357422,0.0003,,,
0.06,388,19.6,30,6519,213,66.41172517999999,0.009999999776482582,11036,30.435195922851562,-274.28468322753906,0.0003,,,
0.07,392,19.6,30,6599,216,69.11012861,0.009999999776482582,11196,42.63657569885254,-272.59291076660156,0.0003,,,
0.07,396,19.6,30,6679,218,69.74808745,0.009999999776482582,11356,30.621292114257812,-272.9294891357422,0.0003,,,
0.07,400,19.6,30,6759,221,70.58982005999998,0.009999999776482582,11516,19.194252967834473,-273.90867614746094,0.0003,,,
0.06,404,19.62,30,6839,224,69.29284497999998,0.009999999776482582,11676,56.01873207092285,-274.1831512451172,0.0003,,,
0.05,408,19.64,30,6919,226,68.10198758,0.009999999776482582,11836,13.127416610717773,-275.993408203125,0.0003,,,
0.05,412,19.64,30,6999,229,67.97945661,0.009999999776482582,11996,28.596099853515625,-278.4364318847656,0.0003,,,
0.05,416,19.64,30,7079,232,67.51685380999999,0.009999999776482582,12156,32.926767349243164,-276.76222229003906,0.0003,,,
0.04,420,19.71,30,7159,235,65.55271517000001,0.009999999776482582,12316,29.343174934387207,-277.91600036621094,0.0003,,,
0.04,424,19.71,30,7239,237,65.43469035,0.009999999776482582,12476,25.993192672729492,-278.94776916503906,0.0003,,,
0.03,428,19.76,30,7319,240,62.47174975,0.009999999776482582,12636,16.62114715576172,-276.5705261230469,0.0003,,,
0.03,432,19.76,30,7399,243,61.95182740000001,0.009999999776482582,12796,47.551005363464355,-278.1276550292969,0.0003,,,
0.02,436,19.88,30,7479,246,59.45786138,0.009999999776482582,12956,48.424238204956055,-278.87635803222656,0.0003,,,
0.01,440,20.0,30,7559,249,56.80800963000001,0.009999999776482582,13116,18.09928297996521,-277.4595031738281,0.0003,,,
0.01,444,20.0,30,7639,251,55.924010259999996,0.009999999776482582,13276,11.85091781616211,-278.8876190185547,0.0003,,,
0.01,448,20.0,30,7719,254,55.22802855,0.009999999776482582,13436,29.994466304779053,-281.585693359375,0.0003,,,
0.01,452,20.0,30,7799,257,54.78180124000001,0.009999999776482582,13596,18.443716049194336,-279.900390625,0.0003,,,
0.01,456,20.0,30,7879,259,53.99786550999999,0.009999999776482582,13756,22.365822792053223,-282.0701599121094,0.0003,,,
0.01,460,20.0,30,7959,262,55.20716672999999,0.009999999776482582,13916,15.312150955200195,-282.0134735107422,0.0003,,,
0.01,464,20.0,29,8039,271,53.21377251999999,0.009999999776482582,14076,23.828511238098145,-283.8550567626953,0.0003,57.32517418369116,0.0,20.0
0.01,468,20.0,29,8119,274,53.2492739,0.009999999776482582,14236,20.57841205596924,-282.5959014892578,0.0003,,,
0.01,472,20.0,29,8199,276,53.33371737999999,0.009999999776482582,14396,33.7321662902832,-285.07684326171875,0.0003,,,
0.01,476,20.0,29,8279,279,52.390398720000015,0.009999999776482582,14556,20.747882843017578,-286.0212860107422,0.0003,,,
0.01,480,20.0,29,8359,282,51.97582431,0.009999999776482582,14716,24.67982292175293,-286.767822265625,0.0003,,,
0.01,484,20.0,29,8439,284,51.82897075000001,0.009999999776482582,14876,35.069886207580566,-287.39500427246094,0.0003,,,
0.01,488,20.0,29,8519,287,53.31713092,0.009999999776482582,15036,28.152938842773438,-289.6599426269531,0.0003,,,
0.0,492,20.0,29,8599,289,51.59136919999999,0.009999999776482582,15196,39.423179626464844,-289.85594177246094,0.0003,,,
0.0,496,20.0,29,8679,292,50.937110929999996,0.009999999776482582,15356,16.008681297302246,-293.16224670410156,0.0003,,,
0.0,500,20.0,29,8759,295,50.467324940000005,0.009999999776482582,15516,25.083209991455078,-293.44639587402344,0.0003,,,
0.0,504,20.0,29,8839,298,50.91846555,0.009999999776482582,15676,15.347618103027344,-293.1648254394531,0.0003,,,
0.0,508,20.0,29,8919,300,51.11408613,0.009999999776482582,15836,28.597152709960938,-295.3232727050781,0.0003,,,
0.0,512,20.0,29,8999,303,52.63332160000001,0.009999999776482582,15996,17.31978416442871,-296.8834991455078,0.0003,,,
0.0,516,20.0,29,9079,306,53.80432387999999,0.009999999776482582,16156,29.83052635192871,-295.8110809326172,0.0003,,,
0.0,520,20.0,29,9159,309,53.83918224000001,0.009999999776482582,16316,22.36020588874817,-299.5082550048828,0.0003,,,
0.0,524,20.0,29,9239,311,55.299610359999996,0.009999999776482582,16476,28.82551383972168,-301.14263916015625,0.0003,,,
0.0,528,20.0,29,9319,314,57.375573580000015,0.009999999776482582,16636,19.98232936859131,-304.11048889160156,0.0003,,,
0.0,532,20.0,29,9399,317,57.4882378,0.009999999776482582,16796,19.586554050445557,-303.8239440917969,0.0003,,,
0.0,536,20.0,29,9479,319,58.22135141999999,0.009999999776482582,16956,29.46353530883789,-302.9971618652344,0.0003,,,
0.0,540,20.0,29,9559,322,58.97001647,0.009999999776482582,17116,29.24842643737793,-305.8840026855469,0.0003,,,
0.0,544,20.0,29,9639,325,59.83226185,0.009999999776482582,17276,14.239659309387207,-307.6278839111328,0.0003,,,
0.0,548,20.0,29,9719,327,61.868252000000005,0.009999999776482582,17436,34.26749038696289,-307.2333221435547,0.0003,,,
0.0,552,20.0,29,9799,330,63.73148308999999,0.009999999776482582,17596,30.51123857498169,-309.32196044921875,0.0003,,,
0.0,556,20.0,29,9879,332,64.40029813,0.009999999776482582,17756,9.443177223205566,-310.5982971191406,0.0003,,,
0.0,560,20.0,29,9959,335,64.23460558,0.009999999776482582,17916,24.75550651550293,-310.9620819091797,0.0003,,,
0.0,564,20.0,29,10039,344,64.83366655,0.009999999776482582,18076,34.48625469207764,-313.2298583984375,0.0003,57.25784266989613,0.0,20.0
0.0,568,20.0,29,10119,346,64.3627304,0.009999999776482582,18236,24.797972202301025,-313.9436798095703,0.0003,,,
0.0,572,20.0,29,10199,349,63.768459459999995,0.009999999776482582,18396,41.821228981018066,-314.531494140625,0.0003,,,
0.0,576,20.0,29,10279,351,64.72241673000002,0.009999999776482582,18556,32.11204528808594,-314.6697235107422,0.0003,,,
0.0,580,20.0,29,10359,354,64.49408955999999,0.009999999776482582,18716,28.31085205078125,-318.16270446777344,0.0003,,,
0.0,584,20.0,29,10439,357,64.37468423,0.009999999776482582,18876,8.941925048828125,-319.3642120361328,0.0003,,,
0.0,588,20.0,29,10519,359,62.698159970000006,0.009999999776482582,19036,15.167009830474854,-321.0110168457031,0.0003,,,
0.0,592,20.0,29,10599,362,63.6806529,0.009999999776482582,19196,13.738402366638184,-321.50929260253906,0.0003,,,
0.0,596,20.0,29,10679,365,64.39280863,0.009999999776482582,19356,65.0543441772461,-323.8909912109375,0.0003,,,
0.0,600,20.0,29,10759,367,65.10875361,0.009999999776482582,19516,21.531328201293945,-325.9942169189453,0.0003,,,
0.0,604,20.0,29,10839,370,63.98720984,0.009999999776482582,19676,35.02532386779785,-324.8643493652344,0.0003,,,
0.0,608,20.0,29,10919,373,64.13699211,0.009999999776482582,19836,11.358386993408203,-323.3541717529297,0.0003,,,
0.0,612,20.0,29,10999,375,63.667178459999995,0.009999999776482582,19996,10.322977066040039,-324.5863800048828,0.0003,,,
0.0,616,20.0,29,11079,378,62.875641110000004,0.009999999776482582,20156,29.351964950561523,-326.3983154296875,0.0003,,,
0.0,620,20.0,29,11159,381,64.38437213,0.009999999776482582,20316,25.582056999206543,-329.0011901855469,0.0003,,,
0.0,624,20.0,29,11239,383,64.53593118,0.009999999776482582,20476,16.669462203979492,-332.29396057128906,0.0003,,,
0.0,628,20.0,29,11319,386,64.14524391,0.009999999776482582,20636,24.444400787353516,-330.10252380371094,0.0003,,,
0.0,632,20.0,29,11399,388,64.85104264,0.009999999776482582,20796,59.23999786376953,-331.8934020996094,0.0003,,,
0.0,636,20.0,29,11479,391,64.91961595000001,0.009999999776482582,20956,19.163156509399414,-332.809814453125,0.0003,,,
0.0,640,20.0,29,11559,394,64.58013197,0.009999999776482582,21116,30.455260276794434,-334.27699279785156,0.0003,,,
0.0,644,20.0,29,11639,396,65.55411079000001,0.009999999776482582,21276,56.47710037231445,-333.8439636230469,0.0003,,,
0.0,648,20.0,29,11719,399,65.5325381,0.009999999776482582,21436,7.111651659011841,-335.4324645996094,0.0003,,,
0.0,652,20.0,29,11799,402,65.55399813,0.009999999776482582,21596,10.20917534828186,-338.3032989501953,0.0003,,,
0.0,656,20.0,29,11879,404,64.97431501000001,0.009999999776482582,21756,34.91541337966919,-338.1841735839844,0.0003,,,
0.0,660,20.0,29,11959,407,65.14174631,0.009999999776482582,21916,24.825591564178467,-339.69395446777344,0.0003,,,
0.0,664,20.0,28,12039,415,63.61487499,0.009999999776482582,22076,84.80633544921875,-338.76513671875,0.0003,59.22688296053595,0.0,20.0
0.0,668,20.0,28,12119,418,64.12634061,0.009999999776482582,22236,44.160804748535156,-340.3209686279297,0.0003,,,
0.0,672,20.0,28,12199,421,64.73925379999999,0.009999999776482582,22396,14.271580696105957,-341.89173889160156,0.0003,,,
0.0,676,20.0,28,12279,423,64.89217993,0.009999999776482582,22556,10.228582382202148,-342.3629455566406,0.0003,,,
0.0,680,20.0,28,12359,426,65.55581253000001,0.009999999776482582,22716,14.984813690185547,-342.3968200683594,0.0003,,,
0.0,684,20.0,29,12439,428,65.2204908,0.009999999776482582,22876,15.955880880355835,-344.1864929199219,0.0003,,,
0.0,688,20.0,29,12519,431,65.47014914,0.009999999776482582,23036,12.000233173370361,-344.9263916015625,0.0003,,,
0.0,692,20.0,29,12599,434,65.06655444,0.009999999776482582,23196,26.406728744506836,-348.03123474121094,0.0003,,,
0.0,696,20.0,29,12679,436,64.10997721,0.009999999776482582,23356,38.83101272583008,-346.8176727294922,0.0003,,,
0.0,700,20.0,29,12759,439,63.486801379999996,0.009999999776482582,23516,35.261624336242676,-347.0111083984375,0.0003,,,
0.0,704,20.0,29,12839,442,63.89570413999999,0.009999999776482582,23676,68.72221755981445,-346.47021484375,0.0003,,,
0.0,708,20.0,29,12919,444,64.95138256999999,0.009999999776482582,23836,34.020652770996094,-349.6193389892578,0.0003,,,
0.0,712,20.0,29,12999,447,64.60604624000001,0.009999999776482582,23996,38.59531211853027,-349.6411590576172,0.0003,,,
0.0,716,20.0,29,13079,449,65.74526353,0.009999999776482582,24156,16.314971923828125,-352.18626403808594,0.0003,,,
0.0,720,20.0,29,13159,452,64.53754200999998,0.009999999776482582,24316,28.415658950805664,-352.9744110107422,0.0003,,,
0.0,724,20.0,29,13239,455,64.79701219999998,0.009999999776482582,24476,31.9354829788208,-352.60777282714844,0.0003,,,
0.0,728,20.0,29,13319,457,65.14340297000001,0.009999999776482582,24636,16.24496555328369,-355.4759063720703,0.0003,,,
0.0,732,20.0,29,13399,460,65.28881908,0.009999999776482582,24796,32.27952289581299,-355.36546325683594,0.0003,,,
0.0,736,20.0,29,13479,463,65.83590342,0.009999999776482582,24956,30.196231842041016,-357.0162048339844,0.0003,,,
0.0,740,20.0,29,13559,465,66.01096695,0.009999999776482582,25116,28.44332981109619,-355.9304656982422,0.0003,,,
0.0,744,20.0,29,13639,467,65.29509502,0.009999999776482582,25276,44.8062858581543,-357.5166473388672,0.0003,,,
0.0,748,20.0,29,13719,470,65.78277968000002,0.009999999776482582,25436,11.560491561889648,-356.5135498046875,0.0003,,,
0.02,752,19.72,29,13771,472,68.79425738,0.009999999776482582,25540,76.9798355102539,-361.6351623535156,0.0003,,,
0.02,756,19.72,29,13851,474,70.31834034000002,0.009999999776482582,25700,43.50470161437988,-358.6675567626953,0.0003,,,
0.02,760,19.72,29,13931,477,69.90566981,0.009999999776482582,25860,84.50639343261719,-359.1975555419922,0.0003,,,
0.02,764,19.72,28,14011,485,71.84495183000001,0.009999999776482582,26020,34.036705017089844,-361.49659729003906,0.0003,73.04972172255711,0.0,20.0
0.02,768,19.72,28,14091,488,72.85665557,0.009999999776482582,26180,37.1547908782959,-361.1311798095703,0.0003,,,
0.02,772,19.72,28,14171,490,72.84191519000001,0.009999999776482582,26340,90.06061553955078,-361.3878479003906,0.0003,,,
0.02,776,19.72,28,14251,493,71.95706364000002,0.009999999776482582,26500,38.73621368408203,-363.6019592285156,0.0003,,,
0.02,780,19.72,28,14331,496,72.10014056,0.009999999776482582,26660,13.014423847198486,-361.6114501953125,0.0003,,,
0.02,784,19.72,28,14411,498,72.15547494,0.009999999776482582,26820,24.784325122833252,-364.83807373046875,0.0003,,,
0.02,788,19.72,28,14491,501,73.07516548,0.009999999776482582,26980,55.64536666870117,-366.3351745605469,0.0003,,,
0.02,792,19.72,28,14571,504,72.05230743,0.009999999776482582,27140,58.36397171020508,-364.39691162109375,0.0003,,,
0.02,796,19.72,28,14651,506,73.39220243,0.009999999776482582,27300,21.932722091674805,-366.46893310546875,0.0003,,,
0.02,800,19.72,28,14731,509,73.21487944,0.009999999776482582,27460,40.12735462188721,-369.1498718261719,0.0003,,,
0.02,804,19.72,28,14811,512,72.93901205,0.009999999776482582,27620,32.823970794677734,-368.0519256591797,0.0003,,,
0.02,808,19.72,28,14891,514,71.15397542,0.009999999776482582,27780,32.34056854248047,-367.2500305175781,0.0003,,,
0.02,812,19.72,28,14971,517,71.47852508,0.009999999776482582,27940,44.056389808654785,-370.2310485839844,0.0003,,,
0.02,816,19.72,28,15051,520,70.05138398999999,0.009999999776482582,28100,36.50764465332031,-366.2529296875,0.0003,,,
0.02,820,19.72,28,15131,522,70.75676025,0.009999999776482582,28260,48.93922996520996,-368.1139678955078,0.0003,,,
0.02,824,19.72,28,15211,525,68.79407965,0.009999999776482582,28420,51.01764488220215,-369.8848114013672,0.0003,,,
0.02,828,19.72,28,15291,527,67.83459156,0.009999999776482582,28580,12.859218120574951,-369.5887756347656,0.0003,,,
0.02,832,19.72,28,15371,530,67.82714619000001,0.009999999776482582,28740,30.612359046936035,-376.12025451660156,0.0003,,,
0.02,836,19.72,28,15451,532,68.56847924,0.009999999776482582,28900,67.91360473632812,-374.48377990722656,0.0003,,,
0.02,840,19.72,29,15531,535,70.17166799,0.009999999776482582,29060,14.476709365844727,-372.35992431640625,0.0003,,,
0.02,844,19.72,29,15611,538,70.1028164,0.009999999776482582,29220,21.30501651763916,-375.05299377441406,0.0003,,,
0.02,848,19.72,29,15691,540,69.3792075,0.009999999776482582,29380,50.54372978210449,-378.6099853515625,0.0003,,,
0.0,852,20.0,29,15771,543,65.60977328,0.009999999776482582,29540,65.47076368331909,-376.67295837402344,0.0003,,,
0.0,856,20.0,29,15851,546,64.37105883,0.009999999776482582,29700,59.7857027053833,-377.6302947998047,0.0003,,,
0.0,860,20.0,29,15931,548,63.13317562,0.009999999776482582,29860,34.48602533340454,-376.83213806152344,0.0003,,,
0.0,864,20.0,28,16011,557,62.074714840000006,0.009999999776482582,30020,38.703182220458984,-378.5936584472656,0.0003,49.01123806672119,0.0,20.0
0.0,868,20.0,28,16091,559,61.54420722,0.009999999776482582,30180,64.54180717468262,-379.5500946044922,0.0003,,,
0.0,872,20.0,28,16171,562,59.832772930000004,0.009999999776482582,30340,34.167673110961914,-377.991455078125,0.0003,,,
0.0,876,20.0,28,16251,564,60.77265183,0.009999999776482582,30500,18.73878812789917,-384.2337646484375,0.0003,,,
0.0,880,20.0,28,16331,567,60.08340984999999,0.009999999776482582,30660,15.62559700012207,-378.71380615234375,0.0003,,,
0.0,884,20.0,28,16411,569,60.593581549999996,0.009999999776482582,30820,18.102564811706543,-380.687255859375,0.0003,,,
0.0,888,20.0,28,16491,572,60.28734451,0.009999999776482582,30980,71.20392227172852,-380.78955078125,0.0003,,,
0.0,892,20.0,28,16571,575,59.92115429999999,0.009999999776482582,31140,138.1893653869629,-378.8571319580078,0.0003,,,
0.0,896,20.0,28,16651,577,58.97713838,0.009999999776482582,31300,57.20579481124878,-377.4895324707031,0.0003,,,
0.0,900,20.0,28,16731,580,59.72468998999999,0.009999999776482582,31460,57.22712802886963,-383.96722412109375,0.0003,,,
0.0,904,20.0,28,16811,582,60.01757499,0.009999999776482582,31620,83.75561141967773,-381.6491394042969,0.0003,,,
0.0,908,20.0,28,16891,585,60.60900108,0.009999999776482582,31780,18.523401260375977,-382.4981384277344,0.0003,,,
0.0,912,20.0,28,16971,588,59.505205669999995,0.009999999776482582,31940,19.415115356445312,-383.1841735839844,0.0003,,,
0.0,916,20.0,28,17051,590,61.79560381,0.009999999776482582,32100,50.23547554016113,-385.6385803222656,0.0003,,,
0.0,920,20.0,28,17131,593,61.01789906999999,0.009999999776482582,32260,23.749485969543457,-390.03904724121094,0.0003,,,
0.0,924,20.0,28,17211,595,62.26002771999999,0.009999999776482582,32420,63.55644607543945,-385.62644958496094,0.0003,,,
0.0,928,20.0,28,17291,598,62.1076609,0.009999999776482582,32580,80.85491943359375,-386.4623718261719,0.0003,,,
0.0,932,20.0,28,17371,601,61.88417123999999,0.009999999776482582,32740,37.444499015808105,-386.7018280029297,0.0003,,,
0.0,936,20.0,28,17451,603,62.09145051999999,0.009999999776482582,32900,27.557899951934814,-391.23912048339844,0.0003,,,
0.0,940,20.0,28,17531,606,61.212892969999984,0.009999999776482582,33060,33.02966070175171,-386.77818298339844,0.0003,,,
0.0,944,20.0,28,17611,608,61.032414769999995,0.009999999776482582,33220,121.14165687561035,-388.5566864013672,0.0003,,,
0.0,948,20.0,28,17691,611,59.64692103,0.009999999776482582,33380,94.0366096496582,-389.5894775390625,0.0003,,,
0.0,952,20.0,28,17771,613,60.92229028999999,0.009999999776482582,33540,28.2286639213562,-391.954345703125,0.0003,,,
0.0,956,20.0,28,17851,616,61.82099615999999,0.009999999776482582,33700,18.57375955581665,-392.77268981933594,0.0003,,,
0.0,960,20.0,28,17931,619,62.65490444000001,0.009999999776482582,33860,62.137986183166504,-391.2198181152344,0.0003,,,
0.01,964,19.9,28,18001,627,64.44702255000001,0.009999999776482582,34000,15.528731346130371,-391.42311096191406,0.0003,87.69449117257584,0.1,19.15
0.02,968,19.78,28,18069,629,65.85938692,0.009999999776482582,34136,64.6746597290039,-395.96998596191406,0.0003,,,
0.02,972,19.78,28,18149,631,69.08519008000002,0.009999999776482582,34296,33.28175163269043,-395.3014831542969,0.0003,,,
0.02,976,19.78,28,18229,634,68.24211825,0.009999999776482582,34456,40.54087543487549,-390.05096435546875,0.0003,,,
0.02,980,19.78,28,18309,637,68.90119383999999,0.009999999776482582,34616,17.317830085754395,-391.03102111816406,0.0003,,,
0.02,984,19.78,28,18389,639,68.92688396,0.009999999776482582,34776,29.21921443939209,-395.39515686035156,0.0003,,,
0.02,988,19.78,28,18469,642,68.77537967,0.009999999776482582,34936,51.96770668029785,-395.7543640136719,0.0003,,,
0.02,992,19.78,28,18549,644,69.80859427,0.009999999776482582,35096,28.29411220550537,-395.5947265625,0.0003,,,
0.02,996,19.78,28,18629,647,70.35067194,0.009999999776482582,35256,73.49971771240234,-396.1040344238281,0.0003,,,
0.02,1000,19.78,28,18709,649,70.25172712,0.009999999776482582,35416,49.58918571472168,-397.86244201660156,0.0003,,,
0.02,1004,19.78,28,18789,652,70.56246965,0.009999999776482582,35576,44.75087928771973,-401.927978515625,0.0003,,,
0.02,1008,19.78,28,18869,654,71.03920514,0.009999999776482582,35736,166.27989196777344,-400.5026092529297,0.0003,,,
0.02,1012,19.78,28,18949,657,73.28798737,0.009999999776482582,35896,21.140235900878906,-397.24212646484375,0.0003,,,
0.02,1016,19.78,28,19029,660,73.03329094,0.009999999776482582,36056,46.42560577392578,-404.8660430908203,0.0003,,,
0.02,1020,19.78,28,19109,662,74.0122765,0.009999999776482582,36216,96.47049903869629,-406.8144073486328,0.0003,,,
0.02,1024,19.78,28,19189,665,74.52477372,0.009999999776482582,36376,29.621252059936523,-406.96058654785156,0.0003,,,
0.02,1028,19.78,28,19269,667,75.95003519000001,0.009999999776482582,36536,47.352928161621094,-408.6624298095703,0.0003,,,
0.02,1032,19.78,28,19349,670,77.86781104,0.009999999776482582,36696,51.39161920547485,-410.6450653076172,0.0003,,,
0.02,1036,19.78,28,19429,672,77.44702673,0.009999999776482582,36856,47.54123020172119,-411.38841247558594,0.0003,,,
0.02,1040,19.78,28,19509,675,78.38842299,0.009999999776482582,37016,65.5578498840332,-410.1909637451172,0.0003,,,
0.02,1044,19.78,28,19589,678,78.87458137,0.009999999776482582,37176,61.93914794921875,-412.8613739013672,0.0003,,,
0.02,1048,19.78,28,19669,680,81.36349037999999,0.009999999776482582,37336,66.58126735687256,-413.5311584472656,0.0003,,,
0.02,1052,19.78,28,19749,683,80.89152226000002,0.009999999776482582,37496,39.32953453063965,-413.83473205566406,0.0003,,,
0.02,1056,19.78,28,19829,685,82.11630051,0.009999999776482582,37656,68.47606468200684,-421.00025939941406,0.0003,,,
0.02,1060,19.78,28,19909,688,84.04626950999999,0.009999999776482582,37816,89.0987663269043,-421.4933319091797,0.0003,,,
0.01,1064,19.88,28,19989,690,84.23961433999999,0.009999999776482582,37976,12.464725494384766,-418.9420928955078,0.0003,,,
0.0,1068,20.0,28,20069,698,83.24721312,0.009999999776482582,38136,28.59574317932129,-422.97389221191406,0.0003,90.2419070175727,0.0,20.0
0.0,1072,20.0,28,20149,701,83.09652205,0.009999999776482582,38296,101.3779411315918,-424.439697265625,0.0003,,,
0.0,1076,20.0,28,20229,703,85.04536786999999,0.009999999776482582,38456,75.53653812408447,-427.17735290527344,0.0003,,,
0.0,1080,20.0,28,20309,706,86.88096992000001,0.009999999776482582,38616,79.73921203613281,-428.2803192138672,0.0003,,,
0.0,1084,20.0,28,20389,708,88.90206243,0.009999999776482582,38776,19.968137741088867,-425.3701171875,0.0003,,,
0.0,1088,20.0,28,20469,711,90.69883193,0.009999999776482582,38936,16.836835861206055,-431.92515563964844,0.0003,,,
0.02,1092,19.73,28,20522,712,94.65794093999999,0.009999999776482582,39042,32.78537940979004,-431.052490234375,0.0003,,,
0.02,1096,19.73,28,20602,715,96.19651795,0.009999999776482582,39202,25.1470308303833,-430.88499450683594,0.0003,,,
0.02,1100,19.73,28,20682,717,97.80241118,0.009999999776482582,39362,78.48981666564941,-431.57208251953125,0.0003,,,
0.02,1104,19.73,28,20762,720,98.94701926000002,0.009999999776482582,39522,42.7798957824707,-433.4600524902344,0.0003,,,
0.02,1108,19.73,28,20842,722,100.61173233999997,0.009999999776482582,39682,29.1243314743042,-433.39100646972656,0.0003,,,
0.02,1112,19.73,28,20922,725,100.00089106000001,0.009999999776482582,39842,18.8695125579834,-435.4026794433594,0.0003,,,
0.02,1116,19.73,28,21002,727,101.03562622999999,0.009999999776482582,40002,56.53093719482422,-441.2896270751953,0.0003,,,
0.02,1120,19.73,28,21082,730,102.63637886999997,0.009999999776482582,40162,28.390551567077637,-439.15960693359375,0.0003,,,
0.02,1124,19.73,28,21162,732,104.10916168,0.009999999776482582,40322,18.954642295837402,-443.1506652832031,0.0003,,,
0.02,1128,19.73,28,21242,735,105.41758458,0.009999999776482582,40482,11.07166862487793,-445.53607177734375,0.0003,,,
0.02,1132,19.73,28,21322,737,105.13914908000001,0.009999999776482582,40642,24.72835063934326,-444.0849609375,0.0003,,,
0.03,1136,19.56,28,21385,739,107.04128885,0.009999999776482582,40768,15.478876113891602,-441.37103271484375,0.0003,,,
0.04,1140,19.4,28,21449,741,109.10051725,0.009999999776482582,40896,62.15668296813965,-445.1390838623047,0.0003,,,
0.04,1144,19.4,28,21529,744,110.94598418000001,0.009999999776482582,41056,40.479400634765625,-443.97315979003906,0.0003,,,
0.04,1148,19.4,28,21609,747,111.10533444000001,0.009999999776482582,41216,23.58735179901123,-445.93951416015625,0.0003,,,
0.04,1152,19.4,28,21689,749,112.10491390000001,0.009999999776482582,41376,14.148797512054443,-453.63055419921875,0.0003,,,
0.04,1156,19.4,28,21769,752,111.38946904000001,0.009999999776482582,41536,45.57955503463745,-448.86463928222656,0.0003,,,
0.04,1160,19.4,28,21849,754,111.82646755,0.009999999776482582,41696,61.51517868041992,-448.7459716796875,0.0003,,,
0.04,1164,19.4,28,21929,757,112.76157049000001,0.009999999776482582,41856,39.57321357727051,-452.8739318847656,0.0003,,,
0.04,1168,19.4,28,22009,764,114.20224741999999,0.009999999776482582,42016,83.38329315185547,-452.4098663330078,0.0003,101.07337246282468,0.0,20.0
0.04,1172,19.4,28,22089,767,114.60946426000001,0.009999999776482582,42176,32.968143463134766,-451.0894317626953,0.0003,,,
0.04,1176,19.4,28,22169,769,115.11260003000001,0.009999999776482582,42336,110.53723812103271,-453.5821838378906,0.0003,,,
0.04,1180,19.4,28,22249,772,115.03743574000003,0.009999999776482582,42496,109.08598899841309,-452.9217071533203,0.0003,,,
0.04,1184,19.4,28,22329,774,114.72021838999999,0.009999999776482582,42656,71.69497680664062,-454.8318328857422,0.0003,,,
0.04,1188,19.4,28,22409,777,114.83168385000003,0.009999999776482582,42816,46.51667022705078,-455.7156677246094,0.0003,,,
0.02,1192,19.67,28,22489,779,112.41684460999998,0.009999999776482582,42976,64.34777736663818,-457.3359069824219,0.0003,,,
0.02,1196,19.67,28,22569,782,112.80975387000001,0.009999999776482582,43136,74.25040245056152,-461.5689239501953,0.0003,,,
0.02,1200,19.67,28,22649,784,111.99368284,0.009999999776482582,43296,41.11380577087402,-462.24851989746094,0.0003,,,
0.02,1204,19.67,28,22729,787,112.89782873,0.009999999776482582,43456,74.84980344772339,-465.1534729003906,0.0003,,,
0.02,1208,19.67,28,22809,789,112.7173812,0.009999999776482582,43616,74.0849609375,-462.4632263183594,0.0003,,,
0.02,1212,19.67,28,22889,792,112.59410283999999,0.009999999776482582,43776,54.67648696899414,-463.8291931152344,0.0003,,,
0.02,1216,19.67,28,22969,794,112.47190254999998,0.009999999776482582,43936,13.408448219299316,-464.97312927246094,0.0003,,,
0.02,1220,19.67,28,23049,797,112.47976417,0.009999999776482582,44096,72.6741943359375,-468.0294952392578,0.0003,,,
0.02,1224,19.67,28,23129,800,112.07678348000002,0.009999999776482582,44256,17.47031593322754,-468.758056640625,0.0003,,,
0.02,1228,19.67,28,23209,802,112.02783355000001,0.009999999776482582,44416,17.871557235717773,-468.350341796875,0.0003,,,
0.02,1232,19.67,28,23289,805,112.04953848999999,0.009999999776482582,44576,16.385404586791992,-473.0621032714844,0.0003,,,
0.01,1236,19.84,28,23369,807,111.32713174,0.009999999776482582,44736,52.708086013793945,-472.8301086425781,0.0003,,,
0.0,1240,20.0,28,23449,810,109.40928208999999,0.009999999776482582,44896,52.303736209869385,-472.1484832763672,0.0003,,,
0.0,1244,20.0,28,23529,812,109.05858585,0.009999999776482582,45056,65.56882858276367,-472.88409423828125,0.0003,,,
0.0,1248,20.0,28,23609,815,109.40315894000001,0.009999999776482582,45216,71.10095310211182,-476.6545104980469,0.0003,,,
0.0,1252,20.0,28,23689,817,109.55479623000002,0.009999999776482582,45376,32.74611759185791,-472.3509826660156,0.0003,,,
0.0,1256,20.0,28,23769,820,110.85762017,0.009999999776482582,45536,37.790985107421875,-474.2056579589844,0.0003,,,
0.0,1260,20.0,28,23849,822,110.79236203999999,0.009999999776482582,45696,10.493949890136719,-477.4248352050781,0.0003,,,
0.0,1264,20.0,28,23929,825,110.93306201999998,0.009999999776482582,45856,66.52169799804688,-482.2367401123047,0.0003,,,
0.0,1268,20.0,28,24009,832,110.89732714999998,0.009999999776482582,46016,18.65065097808838,-482.05133056640625,0.0003,127.6496768309897,0.05,19.3
0.0,1272,20.0,28,24089,834,110.42839558,0.009999999776482582,46176,25.41115951538086,-481.0934753417969,0.0003,,,
0.0,1276,20.0,28,24169,837,110.08982779999998,0.009999999776482582,46336,126.43967342376709,-482.4842224121094,0.0003,,,
0.0,1280,20.0,28,24249,839,110.22204998,0.009999999776482582,46496,11.612058162689209,-480.89329528808594,0.0003,,,
0.0,1284,20.0,28,24329,842,110.41625467999998,0.009999999776482582,46656,266.3908920288086,-488.3326110839844,0.0003,,,
0.0,1288,20.0,28,24409,844,110.65279795999999,0.009999999776482582,46816,146.57880783081055,-485.2059326171875,0.0003,,,
0.0,1292,20.0,28,24489,847,110.90657182,0.009999999776482582,46976,109.9020881652832,-485.3495330810547,0.0003,,,
0.0,1296,20.0,28,24569,849,111.18923647,0.009999999776482582,47136,23.406365394592285,-488.0029754638672,0.0003,,,
0.0,1300,20.0,28,24649,851,111.42052608999998,0.009999999776482582,47296,19.057887077331543,-489.7244873046875,0.0003,,,
0.0,1304,20.0,28,24729,854,110.92220478000002,0.009999999776482582,47456,72.29887199401855,-488.7333221435547,0.0003,,,
0.0,1308,20.0,28,24809,856,111.24123683999997,0.009999999776482582,47616,56.351675033569336,-491.5844421386719,0.0003,,,
0.01,1312,19.93,28,24882,859,114.58067908999999,0.009999999776482582,47762,35.09343671798706,-489.6201171875,0.0003,,,
0.01,1316,19.93,28,24962,861,114.62283208000001,0.009999999776482582,47922,106.73541975021362,-489.3535919189453,0.0003,,,
0.01,1320,19.93,28,25042,864,114.9172659,0.009999999776482582,48082,16.029938220977783,-492.5587615966797,0.0003,,,
0.01,1324,19.93,28,25122,866,115.19155283000002,0.009999999776482582,48242,9.304120063781738,-495.18414306640625,0.0003,,,
0.01,1328,19.93,28,25202,869,115.42623567000001,0.009999999776482582,48402,54.162166595458984,-493.7070007324219,0.0003,,,
0.01,1332,19.93,29,25282,871,115.85202523999999,0.009999999776482582,48562,56.683146476745605,-499.87274169921875,0.0003,,,
0.01,1336,19.93,29,25362,873,116.02483346000001,0.009999999776482582,48722,165.04969024658203,-499.6227111816406,0.0003,,,
0.01,1340,19.93,29,25442,876,116.62371121999996,0.009999999776482582,48882,117.71238994598389,-498.3866729736328,0.0003,,,
0.01,1344,19.93,29,25522,879,116.93462888,0.009999999776482582,49042,25.628560066223145,-498.3209228515625,0.0003,,,
0.01,1348,19.93,29,25602,881,116.8864461,0.009999999776482582,49202,71.34863471984863,-500.25360107421875,0.0003,,,
0.01,1352,19.93,29,25682,884,116.36776171999996,0.009999999776482582,49362,75.3070559501648,-502.82289123535156,0.0003,,,
0.01,1356,19.93,29,25762,886,116.31319941,0.009999999776482582,49522,15.366598129272461,-499.94847106933594,0.0003,,,
0.01,1360,19.93,29,25842,889,116.53779622000002,0.009999999776482582,49682,99.23242950439453,-508.64788818359375,0.0003,,,
0.01,1364,19.93,29,25922,891,116.44041404,0.009999999776482582,49842,45.05155372619629,-510.30467224121094,0.0003,,,
0.01,1368,19.93,28,26002,899,116.33320987999997,0.009999999776482582,50002,46.93914794921875,-508.5644989013672,0.0003,113.63680286858862,0.0,20.0
0.01,1372,19.93,28,26082,901,116.77170144,0.009999999776482582,50162,77.80123138427734,-508.31715393066406,0.0003,,,
0.01,1376,19.93,28,26162,903,116.51208703999998,0.009999999776482582,50322,54.67505645751953,-511.23614501953125,0.0003,,,
0.01,1380,19.93,28,26242,906,116.61942833,0.009999999776482582,50482,8.220799684524536,-509.34959411621094,0.0003,,,
0.01,1384,19.93,28,26322,908,116.8281773,0.009999999776482582,50642,36.05505847930908,-510.49603271484375,0.0003,,,
0.01,1388,19.93,28,26402,911,116.62836827999999,0.009999999776482582,50802,137.0382423400879,-511.0500030517578,0.0003,,,
0.03,1392,19.66,28,26455,912,118.52778093,0.009999999776482582,50908,80.5504035949707,-514.3816528320312,0.0003,,,
0.03,1396,19.66,28,26535,915,117.89267756000002,0.009999999776482582,51068,63.15436553955078,-510.92486572265625,0.0003,,,
0.03,1400,19.66,28,26615,917,118.51260383,0.009999999776482582,51228,80.94219398498535,-512.6187438964844,0.0003,,,
0.03,1404,19.66,29,26695,920,119.05202352,0.009999999776482582,51388,38.57792091369629,-518.0274658203125,0.0003,,,
0.03,1408,19.66,29,26775,922,119.13578002000003,0.009999999776482582,51548,12.957385063171387,-518.8969421386719,0.0003,,,
0.02,1412,19.73,29,26855,925,117.3391793,0.009999999776482582,51708,122.75820541381836,-515.4498901367188,0.0003,,,
0.02,1416,19.73,29,26935,927,117.34326918000001,0.009999999776482582,51868,64.81957054138184,-518.6400451660156,0.0003,,,
0.02,1420,19.73,29,27015,930,117.02391628000001,0.009999999776482582,52028,57.221259117126465,-516.8006286621094,0.0003,,,
0.02,1424,19.73,29,27095,932,117.23772337999999,0.009999999776482582,52188,105.95221996307373,-521.4051208496094,0.0003,,,
0.02,1428,19.73,29,27175,935,117.10202272000001,0.009999999776482582,52348,14.512076377868652,-519.1659240722656,0.0003,,,
0.02,1432,19.73,29,27255,937,116.55273682,0.009999999776482582,52508,11.290311813354492,-521.1193542480469,0.0003,,,
0.02,1436,19.73,29,27335,940,116.47023588,0.009999999776482582,52668,11.995977401733398,-518.9400634765625,0.0003,,,
0.02,1440,19.73,29,27415,942,115.88730908999997,0.009999999776482582,52828,7.2168028354644775,-523.0400390625,0.0003,,,
0.02,1444,19.73,29,27495,945,115.22292091999998,0.009999999776482582,52988,10.94919204711914,-520.9424133300781,0.0003,,,
0.02,1448,19.73,29,27575,947,115.34886123000003,0.009999999776482582,53148,88.92305707931519,-521.0128173828125,0.0003,,,
0.02,1452,19.73,29,27655,950,115.84062598,0.009999999776482582,53308,18.025325775146484,-526.36962890625,0.0003,,,
0.02,1456,19.73,29,27735,952,116.16385360999999,0.009999999776482582,53468,108.58975601196289,-526.0874938964844,0.0003,,,
0.02,1460,19.73,29,27815,955,115.6733816,0.009999999776482582,53628,173.82239532470703,-521.6549072265625,0.0003,,,
0.02,1464,19.73,29,27895,957,115.62813872999999,0.009999999776482582,53788,23.108900547027588,-524.6746215820312,0.0003,,,
0.02,1468,19.73,29,27975,960,116.01394433000002,0.009999999776482582,53948,13.741823196411133,-524.8903503417969,0.0003,,,
0.02,1472,19.73,28,28055,967,116.14547454000001,0.009999999776482582,54108,8.732081890106201,-523.176025390625,0.0003,112.99154767783298,0.05,19.35
0.03,1476,19.59,28,28121,969,117.50817116,0.009999999776482582,54240,151.04752731323242,-526.4385986328125,0.0003,,,
0.03,1480,19.59,29,28201,972,117.32501091000002,0.009999999776482582,54400,85.05622863769531,-527.2339782714844,0.0003,,,
0.03,1484,19.59,29,28281,974,115.94168507000002,0.009999999776482582,54560,38.42733669281006,-531.8461608886719,0.0003,,,
0.03,1488,19.59,29,28361,977,115.94347238999998,0.009999999776482582,54720,8.21544098854065,-527.8182983398438,0.0003,,,
0.01,1492,19.86,29,28441,979,112.91077553999997,0.009999999776482582,54880,215.11731338500977,-528.7988586425781,0.0003,,,
0.01,1496,19.86,29,28521,981,113.07280097,0.009999999776482582,55040,183.64022207260132,-531.39453125,0.0003,,,
0.01,1500,19.86,29,28601,984,112.92299283000003,0.009999999776482582,55200,37.063880920410156,-533.244873046875,0.0003,,,
0.02,1504,19.73,29,28668,986,114.17348711999999,0.009999999776482582,55334,188.28499794006348,-532.1326293945312,0.0003,,,
0.02,1508,19.73,29,28748,988,113.98170666999998,0.009999999776482582,55494,157.89759254455566,-528.5249633789062,0.0003,,,
0.02,1512,19.73,29,28828,991,114.17524488999997,0.009999999776482582,55654,150.0555191040039,-532.0326538085938,0.0003,,,
0.02,1516,19.73,29,28908,993,113.91990114000002,0.009999999776482582,55814,55.5367910861969,-534.9945678710938,0.0003,,,
0.02,1520,19.73,29,28988,996,112.53631903999998,0.009999999776482582,55974,30.543519973754883,-532.3930969238281,0.0003,,,
0.02,1524,19.73,29,29068,998,112.58046038999997,0.009999999776482582,56134,275.0192530155182,-531.7445373535156,0.0003,,,
0.02,1528,19.73,29,29148,1001,111.79814274,0.009999999776482582,56294,148.60986137390137,-533.9690856933594,0.0003,,,
0.02,1532,19.73,29,29228,1003,111.44907687000001,0.009999999776482582,56454,12.924461841583252,-531.3499145507812,0.0003,,,
0.02,1536,19.73,29,29308,1006,111.18246146,0.009999999776482582,56614,12.279522180557251,-538.1509094238281,0.0003,,,
0.02,1540,19.73,29,29388,1008,111.46995394000001,0.009999999776482582,56774,169.65277814865112,-537.3703308105469,0.0003,,,
0.02,1544,19.73,29,29468,1011,111.56195150999999,0.009999999776482582,56934,68.1822247505188,-536.69091796875,0.0003,,,
0.02,1548,19.73,29,29548,1013,111.32821048,0.009999999776482582,57094,49.460811614990234,-538.4436645507812,0.0003,,,
0.02,1552,19.73,29,29628,1016,111.29677165999999,0.009999999776482582,57254,15.431071281433105,-538.6045227050781,0.0003,,,
0.02,1556,19.73,29,29708,1018,110.81176732999998,0.009999999776482582,57414,27.522859573364258,-534.4500732421875,0.0003,,,
0.02,1560,19.73,29,29788,1021,111.65500951,0.009999999776482582,57574,12.894223690032959,-540.2432250976562,0.0003,,,
0.02,1564,19.73,29,29868,1023,111.70794603,0.009999999776482582,57734,105.24792385101318,-537.8298034667969,0.0003,,,
0.02,1568,19.73,29,29948,1026,110.83685580999997,0.009999999776482582,57894,15.323175430297852,-540.3964233398438,0.0003,,,
0.02,1572,19.73,29,30028,1033,110.59447497000001,0.009999999776482582,58054,11.622111320495605,-539.970947265625,0.0003,112.0710292159727,0.0,20.0
0.01,1576,19.87,29,30108,1036,109.91853155000003,0.009999999776482582,58214,84.2598705291748,-540.5574951171875,0.0003,,,
0.01,1580,19.87,29,30188,1038,109.61784728,0.009999999776482582,58374,206.48086214065552,-540.0108642578125,0.0003,,,
0.01,1584,19.87,29,30268,1041,110.91162203999998,0.009999999776482582,58534,53.971126556396484,-543.6659545898438,0.0003,,,
0.01,1588,19.87,29,30348,1043,110.75562588999998,0.009999999776482582,58694,11.344281673431396,-543.6914978027344,0.0003,,,
0.01,1592,19.87,29,30428,1046,111.68777255999997,0.009999999776482582,58854,101.17078399658203,-544.6676330566406,0.0003,,,
0.01,1596,19.87,29,30508,1048,111.79699943999998,0.009999999776482582,59014,278.10382080078125,-542.1271667480469,0.0003,,,
0.01,1600,19.87,29,30588,1050,111.96387272999999,0.009999999776482582,59174,50.47220516204834,-544.9777526855469,0.0003,,,
0.0,1604,20.0,29,30668,1053,110.8533705,0.009999999776482582,59334,153.5514678955078,-545.5106811523438,0.0003,,,
0.0,1608,20.0,29,30748,1055,111.04984041000002,0.009999999776482582,59494,125.86335372924805,-545.7447509765625,0.0003,,,
0.0,1612,20.0,29,30828,1058,110.11667103000002,0.009999999776482582,59654,13.193889141082764,-545.1619262695312,0.0003,,,
0.0,1616,20.0,29,30908,1060,110.03085209000001,0.009999999776482582,59814,242.4093017578125,-546.7870483398438,0.0003,,,
0.0,1620,20.0,29,30988,1063,111.84850480000001,0.009999999776482582,59974,97.05364227294922,-548.1805725097656,0.0003,,,
0.0,1624,20.0,29,31068,1065,111.69106211999998,0.009999999776482582,60134,14.237691879272461,-548.0408630371094,0.0003,,,
0.0,1628,20.0,29,31148,1068,111.64758560000001,0.009999999776482582,60294,40.397653579711914,-548.7496032714844,0.0003,,,
0.0,1632,20.0,29,31228,1070,112.82598002,0.009999999776482582,60454,141.11254501342773,-546.1535034179688,0.0003,,,
0.0,1636,20.0,29,31308,1073,112.98600336999999,0.009999999776482582,60614,205.68972778320312,-551.5443420410156,0.0003,,,
0.0,1640,20.0,29,31388,1075,113.31249245999997,0.009999999776482582,60774,22.69518280029297,-549.7148742675781,0.0003,,,
0.0,1644,20.0,29,31468,1078,113.73619973999998,0.009999999776482582,60934,48.57447052001953,-550.2474060058594,0.0003,,,
0.0,1648,20.0,29,31548,1080,113.15646668000001,0.009999999776482582,61094,28.30549955368042,-551.5668640136719,0.0003,,,
0.01,1652,19.88,29,31616,1082,114.66483635,0.009999999776482582,61230,15.53409481048584,-551.2709655761719,0.0003,,,
0.01,1656,19.88,29,31696,1085,113.98347076,0.009999999776482582,61390,51.14919948577881,-556.8216857910156,0.0003,,,
0.01,1660,19.88,29,31776,1087,112.95126515000001,0.009999999776482582,61550,20.93300485610962,-553.9466552734375,0.0003,,,
0.01,1664,19.88,29,31856,1089,112.77369196999999,0.009999999776482582,61710,287.5614490509033,-550.6589660644531,0.0003,,,
0.01,1668,19.88,29,31936,1092,113.5596989,0.009999999776482582,61870,31.35755443572998,-555.760498046875,0.0003,,,
0.01,1672,19.88,29,32016,1099,113.47098569999999,0.009999999776482582,62030,330.2563247680664,-552.3760375976562,0.0003,110.01569622231257,0.0,20.0
0.01,1676,19.88,29,32096,1102,113.40729861,0.009999999776482582,62190,215.6341233253479,-553.4391784667969,0.0003,,,
0.01,1680,19.88,29,32176,1104,113.87391487999999,0.009999999776482582,62350,122.40309858322144,-555.662109375,0.0003,,,
0.01,1684,19.88,29,32256,1107,113.94241531,0.009999999776482582,62510,10.529129028320312,-555.0332641601562,0.0003,,,
0.01,1688,19.88,29,32336,1109,114.08273097000001,0.009999999776482582,62670,9.125611066818237,-556.0691528320312,0.0003,,,
0.01,1692,19.88,29,32416,1112,113.42196402000002,0.009999999776482582,62830,235.23966598510742,-554.8842468261719,0.0003,,,
0.01,1696,19.88,29,32496,1114,113.45489547999998,0.009999999776482582,62990,90.72759246826172,-557.5872192382812,0.0003,,,
0.03,1700,19.62,29,32550,1116,116.00622574,0.009999999776482582,63098,96.92730045318604,-556.0940246582031,0.0003,,,
0.03,1704,19.62,29,32630,1118,115.93488893999998,0.009999999776482582,63258,9.434933185577393,-556.4561157226562,0.0003,,,
0.04,1708,19.47,29,32695,1120,117.00585258,0.009999999776482582,63388,5.951031684875488,-558.29248046875,0.0003,,,
0.04,1712,19.47,29,32775,1123,117.83400582999998,0.009999999776482582,63548,9.902943134307861,-558.1387634277344,0.0003,,,
0.04,1716,19.47,29,32855,1126,117.83422077000003,0.009999999776482582,63708,316.5459051132202,-560.5302734375,0.0003,,,
0.04,1720,19.47,29,32935,1128,117.61127361999999,0.009999999776482582,63868,62.8055362701416,-560.7715759277344,0.0003,,,
0.04,1724,19.47,29,33015,1131,117.04358445,0.009999999776482582,64028,28.291357040405273,-557.7013549804688,0.0003,,,
0.04,1728,19.47,29,33095,1133,117.68146009999998,0.009999999776482582,64188,23.728327751159668,-561.6322021484375,0.0003,,,
0.04,1732,19.47,29,33175,1136,117.41616537000002,0.009999999776482582,64348,152.73463821411133,-560.8753356933594,0.0003,,,
0.04,1736,19.47,29,33255,1138,117.48656871000001,0.009999999776482582,64508,7.641872406005859,-562.3646850585938,0.0003,,,
0.04,1740,19.47,29,33335,1141,116.75674063999999,0.009999999776482582,64668,100.40294647216797,-562.2771911621094,0.0003,,,
0.04,1744,19.47,29,33415,1143,117.09614843000001,0.009999999776482582,64828,52.643280029296875,-563.5062866210938,0.0003,,,
0.05,1748,19.34,29,33482,1145,118.28259294000001,0.009999999776482582,64962,51.76014518737793,-562.7413940429688,0.0003,,,
0.04,1752,19.46,29,33562,1148,117.08087413000001,0.009999999776482582,65122,24.63482904434204,-561.2170715332031,0.0003,,,
0.04,1756,19.46,29,33642,1150,118.12614965,0.009999999776482582,65282,66.74448442459106,-562.7646789550781,0.0003,,,
0.04,1760,19.46,29,33722,1153,117.79167421,0.009999999776482582,65442,21.44468641281128,-567.3727416992188,0.0003,,,
0.04,1764,19.46,29,33802,1155,117.87270773999998,0.009999999776482582,65602,264.4046630859375,-564.2647399902344,0.0003,,,
0.04,1768,19.46,29,33882,1158,117.4306015,0.009999999776482582,65762,53.658921241760254,-563.8936157226562,0.0003,,,
0.04,1772,19.46,29,33962,1160,117.54936722000002,0.009999999776482582,65922,12.197702884674072,-565.0400390625,0.0003,,,
0.04,1776,19.46,29,34042,1168,117.54382423000001,0.009999999776482582,66082,26.482516765594482,-564.2155456542969,0.0003,105.06932568378568,0.0,20.0
0.04,1780,19.46,29,34122,1170,117.37319983000002,0.009999999776482582,66242,218.43922901153564,-566.2584838867188,0.0003,,,
0.04,1784,19.46,29,34202,1173,117.49088703000002,0.009999999776482582,66402,267.1414337158203,-565.9573059082031,0.0003,,,
0.04,1788,19.46,29,34282,1175,117.36970196000001,0.009999999776482582,66562,45.11733913421631,-566.2901916503906,0.0003,,,
0.04,1792,19.46,29,34362,1178,117.91851015999998,0.009999999776482582,66722,171.1633186340332,-564.8287658691406,0.0003,,,
0.04,1796,19.46,29,34442,1180,117.98746811999997,0.009999999776482582,66882,196.46566009521484,-565.7138671875,0.0003,,,
0.02,1800,19.72,29,34522,1183,114.68442129999998,0.009999999776482582,67042,13.249191284179688,-568.21240234375,0.0003,,,
0.02,1804,19.72,29,34602,1185,114.54375488000001,0.009999999776482582,67202,35.67113399505615,-569.2042236328125,0.0003,,,
0.01,1808,19.87,29,34682,1188,113.11617123999997,0.009999999776482582,67362,39.41731834411621,-566.3261108398438,0.0003,,,
0.01,1812,19.87,29,34762,1190,113.03971016999999,0.009999999776482582,67522,12.16358757019043,-570.2810668945312,0.0003,,,
0.01,1816,19.87,29,34842,1193,113.00860775999999,0.009999999776482582,67682,71.08567237854004,-568.5771789550781,0.0003,,,
0.01,1820,19.87,29,34922,1195,112.98980189000002,0.009999999776482582,67842,24.274779319763184,-569.3728942871094,0.0003,,,
0.01,1824,19.87,29,35002,1197,113.55150292,0.009999999776482582,68002,16.052588939666748,-569.9151000976562,0.0003,,,
0.01,1828,19.87,29,35082,1200,113.30498459999998,0.009999999776482582,68162,11.387802839279175,-568.84521484375,0.0003,,,
0.01,1832,19.87,29,35162,1203,112.72820476000001,0.009999999776482582,68322,116.62725067138672,-571.7918395996094,0.0003,,,
0.01,1836,19.87,29,35242,1205,112.57347128,0.009999999776482582,68482,15.292891502380371,-569.0007934570312,0.0003,,,
0.01,1840,19.87,29,35322,1208,113.20581833,0.009999999776482582,68642,9.887147903442383,-572.1055603027344,0.0003,,,
0.01,1844,19.87,29,35402,1210,112.97780643000002,0.009999999776482582,68802,8.851798057556152,-570.709716796875,0.0003,,,
0.0,1848,20.0,29,35482,1212,111.78819761999999,0.009999999776482582,68962,27.673550605773926,-570.9660339355469,0.0003,,,
0.0,1852,20.0,29,35562,1215,111.02302344999998,0.009999999776482582,69122,35.18798875808716,-571.0871276855469,0.0003,,,
0.0,1856,20.0,29,35642,1217,110.06836807999998,0.009999999776482582,69282,21.675025939941406,-571.55419921875,0.0003,,,
0.0,1860,20.0,29,35722,1220,110.25130328999998,0.009999999776482582,69442,12.307546615600586,-572.48583984375,0.0003,,,
0.0,1864,20.0,29,35802,1222,110.33513782999998,0.009999999776482582,69602,20.08255958557129,-572.3841247558594,0.0003,,,
0.0,1868,20.0,29,35882,1225,110.55599884000003,0.009999999776482582,69762,11.816961288452148,-574.3529663085938,0.0003,,,
0.0,1872,20.0,29,35962,1227,110.65053282999999,0.009999999776482582,69922,101.48878479003906,-573.4362487792969,0.0003,,,
0.0,1876,20.0,29,36042,1235,110.17538628999999,0.009999999776482582,70082,283.0245590209961,-572.4483642578125,0.0003,109.48740256115755,0.0,20.0
0.0,1880,20.0,29,36122,1237,110.18657995999997,0.009999999776482582,70242,86.4247817993164,-573.2041625976562,0.0003,,,
0.0,1884,20.0,29,36202,1240,110.02522541999998,0.009999999776482582,70402,187.80457305908203,-572.7116088867188,0.0003,,,
0.0,1888,20.0,29,36282,1242,110.08912518000001,0.009999999776482582,70562,6.366316556930542,-575.8536682128906,0.0003,,,
0.0,1892,20.0,29,36362,1245,110.03542371999998,0.009999999776482582,70722,8.73390531539917,-576.6810607910156,0.0003,,,
0.0,1896,20.0,29,36442,1248,109.98447735999997,0.009999999776482582,70882,7.1869072914123535,-573.7510375976562,0.0003,,,
0.0,1900,20.0,29,36522,1251,110.25673999,0.009999999776482582,71042,22.91504144668579,-576.2742919921875,0.0003,,,
0.0,1904,20.0,29,36602,1254,109.62009634,0.009999999776482582,71202,438.1183581352234,-573.8751220703125,0.0003,,,
0.0,1908,20.0,29,36682,1257,110.03630780999998,0.009999999776482582,71362,10.972166538238525,-574.9483337402344,0.0003,,,
0.0,1912,20.0,29,36762,1260,110.00520051000001,0.009999999776482582,71522,38.73857593536377,-575.085205078125,0.0003,,,
0.0,1916,20.0,29,36842,1262,110.36345290999999,0.009999999776482582,71682,70.69046592712402,-576.0678100585938,0.0003,,,
0.0,1920,20.0,29,36922,1265,110.27066888000002,0.009999999776482582,71842,9.880003452301025,-577.9216003417969,0.0003,,,
0.0,1924,20.0,29,37002,1269,110.51913392,0.009999999776482582,72002,246.2073211669922,-577.966552734375,0.0003,,,
0.0,1928,20.0,29,37082,1272,110.92200558999997,0.009999999776482582,72162,8.581099033355713,-577.6456298828125,0.0003,,,
0.0,1932,20.0,29,37162,1275,111.54983694000002,0.009999999776482582,72322,64.7357029914856,-574.4248352050781,0.0003,,,
0.01,1936,20.0,29,37242,1277,113.78285040999998,0.009999999776482582,72482,24.14577865600586,-574.4590759277344,0.0003,,,
0.01,1940,20.0,29,37322,1280,113.91450438,0.009999999776482582,72642,8.156230449676514,-577.3913269042969,0.0003,,,
0.01,1944,20.0,29,37402,1283,113.88924389999998,0.009999999776482582,72802,5.9970784187316895,-578.6109008789062,0.0003,,,
0.01,1948,20.0,29,37482,1286,114.33562539,0.009999999776482582,72962,44.777745723724365,-578.8539733886719,0.0003,,,
0.01,1952,20.0,29,37562,1289,114.82626067000001,0.009999999776482582,73122,10.23744010925293,-577.5648498535156,0.0003,,,
0.01,1956,20.0,29,37642,1291,115.21589182,0.009999999776482582,73282,7.206602096557617,-578.3434448242188,0.0003,,,
0.01,1960,20.0,29,37722,1294,116.11556012999999,0.009999999776482582,73442,40.560269355773926,-578.4294738769531,0.0003,,,
0.01,1964,20.0,29,37802,1296,115.53272891,0.009999999776482582,73602,71.68737363815308,-578.0768432617188,0.0003,,,
0.01,1968,20.0,29,37882,1299,115.2543193,0.009999999776482582,73762,363.67601776123047,-579.5109252929688,0.0003,,,
0.01,1972,20.0,29,37962,1302,115.18140323000002,0.009999999776482582,73922,84.20309782028198,-580.2861022949219,0.0003,,,
0.01,1976,20.0,29,38042,1309,115.70014316000001,0.009999999776482582,74082,267.73257780075073,-578.196533203125,0.0003,110.93892066982934,0.0,20.0
0.01,1980,20.0,29,38122,1312,115.70944277000001,0.009999999776482582,74242,248.74463367462158,-580.6426086425781,0.0003,,,
0.01,1984,20.0,29,38202,1315,115.38689776,0.009999999776482582,74402,29.828229665756226,-579.398681640625,0.0003,,,
0.01,1988,20.0,29,38282,1317,114.94023109,0.009999999776482582,74562,26.83524513244629,-579.8929443359375,0.0003,,,
0.01,1992,20.0,29,38362,1320,114.93235121999999,0.009999999776482582,74722,10.778277397155762,-578.6445007324219,0.0003,,,
0.01,1996,20.0,29,38442,1323,114.82168135000002,0.009999999776482582,74882,20.09593963623047,-579.6869201660156,0.0003,,,
0.01,2000,20.0,29,38522,1325,114.87972319,0.009999999776482582,75042,17.08838653564453,-580.6439819335938,0.0003,,,
0.01,2004,20.0,29,38602,1328,115.38201018999999,0.009999999776482582,75202,35.36875057220459,-581.3144836425781,0.0003,,,
0.01,2008,20.0,29,38682,1330,114.44266269000002,0.009999999776482582,75362,206.15747833251953,-579.8767700195312,0.0003,,,
0.01,2012,20.0,29,38762,1333,113.62120644999999,0.009999999776482582,75522,186.6729278564453,-582.3526611328125,0.0003,,,
0.01,2016,20.0,29,38842,1335,113.38247573000001,0.009999999776482582,75682,113.75252532958984,-580.8885803222656,0.0003,,,
0.01,2020,20.0,29,38922,1338,113.29842995999999,0.009999999776482582,75842,81.24685096740723,-580.2166442871094,0.0003,,,
0.02,2024,19.85,29,38987,1340,112.57681328999999,0.009999999776482582,75972,24.621339797973633,-581.2934875488281,0.0003,,,
0.02,2028,19.85,29,39067,1342,112.38085885000001,0.009999999776482582,76132,41.427568435668945,-581.5510559082031,0.0003,,,
0.02,2032,19.85,29,39147,1345,111.72889684,0.009999999776482582,76292,14.741007804870605,-581.7485656738281,0.0003,,,
0.01,2036,19.85,29,39227,1348,109.31035860000001,0.009999999776482582,76452,253.92290782928467,-580.8518981933594,0.0003,,,
0.01,2040,19.85,29,39307,1350,107.76777013,0.009999999776482582,76612,12.606321811676025,-583.5492553710938,0.0003,,,
0.01,2044,19.85,29,39387,1353,107.08624698999998,0.009999999776482582,76772,16.061762809753418,-584.625732421875,0.0003,,,
0.01,2048,19.85,29,39467,1355,106.69776504000001,0.009999999776482582,76932,257.1834831237793,-583.9725952148438,0.0003,,,
0.01,2052,19.85,29,39547,1358,106.65487165999998,0.009999999776482582,77092,27.101524353027344,-582.3805236816406,0.0003,,,
0.01,2056,19.85,29,39627,1361,106.57612180000002,0.009999999776482582,77252,5.642882347106934,-584.8995361328125,0.0003,,,
0.01,2060,19.85,29,39707,1364,105.89703200999999,0.009999999776482582,77412,70.33499526977539,-582.5442810058594,0.0003,,,
0.01,2064,19.85,29,39787,1366,106.20262779999999,0.009999999776482582,77572,138.49584102630615,-585.3208923339844,0.0003,,,
0.01,2068,19.85,29,39867,1369,104.92913133999998,0.009999999776482582,77732,7.612151384353638,-584.5360717773438,0.0003,,,
0.01,2072,19.85,29,39947,1372,104.98504648999999,0.009999999776482582,77892,8.879705429077148,-583.3220825195312,0.0003,,,
0.01,2076,19.85,29,40027,1379,103.52671101000001,0.009999999776482582,78052,30.39677906036377,-585.7019653320312,0.0003,102.64481181499966,0.0,20.0
0.01,2080,19.85,29,40107,1382,103.16576732,0.009999999776482582,78212,122.61970138549805,-586.6621704101562,0.0003,,,
0.01,2084,19.85,29,40187,1384,103.3337109,0.009999999776482582,78372,32.2618613243103,-584.5693359375,0.0003,,,
0.01,2088,19.85,29,40267,1387,103.17398402,0.009999999776482582,78532,43.181904315948486,-584.0833129882812,0.0003,,,
0.01,2092,19.85,29,40347,1389,103.32001075,0.009999999776482582,78692,30.056623458862305,-583.4032287597656,0.0003,,,
0.01,2096,19.85,29,40427,1392,103.33642929,0.009999999776482582,78852,8.11433744430542,-585.6402587890625,0.0003,,,
0.01,2100,19.85,29,40507,1395,103.11208010999997,0.009999999776482582,79012,7.823267221450806,-585.8477783203125,0.0003,,,
0.01,2104,19.85,29,40587,1397,102.97770745,0.009999999776482582,79172,27.06227397918701,-584.0374145507812,0.0003,,,
0.01,2108,19.85,29,40667,1400,103.77593428,0.009999999776482582,79332,5.2686991691589355,-586.171142578125,0.0003,,,
0.01,2112,19.85,29,40747,1402,104.45529379,0.009999999776482582,79492,93.39537048339844,-586.4161376953125,0.0003,,,
0.01,2116,19.85,29,40827,1405,104.33039204999999,0.009999999776482582,79652,259.58964228630066,-584.9588928222656,0.0003,,,
0.01,2120,19.85,29,40907,1407,104.00211614999998,0.009999999776482582,79812,63.576059103012085,-585.2629089355469,0.0003,,,
0.0,2124,20.0,29,40987,1410,103.68872391,0.009999999776482582,79972,22.656572341918945,-586.9359130859375,0.0003,,,
0.0,2128,20.0,29,41067,1413,103.53224951,0.009999999776482582,80132,247.60811591148376,-586.0089111328125,0.0003,,,
0.0,2132,20.0,29,41147,1415,104.07320278000002,0.009999999776482582,80292,35.22437858581543,-586.0693054199219,0.0003,,,
0.0,2136,20.0,29,41227,1418,104.44700962,0.009999999776482582,80452,251.46911430358887,-587.7103576660156,0.0003,,,
0.0,2140,20.0,29,41307,1420,105.85005182,0.009999999776482582,80612,14.28900957107544,-587.0645751953125,0.0003,,,
0.0,2144,20.0,29,41387,1423,106.56480638,0.009999999776482582,80772,21.888415336608887,-587.8798828125,0.0003,,,
0.0,2148,20.0,29,41467,1426,107.11929570000002,0.009999999776482582,80932,19.185302734375,-587.6583557128906,0.0003,,,
0.0,2152,20.0,29,41547,1429,107.47698634999999,0.009999999776482582,81092,136.71705627441406,-589.0204772949219,0.0003,,,
0.0,2156,20.0,29,41627,1431,107.79796673999999,0.009999999776482582,81252,211.26470041275024,-587.2835998535156,0.0003,,,
0.0,2160,20.0,29,41707,1434,108.43431378000001,0.009999999776482582,81412,7.796825885772705,-590.8006286621094,0.0003,,,
0.0,2164,20.0,29,41787,1437,107.86818964999999,0.009999999776482582,81572,62.27891540527344,-589.4113159179688,0.0003,,,
0.0,2168,20.0,29,41867,1439,109.47510714,0.009999999776482582,81732,36.367342472076416,-587.615234375,0.0003,,,
0.01,2172,19.93,29,41940,1442,110.83378542000003,0.009999999776482582,81878,319.6907196044922,-586.6067504882812,0.0003,,,
0.01,2176,19.93,28,42020,1449,112.37788568000002,0.009999999776482582,82038,77.2169098854065,-590.3048095703125,0.0003,99.7738754436829,0.0,20.0
0.01,2180,19.93,28,42100,1452,113.04859627000002,0.009999999776482582,82198,147.70197296142578,-585.9928283691406,0.0003,,,
0.01,2184,19.93,28,42180,1454,113.32585056000002,0.009999999776482582,82358,134.36009216308594,-590.9216003417969,0.0003,,,
0.01,2188,19.93,28,42260,1457,113.03405607,0.009999999776482582,82518,252.1275134086609,-589.6212463378906,0.0003,,,
0.01,2192,19.93,28,42340,1460,112.89124662000002,0.009999999776482582,82678,9.766453504562378,-590.6910705566406,0.0003,,,
0.01,2196,19.93,29,42420,1462,112.84461947,0.009999999776482582,82838,30.052876472473145,-590.3081359863281,0.0003,,,
0.01,2200,19.93,29,42500,1465,113.50173740999999,0.009999999776482582,82998,11.790903091430664,-590.8330688476562,0.0003,,,
0.01,2204,19.93,29,42580,1467,113.83118781999998,0.009999999776482582,83158,76.52367782592773,-591.3859252929688,0.0003,,,
0.01,2208,19.93,29,42660,1470,113.12949156,0.009999999776482582,83318,11.331546783447266,-591.0904846191406,0.0003,,,
0.01,2212,19.93,29,42740,1472,113.37381501999998,0.009999999776482582,83478,24.908884048461914,-591.5957336425781,0.0003,,,
0.01,2216,19.93,29,42820,1475,112.23413946999999,0.009999999776482582,83638,280.31747937202454,-590.20703125,0.0003,,,
0.01,2220,19.93,29,42900,1477,113.01264052999998,0.009999999776482582,83798,107.20064926147461,-592.6880798339844,0.0003,,,
0.02,2224,19.92,29,42979,1480,115.8782014,0.009999999776482582,83956,114.318115234375,-591.9983825683594,0.0003,,,
0.02,2228,19.92,29,43059,1482,116.38411728999999,0.009999999776482582,84116,52.147932052612305,-588.2218933105469,0.0003,,,
0.02,2232,19.92,29,43139,1485,115.20582008000002,0.009999999776482582,84276,8.960139751434326,-591.7856140136719,0.0003,,,
0.02,2236,19.92,29,43219,1487,115.04287190999999,0.009999999776482582,84436,26.53714656829834,-591.0386962890625,0.0003,,,
0.02,2240,19.92,29,43299,1490,115.14261889000001,0.009999999776482582,84596,280.6179828643799,-589.7771606445312,0.0003,,,
0.03,2244,19.88,29,43375,1493,116.82061909,0.009999999776482582,84748,22.886980056762695,-589.0761108398438,0.0003,,,
0.03,2248,19.88,29,43455,1495,116.413192,0.009999999776482582,84908,54.84128427505493,-590.5550537109375,0.0003,,,
0.03,2252,19.88,29,43535,1498,115.94885790000001,0.009999999776482582,85068,29.96045207977295,-590.3811645507812,0.0003,,,
0.03,2256,19.88,29,43615,1501,114.88998963999998,0.009999999776482582,85228,37.36216950416565,-592.174072265625,0.0003,,,
0.03,2260,19.88,29,43695,1503,115.23008245999999,0.009999999776482582,85388,37.599891662597656,-589.3257446289062,0.0003,,,
0.03,2264,19.88,29,43775,1506,116.34587769999999,0.009999999776482582,85548,30.640158653259277,-590.983154296875,0.0003,,,
0.03,2268,19.88,29,43855,1509,115.57651071000001,0.009999999776482582,85708,105.06854820251465,-590.5521850585938,0.0003,,,
0.02,2272,19.95,29,43935,1511,113.55781813,0.009999999776482582,85868,93.8708381652832,-592.7581787109375,0.0003,,,
0.02,2276,19.95,28,44015,1519,113.51250951999998,0.009999999776482582,86028,62.57265663146973,-589.6773376464844,0.0003,111.44838145368533,0.0,20.0
0.02,2280,19.95,28,44095,1521,112.98952856,0.009999999776482582,86188,233.94768905639648,-592.4398803710938,0.0003,,,
0.02,2284,19.95,28,44175,1524,112.62836698,0.009999999776482582,86348,47.28464126586914,-592.9900817871094,0.0003,,,
0.02,2288,19.95,28,44255,1526,113.25884995999999,0.009999999776482582,86508,106.3653016090393,-592.4976196289062,0.0003,,,
0.02,2292,19.95,28,44335,1529,112.98284077,0.009999999776482582,86668,16.912671089172363,-592.220458984375,0.0003,,,
0.02,2296,19.95,28,44415,1531,113.46774725999998,0.009999999776482582,86828,9.411168098449707,-594.5417785644531,0.0003,,,
0.02,2300,19.95,28,44495,1534,113.02898889000002,0.009999999776482582,86988,102.82116222381592,-590.9678344726562,0.0003,,,
0.02,2304,19.95,29,44575,1537,112.17699401000002,0.009999999776482582,87148,192.9528980255127,-591.4876403808594,0.0003,,,
0.02,2308,19.95,29,44655,1539,112.61565214999999,0.009999999776482582,87308,8.933694839477539,-594.4147033691406,0.0003,,,
0.02,2312,19.95,29,44735,1542,111.12479708000001,0.009999999776482582,87468,268.31601333618164,-588.770751953125,0.0003,,,
0.02,2316,19.95,29,44815,1544,112.58347263,0.009999999776482582,87628,46.24308776855469,-593.6835632324219,0.0003,,,
0.02,2320,19.95,29,44895,1547,111.20594750000001,0.009999999776482582,87788,10.407252311706543,-590.3228454589844,0.0003,,,
0.02,2324,19.96,29,44975,1549,111.4577823,0.009999999776482582,87948,308.6356372833252,-594.0812377929688,0.0003,,,
0.02,2328,19.96,29,45055,1552,111.29078722,0.009999999776482582,88108,33.75394248962402,-594.6292419433594,0.0003,,,
0.02,2332,19.96,29,45135,1555,112.57649471000005,0.009999999776482582,88268,42.84353065490723,-592.7759704589844,0.0003,,,
0.02,2336,19.96,29,45215,1557,112.68288696000002,0.009999999776482582,88428,19.174479961395264,-593.8733215332031,0.0003,,,
0.02,2340,19.96,29,45295,1559,113.03000953,0.009999999776482582,88588,96.36698913574219,-591.2441101074219,0.0003,,,
0.01,2344,20.0,29,45375,1562,111.66292935999999,0.009999999776482582,88748,72.65999460220337,-591.5481872558594,0.0003,,,
0.01,2348,20.0,29,45455,1565,112.24838691999999,0.009999999776482582,88908,43.71430206298828,-591.1887817382812,0.0003,,,
0.01,2352,20.0,29,45535,1567,112.67335775999999,0.009999999776482582,89068,9.32675838470459,-591.6402282714844,0.0003,,,
0.02,2356,19.96,29,45611,1570,115.62394534,0.009999999776482582,89220,18.055577278137207,-590.7940979003906,0.0003,,,
0.02,2360,19.96,29,45691,1572,115.62361677000001,0.009999999776482582,89380,269.3302516937256,-589.2461242675781,0.0003,,,
0.02,2364,19.96,29,45771,1575,115.48732791,0.009999999776482582,89540,23.241530895233154,-593.8549194335938,0.0003,,,
0.02,2368,19.96,29,45851,1577,115.99481064000001,0.009999999776482582,89700,128.20846319198608,-589.8482055664062,0.0003,,,
0.02,2372,19.96,29,45931,1580,116.55204386,0.009999999776482582,89860,55.00682830810547,-594.054443359375,0.0003,,,
0.02,2376,19.96,28,46011,1588,116.60674777,0.009999999776482582,90020,125.05494594573975,-593.9338073730469,0.0003,96.0109975355472,0.0,20.0
0.02,2380,19.96,28,46091,1590,116.72970001,0.009999999776482582,90180,11.056832313537598,-592.6200866699219,0.0003,,,
0.02,2384,19.96,28,46171,1593,117.15035510000001,0.009999999776482582,90340,7.344264268875122,-591.8538818359375,0.0003,,,
0.02,2388,19.96,28,46251,1595,117.77653191000002,0.009999999776482582,90500,15.02968168258667,-594.3502197265625,0.0003,,,
0.02,2392,19.96,28,46331,1598,118.15929483,0.009999999776482582,90660,8.677785873413086,-593.6097717285156,0.0003,,,
0.02,2396,19.96,28,46411,1600,118.16900030999999,0.009999999776482582,90820,251.33042907714844,-595.0546264648438,0.0003,,,
0.02,2400,19.96,29,46491,1603,117.68182949999999,0.009999999776482582,90980,25.19555425643921,-594.6783142089844,0.0003,,,
0.02,2404,19.96,29,46571,1605,118.74029288999998,0.009999999776482582,91140,248.44391345977783,-593.0829467773438,0.0003,,,
0.02,2408,19.96,29,46651,1608,118.92702037,0.009999999776482582,91300,12.775959491729736,-594.1445007324219,0.0003,,,
0.02,2412,19.96,29,46731,1610,119.17653652999999,0.009999999776482582,91460,124.71953201293945,-590.9432373046875,0.0003,,,
0.02,2416,19.96,29,46811,1613,119.70327668,0.009999999776482582,91620,202.23348426818848,-594.0552978515625,0.0003,,,
0.03,2420,19.89,29,46884,1615,122.45101943999998,0.009999999776482582,91766,234.35148191452026,-590.4152526855469,0.0003,,,
0.02,2424,19.89,29,46964,1618,120.03694035000001,0.009999999776482582,91926,18.743442058563232,-594.5692443847656,0.0003,,,
0.02,2428,19.89,29,47044,1620,120.06374149000001,0.009999999776482582,92086,39.694082260131836,-595.3717346191406,0.0003,,,
0.02,2432,19.89,29,47124,1623,119.46511011000001,0.009999999776482582,92246,52.150861740112305,-593.1300964355469,0.0003,,,
0.02,2436,19.89,29,47204,1625,119.40200172,0.009999999776482582,92406,55.25159931182861,-593.3942565917969,0.0003,,,
0.02,2440,19.89,29,47284,1628,119.28566734000002,0.009999999776482582,92566,220.40000915527344,-593.9044494628906,0.0003,,,
0.02,2444,19.89,29,47364,1630,118.8056538,0.009999999776482582,92726,16.1767315864563,-594.5353088378906,0.0003,,,
0.02,2448,19.89,29,47444,1633,119.11244791000001,0.009999999776482582,92886,27.194942474365234,-592.8924560546875,0.0003,,,
0.02,2452,19.89,29,47524,1635,119.16455203000001,0.009999999776482582,93046,22.44281005859375,-595.0904235839844,0.0003,,,
0.01,2456,19.93,29,47604,1638,117.76568458999998,0.009999999776482582,93206,311.9952640533447,-594.1571044921875,0.0003,,,
0.02,2460,19.91,29,47682,1640,119.65169666,0.009999999776482582,93362,36.88821268081665,-593.1293334960938,0.0003,,,
0.02,2464,19.91,29,47762,1643,119.82888884999998,0.009999999776482582,93522,155.16746520996094,-591.3995971679688,0.0003,,,
0.02,2468,19.91,29,47842,1646,120.12536592999997,0.009999999776482582,93682,36.24477529525757,-594.8481750488281,0.0003,,,
0.02,2472,19.91,29,47922,1648,120.05748162,0.009999999776482582,93842,44.81667184829712,-592.9524536132812,0.0003,,,
0.02,2476,19.91,28,48002,1656,119.60242282000002,0.009999999776482582,94002,79.23464584350586,-592.075439453125,0.0003,116.8411661083034,0.0,20.0
0.02,2480,19.91,28,48082,1658,120.05689809000002,0.009999999776482582,94162,40.51840686798096,-595.8562927246094,0.0003,,,
0.02,2484,19.91,28,48162,1661,120.07490522999998,0.009999999776482582,94322,26.59382438659668,-594.52001953125,0.0003,,,
0.02,2488,19.91,28,48242,1663,119.59653361,0.009999999776482582,94482,18.019397735595703,-593.3463745117188,0.0003,,,
0.02,2492,19.91,29,48322,1666,119.68910626999997,0.009999999776482582,94642,105.54154014587402,-595.0374450683594,0.0003,,,
0.02,2496,19.91,29,48402,1668,119.16644249999999,0.009999999776482582,94802,62.00220966339111,-594.1849670410156,0.0003,,,
0.02,2500,19.91,29,48482,1671,119.79272150999999,0.009999999776482582,94962,14.842362880706787,-593.1947021484375,0.0003,,,
0.02,2504,19.91,29,48562,1673,119.78957636999998,0.009999999776482582,95122,65.39731407165527,-592.9970092773438,0.0003,,,
0.02,2508,19.91,29,48642,1676,119.96868809,0.009999999776482582,95282,22.635608673095703,-592.1839599609375,0.0003,,,
0.02,2512,19.91,29,48722,1678,121.46582634999997,0.009999999776482582,95442,9.70240592956543,-594.2852172851562,0.0003,,,
0.02,2516,19.91,29,48802,1681,119.97807053999999,0.009999999776482582,95602,568.3625741004944,-592.3386840820312,0.0003,,,
0.01,2520,19.98,29,48882,1683,117.96071192000001,0.009999999776482582,95762,213.27939748764038,-592.8280029296875,0.0003,,,
0.01,2524,19.98,29,48962,1686,117.89976407,0.009999999776482582,95922,29.192241668701172,-588.1392211914062,0.0003,,,
0.01,2528,19.98,29,49042,1688,117.40453785,0.009999999776482582,96082,6.926247596740723,-591.5983581542969,0.0003,,,
0.01,2532,19.98,29,49122,1691,117.64673488999999,0.009999999776482582,96242,204.0887393951416,-593.7240600585938,0.0003,,,
0.01,2536,19.98,29,49202,1693,117.49428051000001,0.009999999776482582,96402,32.31542348861694,-590.5439453125,0.0003,,,
0.01,2540,19.98,29,49282,1696,116.89975468,0.009999999776482582,96562,171.02010011672974,-592.5176086425781,0.0003,,,
0.01,2544,19.98,29,49362,1698,117.45686524000001,0.009999999776482582,96722,48.35743045806885,-591.4328308105469,0.0003,,,
0.01,2548,19.98,29,49442,1701,116.66094357999998,0.009999999776482582,96882,20.315592765808105,-592.3793640136719,0.0003,,,
0.01,2552,19.98,29,49522,1704,116.50053347,0.009999999776482582,97042,83.15584564208984,-593.4578247070312,0.0003,,,
0.01,2556,19.98,29,49602,1706,116.03011533,0.009999999776482582,97202,41.137197494506836,-593.4301147460938,0.0003,,,
0.0,2560,20.0,29,49682,1709,113.74027833000002,0.009999999776482582,97362,79.9918622970581,-590.1132202148438,0.0003,,,
0.0,2564,20.0,29,49762,1711,113.73650095,0.009999999776482582,97522,20.687642574310303,-592.4300537109375,0.0003,,,
0.0,2568,20.0,29,49842,1714,113.77064301,0.009999999776482582,97682,34.16816282272339,-593.0274353027344,0.0003,,,
0.0,2572,20.0,29,49922,1716,114.03555019999997,0.009999999776482582,97842,11.873610496520996,-593.0585327148438,0.0003,,,
