curriculum/randomize_probability,time/fps,rollout/success_rate,curriculum/stage_index,rollout/ep_len_mean,time/time_elapsed,rollout/ep_rew_mean,time/episodes,time/total_timesteps,train/learning_rate,train/ent_coef,train/actor_loss,train/critic_loss,train/n_updates,eval/mean_ep_length,eval/success_rate,eval/mean_reward
0.0,71,0.25,0.0,16.5,0,60.083805000000005,4,66,,,,,,,,
0.0,79,0.125,0.0,18.25,1,29.24747225,8,146,,,,,,,,
0.0,82,0.08333333333333333,0.0,18.833333333333332,2,19.078998083333335,12,226,,,,,,,,
0.0,84,0.0625,0.0,19.125,3,13.908926312500002,16,306,,,,,,,,
0.0,84,0.1,0.0,18.65,4,21.3990137,20,373,,,,,,,,
0.0,82,0.08333333333333333,0.0,18.875,5,20.12757625,24,453,,,,,,,,
0.0,83,0.07142857142857142,0.0,19.035714285714285,6,16.379711642857142,28,533,,,,,,,,
0.0,84,0.0625,0.0,19.15625,7,13.4986041875,32,613,,,,,,,,
0.0,85,0.05555555555555555,0.0,19.25,8,11.563694638888888,36,693,,,,,,,,
0.0,85,0.05,0.0,19.325,9,10.205966675000003,40,773,,,,,,,,
0.0,85,0.045454545454545456,0.0,19.386363636363637,9,8.723659340909093,44,853,,,,,,,,
0.0,86,0.041666666666666664,0.0,19.4375,10,7.4712224166666665,48,933,,,,,,,,
0.0,84,0.038461538461538464,0.0,19.48076923076923,11,7.415052865384616,52,1013,0.0003,0.009999999776482582,-0.18747010827064514,0.8196166157722473,24,,,
0.0,77,0.03571428571428571,0.0,19.517857142857142,14,6.259616196428572,56,1093,0.0003,0.009999999776482582,-1.7937568426132202,80.72299772500992,184,,,
0.0,74,0.06666666666666667,0.0,18.966666666666665,15,12.8116504,60,1138,0.0003,0.009999999776482582,-3.190116763114929,74.82370924949646,274,,,
0.0,72,0.125,0.0,17.90625,15,25.47627678125,64,1146,0.0003,0.009999999776482582,-5.3674633502960205,5.503612995147705,290,,,
0.0,68,0.11764705882352941,0.0,18.029411764705884,17,23.446491985294116,68,1226,0.0003,0.009999999776482582,-22.731197357177734,199.4529571533203,450,,,
0.0,64,0.1111111111111111,0.0,18.13888888888889,20,21.644173125,72,1306,0.0003,0.009999999776482582,-20.55399990081787,145.22956085205078,610,,,
0.0,62,0.13157894736842105,0.0,17.789473684210527,21,26.169388289473684,76,1352,0.0003,0.009999999776482582,-37.76034736633301,209.19994354248047,702,,,
0.0,61,0.175,0.0,17.05,22,36.329692662499994,80,1364,0.0003,0.009999999776482582,-45.141075134277344,371.52667236328125,726,,,
0.0,60,0.21428571428571427,0.0,16.38095238095238,22,45.520560380952375,84,1376,0.0003,0.009999999776482582,-50.00593566894531,324.0065002441406,750,,,
0.0,60,0.25,0.0,15.761363636363637,23,53.649009,88,1387,0.0003,0.009999999776482582,-54.579349517822266,420.9971008300781,772,,,
0.0,58,0.2717391304347826,0.0,15.391304347826088,24,58.72718048913043,92,1416,0.0003,0.009999999776482582,-70.34807205200195,335.17616271972656,830,,,
0.0,57,0.3020833333333333,0.0,14.875,24,65.7574075,96,1428,0.0003,0.009999999776482582,-67.80338668823242,417.8601989746094,854,,,
0.0,56,0.32,0.0,14.57,25,69.84477217,100,1457,0.0003,0.009999999776482582,-82.08863830566406,371.9791717529297,912,,,
0.0,55,0.35,0.0,14.02,26,76.48056578,104,1468,0.0003,0.009999999776482582,-83.59300994873047,333.5699768066406,934,,,
0.0,55,0.39,0.0,13.34,26,85.69065555000002,108,1480,0.0003,0.009999999776482582,-90.32157135009766,287.1498260498047,958,,,
0.0,54,0.43,0.0,12.66,27,94.86059211000001,112,1492,0.0003,0.009999999776482582,-98.27034378051758,302.51878356933594,982,,,
0.0,54,0.47,0.0,11.98,27,104.11946028,116,1504,0.0003,0.009999999776482582,-99.54005813598633,322.17529296875,1006,,,
0.0,52,0.48,0.0,11.77,29,106.38002097999997,120,1550,0.0003,0.009999999776482582,-108.56005477905273,355.6016387939453,1098,,,
0.0,52,0.52,0.0,11.08,29,114.78169997,124,1561,0.0003,0.009999999776482582,-111.441162109375,296.0852355957031,1120,,,
0.0,51,0.56,0.0,10.38,30,123.85768460999999,128,1571,0.0003,0.009999999776482582,-117.72774505615234,496.17478942871094,1140,,,
0.0,51,0.59,0.0,9.86,31,130.75181937000002,132,1599,0.0003,0.009999999776482582,-119.48512268066406,398.0463562011719,1196,,,
0.0,50,0.63,0.0,9.18,31,140.02593473000002,136,1611,0.0003,0.009999999776482582,-121.63779067993164,393.78883361816406,1220,,,
0.0,50,0.67,0.0,8.49,32,149.14007021999998,140,1622,0.0003,0.009999999776482582,-124.07658386230469,337.37108612060547,1242,,,
0.0,49,0.71,0.0,7.8,32,158.42268124000003,144,1633,0.0003,0.009999999776482582,-127.67227554321289,386.935546875,1264,,,
0.0,49,0.74,0.0,7.29,33,165.50565420000004,148,1662,0.0003,0.009999999776482582,-127.57495880126953,364.8535614013672,1322,,,
0.0,48,0.78,0.0,6.61,34,174.46236874,152,1674,0.0003,0.009999999776482582,-137.48953247070312,260.11558532714844,1346,,,
0.0,48,0.82,0.0,5.93,34,184.03598646999995,156,1686,0.0003,0.009999999776482582,-139.61676025390625,477.85435485839844,1370,,,
0.0,47,0.84,0.0,5.6,35,189.06785083000003,160,1698,0.0003,0.009999999776482582,-141.7268829345703,405.4080505371094,1394,,,
0.0,47,0.83,0.0,5.8,36,187.01704034000005,164,1726,0.0003,0.009999999776482582,-140.95687103271484,376.71563720703125,1450,,,
0.0,46,0.87,0.0,5.11,36,196.39163679,168,1737,0.0003,0.009999999776482582,-148.73605346679688,334.02618408203125,1472,,,
0.0,46,0.91,0.0,4.42,37,205.69580269000002,172,1748,0.0003,0.009999999776482582,-146.2119369506836,308.68882751464844,1494,,,
0.0,46,0.92,0.0,4.23,38,207.76142649000002,176,1775,0.0003,0.009999999776482582,-153.22528839111328,292.1572570800781,1548,,,
0.0,45,0.92,0.0,4.2,38,207.19147069,180,1784,0.0003,0.009999999776482582,-155.81807708740234,365.0801086425781,1566,,,
0.0,45,0.91,0.0,4.35,39,204.45911894999998,184,1811,0.0003,0.009999999776482582,-153.98477172851562,245.38697814941406,1620,,,
0.0,44,0.9,0.0,4.51,40,201.91913401,188,1838,0.0003,0.009999999776482582,-164.81780242919922,204.6770782470703,1674,,,
0.0,44,0.91,0.0,4.31,41,203.72091069,192,1847,0.0003,0.009999999776482582,-165.93771362304688,189.06134033203125,1692,,,
0.0,44,0.91,0.0,4.3,41,203.46695422000002,196,1858,0.0003,0.009999999776482582,-165.34158325195312,162.42572021484375,1714,,,
0.0,43,0.9,0.0,4.46,43,200.95269470000002,200,1903,0.0003,0.009999999776482582,-170.75074005126953,148.9797134399414,1804,,,
0.0,43,0.89,0.0,4.64,44,198.43396926000003,204,1932,0.0003,0.009999999776482582,-174.23326110839844,162.59622192382812,1862,,,
0.0,43,0.89,0.0,4.62,44,197.93277554,208,1942,0.0003,0.009999999776482582,-175.20128631591797,125.36289978027344,1882,,,
0.0,43,0.89,0.0,4.58,45,197.26351382000001,212,1950,0.0003,0.009999999776482582,-174.4742202758789,133.0017852783203,1898,,,
0.0,42,0.89,0.0,4.57,45,196.74588523,216,1961,0.0003,0.009999999776482582,-180.18305206298828,135.8244171142578,1920,,,
0.0,42,0.91,0.0,4.23,46,201.23651911000002,220,1973,0.0003,0.009999999776482582,-177.86448669433594,114.42565155029297,1944,,,
0.0,40,0.9,0.0,4.42,49,199.03673966000005,224,2003,0.0003,0.009999999776482582,-184.3425064086914,134.508544921875,2004,5.9,0.85,188.11826176948668
0.0,40,0.9,0.0,4.45,50,198.93410976999996,228,2016,0.0003,0.009999999776482582,-186.4792251586914,111.50393676757812,2030,,,
0.0,39,0.91,0.0,4.3,50,201.19694542999997,232,2029,0.0003,0.009999999776482582,-187.88026428222656,103.36004257202148,2056,,,
0.0,39,0.91,0.0,4.29,51,200.77408557,236,2040,0.0003,0.009999999776482582,-192.0388412475586,103.40736770629883,2078,,,
0.0,39,0.91,0.0,4.31,51,200.60747026,240,2053,0.0003,0.009999999776482582,-193.9631118774414,107.47855377197266,2104,,,
0.0,39,0.91,0.0,4.34,52,200.33473562999998,244,2067,0.0003,0.009999999776482582,-192.9531707763672,71.326416015625,2132,,,
0.0,39,0.91,0.0,4.33,53,200.01855545,248,2095,0.0003,0.009999999776482582,-192.18243408203125,81.37264633178711,2188,,,
0.0,39,0.91,0.0,4.31,53,199.44275298,252,2105,0.0003,0.009999999776482582,-194.569091796875,64.80782699584961,2208,,,
0.0,38,0.91,0.0,4.31,54,198.93028166,256,2117,0.0003,0.009999999776482582,-192.03351593017578,61.19636535644531,2232,,,
0.0,38,0.91,0.0,4.3,54,198.38314294999998,260,2128,0.0003,0.009999999776482582,-199.22437286376953,73.86886024475098,2254,,,
0.0,38,0.92,0.0,4.13,55,200.4084561,264,2139,0.0003,0.009999999776482582,-197.22295379638672,72.97928619384766,2276,,,
0.0,38,0.91,0.0,4.29,56,197.76009401999997,268,2166,0.0003,0.009999999776482582,-198.36772918701172,83.75911331176758,2330,,,
0.0,38,0.91,0.0,4.34,57,197.89266886999997,272,2182,0.0003,0.009999999776482582,-200.96710968017578,77.4189682006836,2362,,,
0.0,38,0.92,0.0,4.17,57,200.20854521,276,2192,0.0003,0.009999999776482582,-203.09754180908203,59.99937057495117,2382,,,
0.0,37,0.92,0.0,4.2,58,200.42540637,280,2204,0.0003,0.009999999776482582,-202.3436279296875,69.05651664733887,2406,,,
0.0,37,0.91,0.0,4.37,59,198.2893581,284,2248,0.0003,0.009999999776482582,-202.57176971435547,68.14899826049805,2494,,,
0.0,37,0.91,0.0,4.42,60,198.35562704000003,288,2280,0.0003,0.009999999776482582,-201.43669891357422,60.72859001159668,2558,,,
0.0,37,0.9,0.0,4.59,61,196.11289440000002,292,2306,0.0003,0.009999999776482582,-202.13410186767578,50.18867301940918,2610,,,
0.0,37,0.9,0.0,4.56,62,195.87949797000002,296,2314,0.0003,0.009999999776482582,-200.87337493896484,51.33068656921387,2626,,,
0.0,37,0.92,0.0,4.23,62,200.21292066,300,2326,0.0003,0.009999999776482582,-200.14327239990234,53.51962852478027,2650,,,
0.0,36,0.93,0.0,4.02,63,202.32005294,304,2334,0.0003,0.009999999776482582,-202.71001434326172,42.99020004272461,2666,,,
0.0,36,0.93,0.0,4.08,63,202.74144674,308,2350,0.0003,0.009999999776482582,-202.23504638671875,52.2009334564209,2698,,,
0.0,36,0.92,0.0,4.26,64,200.67178991000003,312,2376,0.0003,0.009999999776482582,-204.45671844482422,51.45403289794922,2750,,,
0.0,36,0.92,0.0,4.27,65,200.64708396000003,316,2388,0.0003,0.009999999776482582,-206.47525787353516,62.13881874084473,2774,,,
0.0,36,0.92,0.0,4.23,65,200.45772867,320,2396,0.0003,0.009999999776482582,-200.80189514160156,64.24552917480469,2790,,,
0.0,36,0.93,0.0,4.01,66,202.33291900999996,324,2404,0.0003,0.009999999776482582,-200.8330841064453,58.24684143066406,2806,,,
0.0,36,0.93,0.0,3.96,66,202.21141237,328,2412,0.0003,0.009999999776482582,-205.61819458007812,56.23659133911133,2822,,,
0.0,36,0.93,0.0,3.91,67,201.95336043999998,332,2420,0.0003,0.009999999776482582,-203.1849136352539,63.97214317321777,2838,,,
0.0,35,0.93,0.0,3.9,67,201.91142223999995,336,2430,0.0003,0.009999999776482582,-202.89517974853516,64.22147941589355,2858,,,
0.0,35,0.92,0.0,4.08,68,199.57331622,340,2461,0.0003,0.009999999776482582,-207.83929443359375,86.2017593383789,2920,,,
0.0,35,0.92,0.0,4.26,70,199.89728209999998,344,2493,0.0003,0.009999999776482582,-209.31796264648438,84.8595962524414,2984,,,
0.0,35,0.93,0.0,4.28,71,202.44980614999997,348,2523,0.0003,0.009999999776482582,-209.01158142089844,87.57416915893555,3044,,,
0.0,35,0.93,0.0,4.44,72,202.80875421000002,352,2549,0.0003,0.009999999776482582,-211.28927612304688,70.82612228393555,3096,,,
0.0,35,0.92,0.0,4.64,73,200.71130309,356,2581,0.0003,0.009999999776482582,-208.23519134521484,74.76128768920898,3160,,,
0.0,35,0.92,0.0,4.82,74,200.79330154,360,2610,0.0003,0.009999999776482582,-212.4341049194336,74.06174850463867,3218,,,
0.0,34,0.92,0.0,4.91,75,201.01273677000006,364,2630,0.0003,0.009999999776482582,-209.17840576171875,82.51964950561523,3258,,,
0.0,34,0.93,0.0,4.78,75,203.39268016999998,368,2644,0.0003,0.009999999776482582,-212.0802001953125,84.72118377685547,3286,,,
0.0,34,0.93,0.0,4.82,76,203.08904868000005,372,2664,0.0003,0.009999999776482582,-213.29580688476562,106.16225814819336,3326,,,
0.0,34,0.93,0.0,4.85,77,203.06146764000002,376,2677,0.0003,0.009999999776482582,-215.0396499633789,111.82692337036133,3352,,,
0.0,34,0.93,0.0,4.91,78,203.04303883,380,2695,0.0003,0.009999999776482582,-216.64583587646484,102.71855926513672,3388,,,
0.0,34,0.95,0.0,4.62,78,207.43204901000001,384,2710,0.0003,0.009999999776482582,-213.44939422607422,104.07492065429688,3418,,,
0.0,34,0.96,0.0,4.53,79,209.80793577,388,2733,0.0003,0.009999999776482582,-212.30789184570312,101.135986328125,3464,,,
0.0,34,0.97,0.0,4.47,80,212.24078274,392,2753,0.0003,0.009999999776482582,-212.51139068603516,78.27291870117188,3504,,,
0.0,34,0.97,0.0,4.51,80,212.18795952,396,2765,0.0003,0.009999999776482582,-213.51931762695312,117.35470581054688,3528,,,
0.0,34,0.97,0.0,4.64,81,212.31527344999995,400,2790,0.0003,0.009999999776482582,-216.97286987304688,84.99687957763672,3578,,,
0.0,34,0.97,0.0,4.72,82,212.56916939,404,2806,0.0003,0.009999999776482582,-209.6211395263672,103.15039825439453,3610,,,
0.0,33,0.97,0.0,4.72,83,212.39552874,408,2822,0.0003,0.009999999776482582,-215.64417266845703,94.89517211914062,3642,,,
0.0,33,0.98,0.0,4.64,83,214.93024718,412,2840,0.0003,0.009999999776482582,-216.19776916503906,108.74848175048828,3678,,,
0.0,33,0.98,0.0,5.04,85,215.98245571000004,416,2892,0.0003,0.009999999776482582,-212.9829864501953,77.30948257446289,3782,,,
0.0,33,0.95,0.0,5.74,88,211.14841216000005,420,2970,0.0003,0.009999999776482582,-213.71835327148438,80.56797409057617,3938,,,
0.0,33,0.93,0.0,6.39,90,208.22114217,424,3043,0.0003,0.009999999776482582,-215.72542572021484,77.7376708984375,4084,,,
0.0,33,0.93,0.0,6.6,91,209.06614646000003,428,3072,0.0003,0.009999999776482582,-216.72445678710938,83.28746795654297,4142,,,
0.0,33,0.93,0.0,6.74,92,209.55601692,432,3094,0.0003,0.009999999776482582,-216.46090698242188,98.87467956542969,4186,,,
0.0,33,0.92,0.0,7.01,93,207.67269617999997,436,3131,0.0003,0.009999999776482582,-216.29750061035156,95.66919326782227,4260,,,
0.0,33,0.93,0.0,6.99,94,210.39806563000002,440,3160,0.0003,0.009999999776482582,-213.17247772216797,74.56573104858398,4318,,,
0.0,33,0.93,0.0,7.01,95,210.65352517,444,3194,0.0003,0.009999999776482582,-218.0941925048828,102.62426376342773,4386,,,
0.0,33,0.93,0.0,7.08,96,211.10987989999998,448,3231,0.0003,0.009999999776482582,-215.6978759765625,66.35923194885254,4460,,,
0.0,33,0.92,0.0,7.32,98,209.89688185,452,3281,0.0003,0.009999999776482582,-219.11190032958984,77.28279113769531,4560,,,
0.0,33,0.89,0.0,7.8,101,204.91475641,456,3361,0.0003,0.009999999776482582,-224.66268157958984,66.88793182373047,4720,,,
0.0,33,0.85,0.0,8.31,103,197.29887148,460,3441,0.0003,0.009999999776482582,-229.48914337158203,52.052391052246094,4880,,,
0.0,33,0.81,0.0,8.91,106,189.12531740999998,464,3521,0.0003,0.009999999776482582,-229.10348510742188,53.23408317565918,5040,,,
0.0,33,0.77,0.0,9.57,108,181.98034223000002,468,3601,0.0003,0.009999999776482582,-232.76397705078125,59.846391677856445,5200,,,
0.0,33,0.73,0.0,10.17,111,173.88622930000002,472,3681,0.0003,0.009999999776482582,-232.8270263671875,44.74643135070801,5360,,,
0.0,33,0.69,0.0,10.84,113,164.96390296,476,3761,0.0003,0.009999999776482582,-237.33824157714844,42.57756996154785,5520,,,
0.0,33,0.65,0.0,11.46,116,156.00128533999998,480,3841,0.0003,0.009999999776482582,-243.06460571289062,46.60878944396973,5680,,,
0.0,33,0.61,0.0,12.11,118,147.09959128,484,3921,0.0003,0.009999999776482582,-242.55855560302734,80.12737655639648,5840,,,
0.0,31,0.57,0.0,12.68,126,138.01881740000002,488,4001,0.0003,0.009999999776482582,-248.80613708496094,66.369140625,6000,20.0,0.0,-5.4361639517219995
0.0,31,0.53,0.0,13.28,128,129.31347468,492,4081,0.0003,0.009999999776482582,-249.7254638671875,52.686485290527344,6160,,,
0.0,31,0.49,0.0,13.96,131,120.53508003000003,496,4161,0.0003,0.009999999776482582,-249.45254516601562,56.7639102935791,6320,,,
0.0,31,0.45,0.0,14.51,133,111.94043821000002,500,4241,0.0003,0.009999999776482582,-247.9454116821289,77.46420288085938,6480,,,
0.0,31,0.41,0.0,15.15,135,102.87928583000001,504,4321,0.0003,0.009999999776482582,-254.44247436523438,80.51567840576172,6640,,,
0.0,31,0.37,0.0,15.79,138,94.22671558000002,508,4401,0.0003,0.009999999776482582,-255.94386291503906,86.89916229248047,6800,,,
0.0,31,0.33,0.0,16.41,140,86.47860694,512,4481,0.0003,0.009999999776482582,-259.4066162109375,90.71234893798828,6960,,,
0.0,31,0.29,0.0,16.69,143,78.37391634000001,516,4561,0.0003,0.009999999776482582,-258.1826477050781,78.18798446655273,7120,,,
0.0,31,0.28,0.0,16.71,145,75.67326196,520,4641,0.0003,0.009999999776482582,-262.03875732421875,88.81952285766602,7280,,,
0.0,31,0.26,0.0,16.78,148,71.02697445,524,4721,0.0003,0.009999999776482582,-260.3809814453125,91.51836776733398,7440,,,
0.0,31,0.22,0.0,17.29,150,62.70507514,528,4801,0.0003,0.009999999776482582,-264.0821990966797,95.98829650878906,7600,,,
0.0,31,0.18,0.0,17.87,153,54.713488129999995,532,4881,0.0003,0.009999999776482582,-265.69891357421875,98.63215255737305,7760,,,
0.0,31,0.15,0.0,18.3,156,49.07437807,536,4961,0.0003,0.009999999776482582,-265.1091003417969,102.05256271362305,7920,,,
0.0,31,0.11,0.0,18.81,158,41.420137860000004,540,5041,0.0003,0.009999999776482582,-267.204345703125,66.07569122314453,8080,,,
0.0,31,0.07,0.0,19.27,161,33.65352516,544,5121,0.0003,0.009999999776482582,-269.21055603027344,115.00038528442383,8240,,,
0.0,31,0.03,0.0,19.7,163,25.708447170000003,548,5201,0.0003,0.009999999776482582,-271.0190124511719,87.94681930541992,8400,,,
0.0,31,0.0,0.0,20.0,166,19.51194436,552,5281,0.0003,0.009999999776482582,-270.63067626953125,120.18505096435547,8560,,,
0.0,31,0.0,0.0,20.0,169,19.47414903,556,5361,0.0003,0.009999999776482582,-271.3059539794922,106.45193481445312,8720,,,
0.0,31,0.0,0.0,20.0,172,19.94170469,560,5441,0.0003,0.009999999776482582,-271.6739807128906,93.86759185791016,8880,,,
0.0,31,0.0,0.0,20.0,174,20.435870330000004,564,5521,0.0003,0.009999999776482582,-273.3483428955078,104.50728225708008,9040,,,
0.0,31,0.0,0.0,20.0,177,20.4471086,568,5601,0.0003,0.009999999776482582,-275.36985778808594,70.79281044006348,9200,,,
0.0,31,0.0,0.0,20.0,179,20.42128579,572,5681,0.0003,0.009999999776482582,-277.99571228027344,97.85125732421875,9360,,,
0.0,31,0.0,0.0,20.0,182,20.65994956,576,5761,0.0003,0.009999999776482582,-280.08221435546875,103.22637939453125,9520,,,
0.0,31,0.0,0.0,20.0,184,20.80303548,580,5841,0.0003,0.009999999776482582,-279.9591979980469,124.4888916015625,9680,,,
0.0,31,0.0,0.0,20.0,187,21.010008289999995,584,5921,0.0003,0.009999999776482582,-281.25059509277344,86.91439819335938,9840,,,
0.0,30,0.0,0.0,20.0,194,21.404256930000003,588,6001,0.0003,0.009999999776482582,-283.0939178466797,108.18049621582031,10000,20.0,0.0,-3.3468749182369435
0.0,30,0.0,0.0,20.0,196,21.231800599999996,592,6081,0.0003,0.009999999776482582,-283.86631774902344,85.3483657836914,10160,,,
0.0,31,0.0,0.0,20.0,198,21.379452190000002,596,6161,0.0003,0.009999999776482582,-284.9506072998047,98.95069122314453,10320,,,
0.0,31,0.0,0.0,20.0,201,21.30625814,600,6241,0.0003,0.009999999776482582,-285.48406982421875,73.24413299560547,10480,,,
0.0,31,0.0,0.0,20.0,203,21.521255839999995,604,6321,0.0003,0.009999999776482582,-288.02711486816406,107.47077941894531,10640,,,
0.0,31,0.0,0.0,20.0,206,21.195610570000003,608,6401,0.0003,0.009999999776482582,-285.76580810546875,131.04217529296875,10800,,,
0.0,31,0.0,0.0,20.0,208,20.257853559999997,612,6481,0.0003,0.009999999776482582,-287.5548553466797,144.44813537597656,10960,,,
0.0,31,0.0,0.0,20.0,211,20.31484766,616,6561,0.0003,0.009999999776482582,-286.66705322265625,77.08638000488281,11120,,,
0.0,31,0.0,0.0,20.0,213,20.03585275,620,6641,0.0003,0.009999999776482582,-288.71348571777344,76.32654571533203,11280,,,
0.0,31,0.0,0.0,20.0,216,20.245234850000003,624,6721,0.0003,0.009999999776482582,-292.1547546386719,92.72236442565918,11440,,,
0.0,31,0.0,0.0,20.0,219,20.537318759999998,628,6801,0.0003,0.009999999776482582,-291.80474853515625,112.70201873779297,11600,,,
0.0,31,0.0,0.0,20.0,221,20.91688674,632,6881,0.0003,0.009999999776482582,-292.07066345214844,98.65970039367676,11760,,,
0.0,31,0.0,0.0,20.0,224,20.494276449999997,636,6961,0.0003,0.009999999776482582,-295.0317687988281,115.9200439453125,11920,,,
0.0,31,0.0,0.0,20.0,226,20.053048990000004,640,7041,0.0003,0.009999999776482582,-294.9324951171875,107.79558563232422,12080,,,
0.0,31,0.0,0.0,20.0,229,20.08154459,644,7121,0.0003,0.009999999776482582,-294.9547882080078,82.0206413269043,12240,,,
0.0,31,0.0,0.0,20.0,231,19.682247359999998,648,7201,0.0003,0.009999999776482582,-296.11456298828125,120.57243728637695,12400,,,
0.0,31,0.0,0.0,20.0,234,19.68526184,652,7281,0.0003,0.009999999776482582,-295.412841796875,105.2645034790039,12560,,,
0.0,31,0.0,0.0,20.0,237,19.72213022,656,7361,0.0003,0.009999999776482582,-296.2146759033203,124.30489349365234,12720,,,
0.0,31,0.0,0.0,20.0,239,19.27310406,660,7441,0.0003,0.009999999776482582,-296.08094787597656,119.08712005615234,12880,,,
0.0,31,0.0,0.0,20.0,242,19.695420749999997,664,7521,0.0003,0.009999999776482582,-297.71311950683594,124.71602630615234,13040,,,
0.0,31,0.0,0.0,20.0,244,19.15936063,668,7601,0.0003,0.009999999776482582,-300.82757568359375,128.67734146118164,13200,,,
0.0,31,0.0,0.0,20.0,247,20.10621177,672,7681,0.0003,0.009999999776482582,-299.25938415527344,120.75617599487305,13360,,,
0.0,30,0.0,0.0,20.0,250,21.68525564,676,7761,0.0003,0.009999999776482582,-301.0518493652344,102.81965255737305,13520,,,
0.0,30,0.0,0.0,20.0,253,23.301291760000005,680,7841,0.0003,0.009999999776482582,-302.9135284423828,120.03224182128906,13680,,,
0.0,30,0.0,0.0,20.0,256,24.4115345,684,7921,0.0003,0.009999999776482582,-304.40484619140625,167.43035888671875,13840,,,
0.0,30,0.0,0.0,20.0,264,25.820676439999996,688,8001,0.0003,0.009999999776482582,-305.81640625,105.80135917663574,14000,20.0,0.0,11.087315734010811
0.0,30,0.0,0.0,20.0,266,27.01282661,692,8081,0.0003,0.009999999776482582,-307.5297546386719,88.45552444458008,14160,,,
0.0,30,0.0,0.0,20.0,269,28.38220973,696,8161,0.0003,0.009999999776482582,-311.35569763183594,104.57379150390625,14320,,,
0.0,30,0.0,0.0,20.0,272,29.986024290000003,700,8241,0.0003,0.009999999776482582,-309.2020721435547,112.42171478271484,14480,,,
0.0,30,0.0,0.0,20.0,274,31.550730380000005,704,8321,0.0003,0.009999999776482582,-310.08705139160156,113.6082878112793,14640,,,
0.0,30,0.0,0.0,20.0,277,33.212985550000006,708,8401,0.0003,0.009999999776482582,-313.6101837158203,94.46118927001953,14800,,,
0.0,30,0.0,0.0,20.0,280,34.560444200000006,712,8481,0.0003,0.009999999776482582,-315.20689392089844,120.33663940429688,14960,,,
0.0,30,0.0,0.0,20.0,282,34.01103231,716,8561,0.0003,0.009999999776482582,-315.3498992919922,147.5473861694336,15120,,,
0.0,30,0.0,0.0,20.0,285,34.33139369,720,8641,0.0003,0.009999999776482582,-315.46702575683594,184.8448486328125,15280,,,
0.0,30,0.0,0.0,20.0,288,34.622877450000004,724,8721,0.0003,0.009999999776482582,-318.6288146972656,137.48207092285156,15440,,,
0.0,30,0.0,0.0,20.0,291,34.93652173,728,8801,0.0003,0.009999999776482582,-319.45506286621094,155.42791748046875,15600,,,
0.0,30,0.0,0.0,20.0,294,35.007594059999995,732,8881,0.0003,0.009999999776482582,-320.39015197753906,184.00233459472656,15760,,,
0.0,30,0.0,0.0,20.0,297,35.38586785,736,8961,0.0003,0.009999999776482582,-323.59828186035156,115.07125473022461,15920,,,
0.0,30,0.0,0.0,20.0,299,35.333891109999996,740,9041,0.0003,0.009999999776482582,-324.05499267578125,122.52544784545898,16080,,,
0.0,30,0.0,0.0,20.0,302,35.32668296,744,9121,0.0003,0.009999999776482582,-323.95265197753906,134.34554290771484,16240,,,
0.0,30,0.0,0.0,20.0,305,35.258505910000004,748,9201,0.0003,0.009999999776482582,-324.20420837402344,220.72662734985352,16400,,,
0.0,30,0.0,0.0,20.0,308,34.24650795,752,9281,0.0003,0.009999999776482582,-327.8480987548828,133.0908432006836,16560,,,
0.0,30,0.0,0.0,20.0,311,34.19343687,756,9361,0.0003,0.009999999776482582,-327.5048065185547,184.85906219482422,16720,,,
0.0,30,0.0,0.0,20.0,313,34.72798056,760,9441,0.0003,0.009999999776482582,-328.8557434082031,129.2635040283203,16880,,,
0.0,30,0.0,0.0,20.0,316,33.80082941,764,9521,0.0003,0.009999999776482582,-328.7150115966797,92.81201553344727,17040,,,
0.0,30,0.0,0.0,20.0,319,34.32565126,768,9601,0.0003,0.009999999776482582,-332.3435821533203,120.54924011230469,17200,,,
0.0,30,0.0,0.0,20.0,322,34.23693294,772,9681,0.0003,0.009999999776482582,-331.8770294189453,184.17841339111328,17360,,,
0.0,30,0.0,0.0,20.0,325,34.28270209,776,9761,0.0003,0.009999999776482582,-332.2807922363281,151.20954132080078,17520,,,
0.0,29,0.0,0.0,20.0,328,34.28270209,780,9841,0.0003,0.009999999776482582,-333.95811462402344,152.25184631347656,17680,,,
0.0,30,0.0,0.0,20.0,330,33.608937329999996,784,9921,0.0003,0.009999999776482582,-341.2588348388672,104.11044311523438,17840,,,
0.25,29,0.0,1.0,20.0,339,31.997188689999994,788,10001,0.0003,0.009999999776482582,-343.6632843017578,117.32403182983398,18000,20.0,0.0,-3.7149457325110795
0.25,29,0.0,1.0,20.0,341,30.732872440000005,792,10081,0.0003,0.009999999776482582,-343.4009552001953,172.07359313964844,18160,,,
0.25,29,0.0,1.0,20.0,344,29.51452469,796,10161,0.0003,0.009999999776482582,-343.0140075683594,179.44590759277344,18320,,,
0.25,29,0.0,1.0,20.0,347,27.857709380000003,800,10241,0.0003,0.009999999776482582,-342.16943359375,125.6124496459961,18480,,,
0.25,29,0.0,1.0,20.0,350,26.168203899999998,804,10321,0.0003,0.009999999776482582,-342.12701416015625,198.6975555419922,18640,,,
0.25,29,0.0,1.0,20.0,353,24.48925716,808,10401,0.0003,0.009999999776482582,-344.0495910644531,93.50240707397461,18800,,,
0.25,29,0.0,1.0,20.0,355,22.943227229999998,812,10481,0.0003,0.009999999776482582,-341.0945739746094,135.3670883178711,18960,,,
0.25,29,0.0,1.0,20.0,358,21.814917390000005,816,10561,0.0003,0.009999999776482582,-341.92076110839844,202.85140991210938,19120,,,
0.25,29,0.0,1.0,20.0,361,20.587363640000003,820,10641,0.0003,0.009999999776482582,-340.1560363769531,116.2104377746582,19280,,,
0.25,29,0.0,1.0,20.0,363,19.06166233,824,10721,0.0003,0.009999999776482582,-339.3903350830078,136.38079071044922,19440,,,
0.25,29,0.0,1.0,20.0,366,17.55360801,828,10801,0.0003,0.009999999776482582,-338.99700927734375,155.0355224609375,19600,,,
0.25,29,0.0,1.0,20.0,369,15.91415907,832,10881,0.0003,0.009999999776482582,-336.61517333984375,73.37944793701172,19760,,,
0.25,29,0.0,1.0,20.0,371,15.05676587,836,10961,0.0003,0.009999999776482582,-336.2778625488281,120.04327774047852,19920,,,
0.25,29,0.0,1.0,20.0,374,13.983975489999999,840,11041,0.0003,0.009999999776482582,-336.0902557373047,92.16202163696289,20080,,,
0.25,29,0.0,1.0,20.0,377,12.747625039999997,844,11121,0.0003,0.009999999776482582,-335.44309997558594,123.13884735107422,20240,,,
0.25,29,0.0,1.0,20.0,380,12.030778929999997,848,11201,0.0003,0.009999999776482582,-334.4974822998047,85.46528244018555,20400,,,
0.25,29,0.0,1.0,20.0,383,12.146745289999997,852,11281,0.0003,0.009999999776482582,-333.7952423095703,125.7115592956543,20560,,,
0.25,29,0.0,1.0,20.0,386,11.028579660000002,856,11361,0.0003,0.009999999776482582,-333.58245849609375,98.35669708251953,20720,,,
0.25,29,0.0,1.0,20.0,389,10.28468933,860,11441,0.0003,0.009999999776482582,-329.95660400390625,60.56857681274414,20880,,,
0.25,29,0.0,1.0,20.0,392,10.79555977,864,11521,0.0003,0.009999999776482582,-331.75511169433594,90.16425704956055,21040,,,
0.25,29,0.0,1.0,20.0,395,10.05760156,868,11601,0.0003,0.009999999776482582,-330.5972137451172,144.2846221923828,21200,,,
0.25,29,0.0,1.0,20.0,398,9.814554359999999,872,11681,0.0003,0.009999999776482582,-330.8701934814453,92.89875030517578,21360,,,
0.25,29,0.0,1.0,20.0,400,9.26938553,876,11761,0.0003,0.009999999776482582,-330.4503631591797,126.78004455566406,21520,,,
0.25,29,0.0,1.0,20.0,403,8.111522429999999,880,11841,0.0003,0.009999999776482582,-329.43333435058594,76.27764892578125,21680,,,
0.25,29,0.0,1.0,20.0,405,8.44192251,884,11921,0.0003,0.009999999776482582,-330.21324157714844,95.31844711303711,21840,,,
0.25,29,0.0,1.0,20.0,413,9.75201401,888,12001,0.0003,0.009999999776482582,-332.50172424316406,104.01126098632812,22000,20.0,0.0,11.409381396188074
0.25,29,0.0,1.0,20.0,416,10.02454306,892,12081,0.0003,0.009999999776482582,-333.2986755371094,74.36120986938477,22160,,,
0.25,29,0.0,1.0,20.0,418,11.872944890000001,896,12161,0.0003,0.009999999776482582,-333.2543640136719,138.934814453125,22320,,,
0.25,29,0.0,1.0,20.0,421,13.029660199999999,900,12241,0.0003,0.009999999776482582,-335.37445068359375,109.80395126342773,22480,,,
0.25,29,0.0,1.0,20.0,423,14.240230470000002,904,12321,0.0003,0.009999999776482582,-332.84043884277344,114.67718505859375,22640,,,
0.25,29,0.0,1.0,20.0,426,15.69323808,908,12401,0.0003,0.009999999776482582,-337.9208526611328,114.84518814086914,22800,,,
0.25,29,0.0,1.0,20.0,428,16.78185651,912,12481,0.0003,0.009999999776482582,-336.5758056640625,101.00503540039062,22960,,,
0.25,29,0.0,1.0,20.0,431,18.38532045,916,12561,0.0003,0.009999999776482582,-337.7648010253906,150.75226211547852,23120,,,
0.25,29,0.0,1.0,20.0,433,19.0726395,920,12641,0.0003,0.009999999776482582,-337.0341491699219,121.57295227050781,23280,,,
0.25,29,0.0,1.0,20.0,436,20.65306888,924,12721,0.0003,0.009999999776482582,-334.6626892089844,69.11380767822266,23440,,,
0.25,29,0.0,1.0,20.0,439,21.71204219,928,12801,0.0003,0.009999999776482582,-337.4938659667969,115.91331481933594,23600,,,
0.25,29,0.0,1.0,20.0,441,23.38531269,932,12881,0.0003,0.009999999776482582,-336.80108642578125,101.82524299621582,23760,,,
0.25,29,0.0,1.0,20.0,444,24.688774839999997,936,12961,0.0003,0.009999999776482582,-337.27330017089844,85.12616729736328,23920,,,
0.25,29,0.0,1.0,20.0,447,26.25476942,940,13041,0.0003,0.009999999776482582,-334.52532958984375,113.69904327392578,24080,,,
0.25,29,0.0,1.0,20.0,449,27.600547109999997,944,13121,0.0003,0.009999999776482582,-337.78375244140625,134.07550811767578,24240,,,
0.25,29,0.0,1.0,20.0,452,27.88377965,948,13201,0.0003,0.009999999776482582,-334.29676818847656,72.96699333190918,24400,,,
0.25,29,0.0,1.0,20.0,454,28.756148539999998,952,13281,0.0003,0.009999999776482582,-335.3149871826172,113.4266586303711,24560,,,
0.25,29,0.0,1.0,20.0,457,30.184194520000002,956,13361,0.0003,0.009999999776482582,-334.5648651123047,106.59590530395508,24720,,,
0.25,29,0.0,1.0,20.0,459,31.146328769999997,960,13441,0.0003,0.009999999776482582,-333.28587341308594,67.66364288330078,24880,,,
0.25,29,0.0,1.0,20.0,462,31.72919362,964,13521,0.0003,0.009999999776482582,-331.80006408691406,98.94781875610352,25040,,,
0.25,29,0.0,1.0,20.0,465,32.47563599,968,13601,0.0003,0.009999999776482582,-332.936767578125,61.99042510986328,25200,,,
0.25,29,0.0,1.0,20.0,467,32.81270085,972,13681,0.0003,0.009999999776482582,-332.2872619628906,110.12352752685547,25360,,,
0.25,29,0.0,1.0,20.0,470,33.628161500000004,976,13761,0.0003,0.009999999776482582,-328.8662567138672,119.1860237121582,25520,,,
0.25,29,0.0,1.0,20.0,472,34.30933511,980,13841,0.0003,0.009999999776482582,-330.50665283203125,114.81515502929688,25680,,,
0.25,29,0.0,1.0,20.0,475,35.20168336,984,13921,0.0003,0.009999999776482582,-329.503173828125,104.71383666992188,25840,,,
0.25,28,0.0,1.0,20.0,482,35.61026627999999,988,14001,0.0003,0.009999999776482582,-331.06622314453125,135.0451202392578,26000,20.0,0.0,58.73623996948959
0.25,29,0.0,1.0,20.0,485,36.950097129999996,992,14081,0.0003,0.009999999776482582,-330.7146453857422,106.00531005859375,26160,,,
0.25,29,0.0,1.0,20.0,487,37.04900803,996,14161,0.0003,0.009999999776482582,-330.9231872558594,106.23396301269531,26320,,,
0.25,29,0.0,1.0,20.0,490,38.65484317999999,1000,14241,0.0003,0.009999999776482582,-328.4967346191406,95.24246215820312,26480,,,
0.25,29,0.0,1.0,20.0,492,39.36729278,1004,14321,0.0003,0.009999999776482582,-330.1409454345703,75.57334518432617,26640,,,
0.25,29,0.0,1.0,20.0,495,40.11498482,1008,14401,0.0003,0.009999999776482582,-328.29713439941406,127.9664077758789,26800,,,
0.25,29,0.0,1.0,20.0,497,40.62938742,1012,14481,0.0003,0.009999999776482582,-330.6599578857422,111.4684829711914,26960,,,
0.25,29,0.0,1.0,20.0,500,40.82406039,1016,14561,0.0003,0.009999999776482582,-328.9043426513672,68.95960235595703,27120,,,
0.25,29,0.0,1.0,20.0,502,42.18109873999999,1020,14641,0.0003,0.009999999776482582,-329.70680236816406,95.15580749511719,27280,,,
0.25,29,0.0,1.0,20.0,505,42.34284475,1024,14721,0.0003,0.009999999776482582,-330.2645721435547,134.43989944458008,27440,,,
0.25,29,0.0,1.0,20.0,507,42.88116105,1028,14801,0.0003,0.009999999776482582,-327.4315643310547,116.57449722290039,27600,,,
0.25,29,0.0,1.0,20.0,510,43.463104439999995,1032,14881,0.0003,0.009999999776482582,-327.76800537109375,120.34080505371094,27760,,,
0.25,29,0.0,1.0,20.0,512,43.20015926,1036,14961,0.0003,0.009999999776482582,-329.1149139404297,100.71784210205078,27920,,,
0.25,29,0.0,1.0,20.0,515,43.611978719999996,1040,15041,0.0003,0.009999999776482582,-327.3156433105469,63.80986404418945,28080,,,
0.25,29,0.0,1.0,20.0,517,43.11285796,1044,15121,0.0003,0.009999999776482582,-328.04522705078125,91.43711471557617,28240,,,
0.25,29,0.0,1.0,20.0,520,43.65659510999999,1048,15201,0.0003,0.009999999776482582,-327.29388427734375,124.35425567626953,28400,,,
0.25,29,0.0,1.0,20.0,522,43.25633140000001,1052,15281,0.0003,0.009999999776482582,-327.03541564941406,74.79825592041016,28560,,,
0.25,29,0.0,1.0,20.0,525,42.55589467,1056,15361,0.0003,0.009999999776482582,-325.51344299316406,97.7957534790039,28720,,,
0.25,29,0.0,1.0,20.0,527,41.81623209,1060,15441,0.0003,0.009999999776482582,-324.5820007324219,46.05421829223633,28880,,,
0.25,29,0.0,1.0,20.0,530,41.27066689,1064,15521,0.0003,0.009999999776482582,-326.108154296875,37.36173915863037,29040,,,
0.25,29,0.0,1.0,20.0,533,41.81361984,1068,15601,0.0003,0.009999999776482582,-327.38587951660156,115.82842254638672,29200,,,
0.25,29,0.0,1.0,20.0,535,41.84940772,1072,15681,0.0003,0.009999999776482582,-325.6349792480469,108.31123733520508,29360,,,
0.25,29,0.0,1.0,20.0,538,41.21957993,1076,15761,0.0003,0.009999999776482582,-326.2020721435547,46.101057052612305,29520,,,
0.25,29,0.0,1.0,20.0,540,42.03346509,1080,15841,0.0003,0.009999999776482582,-325.7611846923828,90.65998840332031,29680,,,
0.25,29,0.0,1.0,20.0,543,41.596274470000004,1084,15921,0.0003,0.009999999776482582,-329.6956024169922,81.66923141479492,29840,,,
0.25,28,0.0,1.0,20.0,551,42.015361809999995,1088,16001,0.0003,0.009999999776482582,-325.3282928466797,66.25702285766602,30000,20.0,0.0,33.00836898554452
0.25,29,0.0,1.0,20.0,554,42.826969180000006,1092,16081,0.0003,0.009999999776482582,-324.0000762939453,60.66697883605957,30160,,,
0.25,29,0.0,1.0,20.0,556,42.36304958000001,1096,16161,0.0003,0.009999999776482582,-326.6344757080078,73.58515167236328,30320,,,
0.25,29,0.0,1.0,20.0,559,41.378484019999995,1100,16241,0.0003,0.009999999776482582,-331.10650634765625,106.96395874023438,30480,,,
0.25,29,0.01,1.0,19.93,561,44.092408230000004,1104,16314,0.0003,0.009999999776482582,-325.39080810546875,52.78844451904297,30626,,,
0.25,29,0.01,1.0,19.93,564,44.2478104,1108,16394,0.0003,0.009999999776482582,-329.9852294921875,50.308767318725586,30786,,,
0.25,29,0.01,1.0,19.93,566,44.439306589999994,1112,16474,0.0003,0.009999999776482582,-327.9990692138672,82.88057708740234,30946,,,
0.25,29,0.01,1.0,19.93,569,44.512039290000004,1116,16554,0.0003,0.009999999776482582,-330.197509765625,99.21794509887695,31106,,,
0.25,29,0.01,1.0,19.93,571,44.305595440000005,1120,16634,0.0003,0.009999999776482582,-329.6569366455078,76.31599426269531,31266,,,
0.25,29,0.01,1.0,19.93,574,44.4899453,1124,16714,0.0003,0.009999999776482582,-331.0331115722656,127.58943176269531,31426,,,
0.25,29,0.01,1.0,19.93,576,44.50821743,1128,16794,0.0003,0.009999999776482582,-332.7543487548828,97.93909454345703,31586,,,
0.25,29,0.01,1.0,19.93,579,44.136476630000004,1132,16874,0.0003,0.009999999776482582,-331.3585205078125,110.87924194335938,31746,,,
0.25,29,0.01,1.0,19.93,581,45.12827011,1136,16954,0.0003,0.009999999776482582,-332.5204315185547,43.53411865234375,31906,,,
0.25,29,0.01,1.0,19.93,584,45.00487540000001,1140,17034,0.0003,0.009999999776482582,-333.9429168701172,106.53991317749023,32066,,,
0.25,29,0.01,1.0,19.93,586,46.32531288000001,1144,17114,0.0003,0.009999999776482582,-332.37281799316406,122.92913055419922,32226,,,
0.25,29,0.01,1.0,19.93,589,46.81590856999999,1148,17194,0.0003,0.009999999776482582,-334.48114013671875,93.77896499633789,32386,,,
0.25,29,0.01,1.0,19.93,591,47.061329349999994,1152,17274,0.0003,0.009999999776482582,-333.8531951904297,101.5760269165039,32546,,,
0.25,29,0.01,1.0,19.93,594,47.92531626,1156,17354,0.0003,0.009999999776482582,-331.73719787597656,83.91483688354492,32706,,,
0.25,29,0.01,1.0,19.93,596,49.00750964000001,1160,17434,0.0003,0.009999999776482582,-330.83502197265625,113.4815673828125,32866,,,
0.25,29,0.01,1.0,19.93,599,49.94998971000001,1164,17514,0.0003,0.009999999776482582,-334.35601806640625,94.7839126586914,33026,,,
0.25,29,0.01,1.0,19.93,601,49.064542900000006,1168,17594,0.0003,0.009999999776482582,-333.1800537109375,79.48255157470703,33186,,,
0.25,29,0.01,1.0,19.93,604,49.06747350999999,1172,17674,0.0003,0.009999999776482582,-332.9864044189453,94.52994918823242,33346,,,
0.25,29,0.01,1.0,19.93,606,49.52609912999999,1176,17754,0.0003,0.009999999776482582,-333.6187286376953,55.10823059082031,33506,,,
0.25,29,0.01,1.0,19.93,609,49.26484503,1180,17834,0.0003,0.009999999776482582,-333.2986755371094,147.7094268798828,33666,,,
0.25,29,0.01,1.0,19.93,611,49.79835886,1184,17914,0.0003,0.009999999776482582,-332.7955322265625,46.67030429840088,33826,,,
0.25,29,0.01,1.0,19.93,614,49.33571613000001,1188,17994,0.0003,0.009999999776482582,-332.8561248779297,82.01559257507324,33986,,,
0.25,29,0.01,1.0,19.93,622,49.573543659999984,1192,18074,0.0003,0.009999999776482582,-332.15724182128906,38.274192810058594,34146,20.0,0.0,36.93864893887725
0.25,29,0.01,1.0,19.93,625,49.19791695999999,1196,18154,0.0003,0.009999999776482582,-331.4906311035156,114.70977020263672,34306,,,
0.25,29,0.01,1.0,19.93,627,49.144500279999995,1200,18234,0.0003,0.009999999776482582,-330.50823974609375,67.58110046386719,34466,,,
0.25,29,0.0,1.0,20.0,630,46.21870329,1204,18314,0.0003,0.009999999776482582,-330.90391540527344,70.30256652832031,34626,,,
0.25,29,0.0,1.0,20.0,632,45.65699409,1208,18394,0.0003,0.009999999776482582,-330.05921936035156,120.1557388305664,34786,,,
0.25,29,0.0,1.0,20.0,635,45.99281079999999,1212,18474,0.0003,0.009999999776482582,-330.80914306640625,71.84164047241211,34946,,,
0.25,29,0.0,1.0,20.0,637,46.346668599999994,1216,18554,0.0003,0.009999999776482582,-330.3455352783203,83.7870864868164,35106,,,
0.25,29,0.0,1.0,20.0,640,46.249342750000004,1220,18634,0.0003,0.009999999776482582,-332.29942321777344,57.364871978759766,35266,,,
0.25,29,0.0,1.0,20.0,642,46.3910919,1224,18714,0.0003,0.009999999776482582,-328.0427703857422,83.96967315673828,35426,,,
0.25,29,0.0,1.0,20.0,645,46.92821321,1228,18794,0.0003,0.009999999776482582,-331.8515319824219,81.88212394714355,35586,,,
0.25,29,0.0,1.0,20.0,647,46.28570103999999,1232,18874,0.0003,0.009999999776482582,-331.5982208251953,68.20732498168945,35746,,,
0.25,29,0.0,1.0,20.0,650,45.993978719999994,1236,18954,0.0003,0.009999999776482582,-327.9015655517578,130.43575286865234,35906,,,
0.25,29,0.0,1.0,20.0,652,45.78562611999999,1240,19034,0.0003,0.009999999776482582,-332.0572814941406,52.502586364746094,36066,,,
0.25,29,0.0,1.0,20.0,655,44.930710520000005,1244,19114,0.0003,0.009999999776482582,-330.7103576660156,94.3311996459961,36226,,,
0.25,29,0.0,1.0,20.0,658,44.908923650000006,1248,19194,0.0003,0.009999999776482582,-330.4479675292969,96.73062515258789,36386,,,
0.25,29,0.0,1.0,20.0,660,45.15628124,1252,19274,0.0003,0.009999999776482582,-328.3718719482422,68.50289535522461,36546,,,
0.25,29,0.0,1.0,20.0,663,44.55339271,1256,19354,0.0003,0.009999999776482582,-328.5379180908203,76.56394958496094,36706,,,
0.25,29,0.0,1.0,20.0,665,43.96909343,1260,19434,0.0003,0.009999999776482582,-328.89268493652344,47.44753646850586,36866,,,
0.25,29,0.0,1.0,20.0,668,43.52289424000001,1264,19514,0.0003,0.009999999776482582,-327.3893737792969,83.20409393310547,37026,,,
0.25,29,0.0,1.0,20.0,671,44.394022320000005,1268,19594,0.0003,0.009999999776482582,-326.2613983154297,37.26206302642822,37186,,,
0.25,29,0.0,1.0,20.0,673,43.98528326,1272,19674,0.0003,0.009999999776482582,-329.6610565185547,83.7297592163086,37346,,,
0.25,29,0.0,1.0,20.0,676,43.4725965,1276,19754,0.0003,0.009999999776482582,-328.1562194824219,51.506797790527344,37506,,,
0.25,29,0.0,1.0,20.0,678,43.477562070000005,1280,19834,0.0003,0.009999999776482582,-327.6528015136719,97.67939376831055,37666,,,
0.25,29,0.0,1.0,20.0,681,42.350865750000004,1284,19914,0.0003,0.009999999776482582,-327.4663391113281,128.7034683227539,37826,,,
0.25,29,0.0,1.0,20.0,683,42.38734235999999,1288,19994,0.0003,0.009999999776482582,-327.0906982421875,62.21932411193848,37986,,,
0.25,28,0.0,1.0,20.0,692,41.71265834999999,1292,20074,0.0003,0.009999999776482582,-325.55340576171875,40.96332550048828,38146,20.0,0.0,45.83485973019758
0.25,29,0.0,1.0,20.0,694,42.25835774999999,1296,20154,0.0003,0.009999999776482582,-327.6190490722656,46.49381446838379,38306,,,
0.25,29,0.0,1.0,20.0,697,42.710760709999995,1300,20234,0.0003,0.009999999776482582,-327.36753845214844,116.80289077758789,38466,,,
0.25,29,0.0,1.0,20.0,699,42.80544293999999,1304,20314,0.0003,0.009999999776482582,-328.84764099121094,66.84521102905273,38626,,,
0.25,29,0.0,1.0,20.0,702,43.17234663,1308,20394,0.0003,0.009999999776482582,-327.75537109375,52.72298812866211,38786,,,
0.25,29,0.0,1.0,20.0,705,42.64156644,1312,20474,0.0003,0.009999999776482582,-326.7712707519531,29.892719268798828,38946,,,
0.25,29,0.0,1.0,20.0,707,42.40290160999999,1316,20554,0.0003,0.009999999776482582,-329.4193115234375,57.94451713562012,39106,,,
0.25,29,0.0,1.0,20.0,710,43.02739746,1320,20634,0.0003,0.009999999776482582,-329.4170837402344,94.34165954589844,39266,,,
0.25,29,0.01,1.0,19.99,712,45.53743636,1324,20713,0.0003,0.009999999776482582,-330.65708923339844,70.00642490386963,39424,,,
0.25,29,0.03,1.0,19.85,714,49.471279320000015,1328,20779,0.0003,0.009999999776482582,-331.3022003173828,54.667964935302734,39556,,,
0.25,29,0.03,1.0,19.85,716,50.52378967,1332,20859,0.0003,0.009999999776482582,-332.9805450439453,53.58250045776367,39716,,,
0.25,29,0.04,1.0,19.76,719,52.308707170000005,1336,20930,0.0003,0.009999999776482582,-332.1357727050781,104.30642700195312,39858,,,
0.25,29,0.04,1.0,19.76,721,53.13073662000001,1340,21010,0.0003,0.009999999776482582,-331.8933563232422,68.28807830810547,40018,,,
0.25,29,0.04,1.0,19.76,724,53.31369523,1344,21090,0.0003,0.009999999776482582,-331.9588165283203,50.08140563964844,40178,,,
0.25,29,0.05,1.0,19.75,726,55.697429809999996,1348,21169,0.0003,0.009999999776482582,-333.67027282714844,94.66319274902344,40336,,,
0.25,29,0.05,1.0,19.75,729,56.69789200000001,1352,21249,0.0003,0.009999999776482582,-331.9183807373047,91.0691785812378,40496,,,
0.25,29,0.05,1.0,19.75,731,56.78729718,1356,21329,0.0003,0.009999999776482582,-333.42396545410156,64.25528335571289,40656,,,
0.25,29,0.05,1.0,19.75,733,56.84586296,1360,21409,0.0003,0.009999999776482582,-333.5536193847656,64.90780639648438,40816,,,
0.25,29,0.05,1.0,19.75,736,57.16265229,1364,21489,0.0003,0.009999999776482582,-333.8309631347656,95.60252380371094,40976,,,
0.25,29,0.05,1.0,19.75,738,57.283566259999986,1368,21569,0.0003,0.009999999776482582,-333.2302551269531,86.64936828613281,41136,,,
0.25,29,0.05,1.0,19.75,741,58.11025475,1372,21649,0.0003,0.009999999776482582,-335.8590393066406,97.55260467529297,41296,,,
0.25,29,0.05,1.0,19.75,743,59.01431136,1376,21729,0.0003,0.009999999776482582,-335.21343994140625,64.00299072265625,41456,,,
0.25,29,0.05,1.0,19.75,746,59.180557639999996,1380,21809,0.0003,0.009999999776482582,-336.42388916015625,96.02943420410156,41616,,,
0.25,29,0.05,1.0,19.75,748,60.89849416,1384,21889,0.0003,0.009999999776482582,-332.34710693359375,162.52305603027344,41776,,,
0.25,29,0.06,1.0,19.72,751,62.60982065,1388,21966,0.0003,0.009999999776482582,-335.0086364746094,46.1640625,41930,,,
0.5,29,0.06,2.0,19.72,759,62.690902830000006,1392,22046,0.0003,0.009999999776482582,-335.1881408691406,46.93663024902344,42090,20.0,0.0,42.4564685857044
0.5,29,0.06,2.0,19.72,761,61.90210376,1396,22126,0.0003,0.009999999776482582,-335.6712951660156,87.84418487548828,42250,,,
0.5,29,0.06,2.0,19.72,764,61.24531855,1400,22206,0.0003,0.009999999776482582,-334.8911590576172,74.34751510620117,42410,,,
0.5,29,0.06,2.0,19.72,766,62.04332814,1404,22286,0.0003,0.009999999776482582,-333.9889831542969,110.90654373168945,42570,,,
0.5,29,0.06,2.0,19.72,769,62.20865634999999,1408,22366,0.0003,0.009999999776482582,-333.64381408691406,102.0367431640625,42730,,,
0.5,29,0.06,2.0,19.72,771,62.02891001,1412,22446,0.0003,0.009999999776482582,-332.8451690673828,74.78846168518066,42890,,,
0.5,29,0.06,2.0,19.72,774,61.82230622999999,1416,22526,0.0003,0.009999999776482582,-334.9482727050781,112.77095031738281,43050,,,
0.5,29,0.06,2.0,19.72,776,61.034644820000004,1420,22606,0.0003,0.009999999776482582,-330.95347595214844,54.25299644470215,43210,,,
0.5,29,0.05,2.0,19.73,779,58.30977535,1424,22686,0.0003,0.009999999776482582,-335.1544494628906,110.27123260498047,43370,,,
0.5,29,0.03,2.0,19.87,782,53.89045733,1428,22766,0.0003,0.009999999776482582,-333.56654357910156,119.83137512207031,43530,,,
0.5,29,0.03,2.0,19.87,784,53.53894585,1432,22846,0.0003,0.009999999776482582,-336.04640197753906,69.50012969970703,43690,,,
0.5,29,0.02,2.0,19.96,787,52.04292947000002,1436,22926,0.0003,0.009999999776482582,-333.21588134765625,53.994144439697266,43850,,,
0.5,29,0.02,2.0,19.96,790,51.81548857000001,1440,23006,0.0003,0.009999999776482582,-334.78636169433594,38.714080810546875,44010,,,
0.5,29,0.03,2.0,19.86,792,54.09319445999999,1444,23076,0.0003,0.009999999776482582,-333.63812255859375,114.09505462646484,44150,,,
0.5,29,0.02,2.0,19.87,795,51.254430830000004,1448,23156,0.0003,0.009999999776482582,-336.18218994140625,125.63146209716797,44310,,,
0.5,29,0.02,2.0,19.87,797,51.19814847,1452,23236,0.0003,0.009999999776482582,-336.63800048828125,64.9944953918457,44470,,,
0.5,29,0.02,2.0,19.87,800,51.05351444,1456,23316,0.0003,0.009999999776482582,-334.0971374511719,62.63150215148926,44630,,,
0.5,29,0.02,2.0,19.87,803,50.31521145,1460,23396,0.0003,0.009999999776482582,-334.94866943359375,63.20976448059082,44790,,,
0.5,29,0.02,2.0,19.87,805,50.157046799999996,1464,23476,0.0003,0.009999999776482582,-336.27162170410156,115.49774932861328,44950,,,
0.5,29,0.02,2.0,19.87,808,49.90295990999999,1468,23556,0.0003,0.009999999776482582,-336.3632507324219,72.04970932006836,45110,,,
0.5,29,0.02,2.0,19.87,811,49.86357831,1472,23636,0.0003,0.009999999776482582,-333.88465881347656,203.51487731933594,45270,,,
0.5,29,0.02,2.0,19.87,813,49.88337580000001,1476,23716,0.0003,0.009999999776482582,-335.9531707763672,100.5207290649414,45430,,,
0.5,29,0.02,2.0,19.87,816,49.94509843,1480,23796,0.0003,0.009999999776482582,-334.9551696777344,82.43051528930664,45590,,,
0.5,29,0.02,2.0,19.87,819,49.57727400999999,1484,23876,0.0003,0.009999999776482582,-336.3680419921875,90.8874740600586,45750,,,
0.5,29,0.01,2.0,19.9,821,48.22832616000001,1488,23956,0.0003,0.009999999776482582,-335.4428405761719,33.53557777404785,45910,,,
0.5,28,0.01,2.0,19.9,830,49.141309629999995,1492,24036,0.0003,0.009999999776482582,-335.49468994140625,127.15488052368164,46070,20.0,0.0,43.33329168692252
0.5,28,0.01,2.0,19.9,832,50.102823019999995,1496,24116,0.0003,0.009999999776482582,-337.38433837890625,112.55156707763672,46230,,,
0.5,28,0.01,2.0,19.9,835,49.9036663,1500,24196,0.0003,0.009999999776482582,-333.8199768066406,80.53770065307617,46390,,,
0.5,28,0.01,2.0,19.9,838,50.185223539999996,1504,24276,0.0003,0.009999999776482582,-335.9378204345703,61.33783531188965,46550,,,
0.5,28,0.01,2.0,19.9,840,50.77868047,1508,24356,0.0003,0.009999999776482582,-333.7322998046875,131.75928497314453,46710,,,
0.5,28,0.01,2.0,19.9,843,51.49016363,1512,24436,0.0003,0.009999999776482582,-337.76947021484375,38.38934135437012,46870,,,
0.5,28,0.01,2.0,19.9,846,52.30952219000001,1516,24516,0.0003,0.009999999776482582,-333.37486267089844,101.21202850341797,47030,,,
0.5,28,0.01,2.0,19.9,849,52.87905192,1520,24596,0.0003,0.009999999776482582,-335.8495635986328,41.47926616668701,47190,,,
0.5,28,0.01,2.0,19.9,852,51.96879534000001,1524,24676,0.0003,0.009999999776482582,-334.774169921875,62.99791717529297,47350,,,
0.5,28,0.01,2.0,19.9,855,51.67223405,1528,24756,0.0003,0.009999999776482582,-336.012939453125,114.2021484375,47510,,,
0.5,28,0.01,2.0,19.9,858,52.052065330000005,1532,24836,0.0003,0.009999999776482582,-332.7908172607422,85.61880493164062,47670,,,
0.5,28,0.01,2.0,19.9,861,51.77967845,1536,24916,0.0003,0.009999999776482582,-334.54237365722656,49.23484802246094,47830,,,
0.5,28,0.01,2.0,19.9,864,52.31848010000001,1540,24996,0.0003,0.009999999776482582,-335.5725555419922,59.769564628601074,47990,,,
0.5,28,0.0,2.0,20.0,867,49.726244560000005,1544,25076,0.0003,0.009999999776482582,-334.8134002685547,117.37430191040039,48150,,,
0.5,28,0.0,2.0,20.0,870,49.416571590000004,1548,25156,0.0003,0.009999999776482582,-333.6210479736328,64.01809310913086,48310,,,
0.5,28,0.0,2.0,20.0,874,48.42999828000001,1552,25236,0.0003,0.009999999776482582,-335.07029724121094,71.09554100036621,48470,,,
0.5,28,0.0,2.0,20.0,877,49.66181986000001,1556,25316,0.0003,0.009999999776482582,-334.9318084716797,81.88743591308594,48630,,,
0.5,28,0.0,2.0,20.0,880,51.53350729000001,1560,25396,0.0003,0.009999999776482582,-331.74696350097656,107.2702407836914,48790,,,
0.5,28,0.0,2.0,20.0,883,52.25290070999999,1564,25476,0.0003,0.009999999776482582,-334.5828552246094,62.269683837890625,48950,,,
0.5,28,0.0,2.0,20.0,886,52.44552332,1568,25556,0.0003,0.009999999776482582,-332.9730682373047,59.975547790527344,49110,,,
0.5,28,0.0,2.0,20.0,889,51.70816221999999,1572,25636,0.0003,0.009999999776482582,-335.60182189941406,38.22040367126465,49270,,,
0.5,28,0.0,2.0,20.0,892,52.46873008999999,1576,25716,0.0003,0.009999999776482582,-332.75892639160156,40.580421447753906,49430,,,
0.5,28,0.0,2.0,20.0,895,51.74487958,1580,25796,0.0003,0.009999999776482582,-331.32444763183594,61.71791076660156,49590,,,
0.5,28,0.0,2.0,20.0,898,51.40290688,1584,25876,0.0003,0.009999999776482582,-330.87791442871094,60.355854988098145,49750,,,
0.5,28,0.0,2.0,20.0,901,52.215719140000004,1588,25956,0.0003,0.009999999776482582,-331.2215118408203,42.88937759399414,49910,,,
0.5,28,0.0,2.0,20.0,910,51.47242248999999,1592,26036,0.0003,0.009999999776482582,-329.6795349121094,53.871604919433594,50070,20.0,0.0,54.79944592867734
0.5,28,0.0,2.0,20.0,913,51.930338109999994,1596,26116,0.0003,0.009999999776482582,-331.5867919921875,121.8716812133789,50230,,,
0.5,28,0.0,2.0,20.0,916,53.326524260000014,1600,26196,0.0003,0.009999999776482582,-329.8244323730469,48.31181526184082,50390,,,
0.5,28,0.0,2.0,20.0,919,52.75493262,1604,26276,0.0003,0.009999999776482582,-331.22938537597656,26.70189094543457,50550,,,
0.5,28,0.0,2.0,20.0,922,52.01040254,1608,26356,0.0003,0.009999999776482582,-330.5515441894531,88.0027027130127,50710,,,
0.5,28,0.0,2.0,20.0,925,51.66122405999999,1612,26436,0.0003,0.009999999776482582,-331.76377868652344,72.36260986328125,50870,,,
0.5,28,0.0,2.0,20.0,928,51.12032712999999,1616,26516,0.0003,0.009999999776482582,-331.56207275390625,78.67848014831543,51030,,,
0.5,28,0.0,2.0,20.0,931,50.35063332999998,1620,26596,0.0003,0.009999999776482582,-331.2007751464844,49.99473571777344,51190,,,
0.5,28,0.0,2.0,20.0,934,51.13461983,1624,26676,0.0003,0.009999999776482582,-330.9251403808594,73.1158332824707,51350,,,
0.5,28,0.0,2.0,20.0,937,51.69518561999999,1628,26756,0.0003,0.009999999776482582,-332.7899475097656,48.362470626831055,51510,,,
0.5,28,0.0,2.0,20.0,941,50.658086430000004,1632,26836,0.0003,0.009999999776482582,-332.78326416015625,53.76278877258301,51670,,,
0.5,28,0.0,2.0,20.0,944,50.39351766000001,1636,26916,0.0003,0.009999999776482582,-333.3066711425781,29.296039581298828,51830,,,
0.5,28,0.0,2.0,20.0,947,49.18403897000001,1640,26996,0.0003,0.009999999776482582,-332.8659210205078,69.35316467285156,51990,,,
0.5,28,0.0,2.0,20.0,951,49.52432774000001,1644,27076,0.0003,0.009999999776482582,-331.53697204589844,117.0062370300293,52150,,,
0.5,28,0.0,2.0,20.0,954,50.926608829999985,1648,27156,0.0003,0.009999999776482582,-333.5987548828125,47.13175010681152,52310,,,
0.5,28,0.0,2.0,20.0,957,50.952292009999994,1652,27236,0.0003,0.009999999776482582,-330.9913330078125,71.8382625579834,52470,,,
0.5,28,0.0,2.0,20.0,960,50.54999713999999,1656,27316,0.0003,0.009999999776482582,-332.7306823730469,44.60565948486328,52630,,,
0.5,28,0.0,2.0,20.0,963,49.1459166,1660,27396,0.0003,0.009999999776482582,-331.30584716796875,18.99695873260498,52790,,,
0.5,28,0.0,2.0,20.0,966,49.411673220000004,1664,27476,0.0003,0.009999999776482582,-330.6978302001953,92.18705940246582,52950,,,
0.5,28,0.0,2.0,20.0,969,50.35653789,1668,27556,0.0003,0.009999999776482582,-334.3392791748047,72.78425979614258,53110,,,
0.5,28,0.0,2.0,20.0,972,52.548436259999995,1672,27636,0.0003,0.009999999776482582,-333.7714080810547,81.52098083496094,53270,,,
0.5,28,0.0,2.0,20.0,975,52.31485087,1676,27716,0.0003,0.009999999776482582,-329.9552917480469,138.82020568847656,53430,,,
0.5,28,0.0,2.0,20.0,978,53.973279389999995,1680,27796,0.0003,0.009999999776482582,-333.51800537109375,26.776888370513916,53590,,,
0.5,28,0.0,2.0,20.0,981,55.62187884,1684,27876,0.0003,0.009999999776482582,-333.63209533691406,51.3893928527832,53750,,,
0.5,28,0.0,2.0,20.0,984,55.64373838,1688,27956,0.0003,0.009999999776482582,-333.6948547363281,42.05183696746826,53910,,,
0.5,28,0.0,2.0,20.0,993,55.9242843,1692,28036,0.0003,0.009999999776482582,-332.31346130371094,32.77398872375488,54070,20.0,0.0,78.27081161482552
0.5,28,0.0,2.0,20.0,996,57.24740260000001,1696,28116,0.0003,0.009999999776482582,-334.9034881591797,119.18394660949707,54230,,,
0.5,28,0.0,2.0,20.0,999,57.34146732,1700,28196,0.0003,0.009999999776482582,-333.6710968017578,41.38390350341797,54390,,,
0.5,28,0.0,2.0,20.0,1002,58.40103037,1704,28276,0.0003,0.009999999776482582,-331.7279815673828,103.78756332397461,54550,,,
0.5,28,0.0,2.0,20.0,1005,60.13967109,1708,28356,0.0003,0.009999999776482582,-333.29087829589844,41.031253814697266,54710,,,
0.5,28,0.0,2.0,20.0,1008,62.422763419999995,1712,28436,0.0003,0.009999999776482582,-333.68031311035156,50.3810920715332,54870,,,
0.5,28,0.0,2.0,20.0,1012,64.49750911,1716,28516,0.0003,0.009999999776482582,-335.3307189941406,59.637454986572266,55030,,,
0.5,28,0.0,2.0,20.0,1015,67.3301088,1720,28596,0.0003,0.009999999776482582,-336.24432373046875,45.57985877990723,55190,,,
0.5,28,0.0,2.0,20.0,1018,69.41078181,1724,28676,0.0003,0.009999999776482582,-335.8144226074219,37.625226974487305,55350,,,
0.5,28,0.0,2.0,20.0,1021,69.66011081999999,1728,28756,0.0003,0.009999999776482582,-337.3004150390625,26.790447235107422,55510,,,
0.5,28,0.0,2.0,20.0,1024,72.19547552,1732,28836,0.0003,0.009999999776482582,-336.3564910888672,124.35123443603516,55670,,,
0.5,28,0.0,2.0,20.0,1027,74.43380577,1736,28916,0.0003,0.009999999776482582,-336.6560516357422,42.2873420715332,55830,,,
0.5,28,0.0,2.0,20.0,1030,75.79114993000002,1740,28996,0.0003,0.009999999776482582,-337.9279479980469,81.80177116394043,55990,,,
0.5,28,0.0,2.0,20.0,1034,77.86400123,1744,29076,0.0003,0.009999999776482582,-338.2414855957031,59.795278549194336,56150,,,
0.5,28,0.0,2.0,20.0,1037,79.26912685,1748,29156,0.0003,0.009999999776482582,-339.517333984375,40.13285827636719,56310,,,
0.5,28,0.0,2.0,20.0,1040,81.11895232,1752,29236,0.0003,0.009999999776482582,-337.2805938720703,125.69249725341797,56470,,,
0.5,28,0.0,2.0,20.0,1043,82.67382103,1756,29316,0.0003,0.009999999776482582,-340.813232421875,72.110595703125,56630,,,
0.5,28,0.0,2.0,20.0,1046,83.05724771000001,1760,29396,0.0003,0.009999999776482582,-340.719970703125,79.94845199584961,56790,,,
0.5,28,0.0,2.0,20.0,1050,84.07276387000002,1764,29476,0.0003,0.009999999776482582,-341.1480255126953,47.09200859069824,56950,,,
0.5,28,0.0,2.0,20.0,1053,84.77308350999999,1768,29556,0.0003,0.009999999776482582,-340.62158203125,81.48077392578125,57110,,,
0.5,28,0.0,2.0,20.0,1056,84.89818274999999,1772,29636,0.0003,0.009999999776482582,-341.7134704589844,76.28822326660156,57270,,,
0.5,28,0.0,2.0,20.0,1059,85.98958744,1776,29716,0.0003,0.009999999776482582,-345.20562744140625,44.23052787780762,57430,,,
0.5,28,0.0,2.0,20.0,1062,86.91706689999997,1780,29796,0.0003,0.009999999776482582,-345.00177001953125,79.08008193969727,57590,,,
0.5,28,0.0,2.0,20.0,1065,87.62887664,1784,29876,0.0003,0.009999999776482582,-345.072265625,52.7498083114624,57750,,,
0.5,28,0.0,2.0,20.0,1068,88.29627484000001,1788,29956,0.0003,0.009999999776482582,-343.0703582763672,149.89593887329102,57910,,,
0.5,27,0.0,2.0,20.0,1077,89.87125767999999,1792,30036,0.0003,0.009999999776482582,-348.2745056152344,82.44876480102539,58070,20.0,0.0,94.92412407979243
0.5,27,0.0,2.0,20.0,1079,89.39012798999998,1796,30116,0.0003,0.009999999776482582,-347.4340362548828,80.47758865356445,58230,,,
0.5,27,0.0,2.0,20.0,1082,90.55940372999997,1800,30196,0.0003,0.009999999776482582,-348.6380920410156,134.1694679260254,58390,,,
0.5,27,0.0,2.0,20.0,1085,91.00854282,1804,30276,0.0003,0.009999999776482582,-351.22576904296875,60.68488693237305,58550,,,
0.5,27,0.0,2.0,20.0,1089,90.87436222000001,1808,30356,0.0003,0.009999999776482582,-351.44935607910156,72.8013916015625,58710,,,
0.5,27,0.0,2.0,20.0,1092,90.66742662000003,1812,30436,0.0003,0.009999999776482582,-350.7373962402344,79.2599983215332,58870,,,
0.5,27,0.0,2.0,20.0,1095,90.93696450000002,1816,30516,0.0003,0.009999999776482582,-350.7994689941406,47.08976936340332,59030,,,
0.5,27,0.0,2.0,20.0,1098,90.80885776999997,1820,30596,0.0003,0.009999999776482582,-352.364013671875,32.03269386291504,59190,,,
0.5,27,0.0,2.0,20.0,1101,90.96059445999998,1824,30676,0.0003,0.009999999776482582,-352.41827392578125,48.26228332519531,59350,,,
0.5,27,0.0,2.0,20.0,1104,92.65868552999999,1828,30756,0.0003,0.009999999776482582,-352.5729217529297,67.55400085449219,59510,,,
0.5,27,0.0,2.0,20.0,1107,92.91601813999999,1832,30836,0.0003,0.009999999776482582,-357.4860382080078,64.69546699523926,59670,,,
0.5,27,0.0,2.0,20.0,1110,92.76071909000001,1836,30916,0.0003,0.009999999776482582,-358.03880310058594,60.45530128479004,59830,,,
0.5,27,0.0,2.0,20.0,1112,92.68939175000001,1840,30996,0.0003,0.009999999776482582,-356.0660858154297,57.524139404296875,59990,,,
0.5,27,0.0,2.0,20.0,1115,92.71137995999999,1844,31076,0.0003,0.009999999776482582,-357.638916015625,47.309783935546875,60150,,,
0.5,27,0.0,2.0,20.0,1118,92.75521748,1848,31156,0.0003,0.009999999776482582,-360.3890075683594,149.1261215209961,60310,,,
0.5,27,0.0,2.0,20.0,1121,93.19696717999999,1852,31236,0.0003,0.009999999776482582,-359.92918395996094,36.08062744140625,60470,,,
0.5,27,0.0,2.0,20.0,1124,93.10929021000001,1856,31316,0.0003,0.009999999776482582,-362.41038513183594,72.50380325317383,60630,,,
0.5,27,0.0,2.0,20.0,1127,94.93666309999999,1860,31396,0.0003,0.009999999776482582,-356.48670959472656,57.58746337890625,60790,,,
0.5,27,0.0,2.0,20.0,1130,94.63988866,1864,31476,0.0003,0.009999999776482582,-363.78863525390625,117.92236328125,60950,,,
0.5,27,0.0,2.0,20.0,1133,94.67963316,1868,31556,0.0003,0.009999999776482582,-363.6143341064453,32.05109691619873,61110,,,
0.5,27,0.01,2.0,19.82,1136,95.80380968000001,1872,31618,0.0003,0.009999999776482582,-362.4444122314453,98.98894119262695,61234,,,
0.5,27,0.01,2.0,19.82,1139,95.76856977000001,1876,31698,0.0003,0.009999999776482582,-365.31031799316406,35.9920768737793,61394,,,
0.5,27,0.01,2.0,19.82,1142,95.70467554000001,1880,31778,0.0003,0.009999999776482582,-363.3545684814453,64.4747724533081,61554,,,
0.5,27,0.02,2.0,19.64,1144,96.68402373,1884,31840,0.0003,0.009999999776482582,-364.8410186767578,88.87674140930176,61678,,,
0.5,27,0.02,2.0,19.64,1147,96.68269478,1888,31920,0.0003,0.009999999776482582,-364.13551330566406,69.14736938476562,61838,,,
0.5,27,0.02,2.0,19.64,1155,96.62203718999999,1892,32000,0.0003,0.009999999776482582,-365.8106994628906,30.02451801300049,61998,20.0,0.0,88.09209606002317
0.5,27,0.02,2.0,19.64,1158,97.3173979,1896,32080,0.0003,0.009999999776482582,-368.4047088623047,79.88701629638672,62158,,,
0.5,27,0.02,2.0,19.64,1161,97.06082058000001,1900,32160,0.0003,0.009999999776482582,-366.3406982421875,61.76365089416504,62318,,,
0.5,27,0.02,2.0,19.64,1164,96.94676563000003,1904,32240,0.0003,0.009999999776482582,-369.3553161621094,94.3503475189209,62478,,,
0.5,27,0.02,2.0,19.64,1167,96.67285815,1908,32320,0.0003,0.009999999776482582,-371.7381591796875,148.83438110351562,62638,,,
0.5,27,0.02,2.0,19.64,1170,96.32543221,1912,32400,0.0003,0.009999999776482582,-371.2201232910156,90.14882278442383,62798,,,
0.5,27,0.02,2.0,19.64,1173,95.25533993,1916,32480,0.0003,0.009999999776482582,-371.86207580566406,104.53891181945801,62958,,,
0.5,27,0.02,2.0,19.64,1176,94.86760596,1920,32560,0.0003,0.009999999776482582,-372.3837432861328,77.05925750732422,63118,,,
0.5,27,0.02,2.0,19.64,1179,94.44700385999998,1924,32640,0.0003,0.009999999776482582,-374.01849365234375,115.5596923828125,63278,,,
0.5,27,0.02,2.0,19.64,1182,94.09097460999999,1928,32720,0.0003,0.009999999776482582,-376.442626953125,126.13723754882812,63438,,,
0.5,27,0.03,2.0,19.49,1185,94.85804753999999,1932,32785,0.0003,0.009999999776482582,-375.6116180419922,48.62679672241211,63568,,,
0.5,27,0.03,2.0,19.49,1188,94.36653265999999,1936,32865,0.0003,0.009999999776482582,-376.66883850097656,135.9800033569336,63728,,,
0.5,27,0.03,2.0,19.49,1191,95.15638407999997,1940,32945,0.0003,0.009999999776482582,-374.49664306640625,89.21981906890869,63888,,,
0.5,27,0.03,2.0,19.49,1194,94.55690705,1944,33025,0.0003,0.009999999776482582,-375.0155944824219,30.419349193572998,64048,,,
0.5,27,0.03,2.0,19.49,1197,94.39041499000001,1948,33105,0.0003,0.009999999776482582,-377.41131591796875,61.90882587432861,64208,,,
0.5,27,0.03,2.0,19.49,1200,94.00476678999999,1952,33185,0.0003,0.009999999776482582,-375.71388244628906,105.70320701599121,64368,,,
0.5,27,0.03,2.0,19.49,1203,93.75840686000001,1956,33265,0.0003,0.009999999776482582,-380.98793029785156,40.7843074798584,64528,,,
0.5,27,0.03,2.0,19.49,1206,94.15447469,1960,33345,0.0003,0.009999999776482582,-375.17034912109375,152.67758178710938,64688,,,
0.5,27,0.03,2.0,19.49,1209,94.40609805999999,1964,33425,0.0003,0.009999999776482582,-379.4562225341797,29.389775276184082,64848,,,
0.5,27,0.04,2.0,19.35,1212,95.44508813,1968,33491,0.0003,0.009999999776482582,-380.3055114746094,143.74289321899414,64980,,,
0.5,27,0.03,2.0,19.53,1215,94.55543313,1972,33571,0.0003,0.009999999776482582,-382.71490478515625,124.1231803894043,65140,,,
0.5,27,0.03,2.0,19.53,1218,94.74901990000001,1976,33651,0.0003,0.009999999776482582,-380.822998046875,174.86520385742188,65300,,,
0.5,27,0.03,2.0,19.53,1221,93.90253056999998,1980,33731,0.0003,0.009999999776482582,-380.6187438964844,172.88925170898438,65460,,,
0.5,27,0.02,2.0,19.71,1224,92.77269287999998,1984,33811,0.0003,0.009999999776482582,-381.1011962890625,102.98096466064453,65620,,,
0.5,27,0.02,2.0,19.71,1227,93.36911284,1988,33891,0.0003,0.009999999776482582,-383.72540283203125,95.98039245605469,65780,,,
0.5,27,0.02,2.0,19.71,1230,92.25381095,1992,33971,0.0003,0.009999999776482582,-385.95216369628906,203.25022888183594,65940,,,
0.75,27,0.02,3.0,19.71,1238,92.34100283,1996,34051,0.0003,0.009999999776482582,-384.34934997558594,49.500009536743164,66100,18.35,0.1,126.71843831734081
0.75,27,0.02,3.0,19.71,1241,92.90924129999999,2000,34131,0.0003,0.009999999776482582,-384.91249084472656,108.55537128448486,66260,,,
0.75,27,0.02,3.0,19.71,1245,93.00151096000002,2004,34211,0.0003,0.009999999776482582,-384.95892333984375,76.7846794128418,66420,,,
0.75,27,0.02,3.0,19.71,1248,93.75965442000002,2008,34291,0.0003,0.009999999776482582,-384.4253845214844,99.9837555885315,66580,,,
0.75,27,0.02,3.0,19.71,1250,94.43570487999999,2012,34371,0.0003,0.009999999776482582,-384.8078308105469,159.1785545349121,66740,,,
0.75,27,0.02,3.0,19.71,1253,95.1739401,2016,34451,0.0003,0.009999999776482582,-385.20213317871094,92.53254127502441,66900,,,
0.75,27,0.02,3.0,19.71,1256,95.76162844000001,2020,34531,0.0003,0.009999999776482582,-386.5315246582031,89.2403450012207,67060,,,
0.75,27,0.02,3.0,19.71,1259,96.51426001999998,2024,34611,0.0003,0.009999999776482582,-386.9064025878906,111.28984069824219,67220,,,
0.75,27,0.03,3.0,19.55,1261,97.02464757000001,2028,34675,0.0003,0.009999999776482582,-388.2039794921875,93.14101600646973,67348,,,
0.75,27,0.02,3.0,19.7,1265,96.49660974999999,2032,34755,0.0003,0.009999999776482582,-389.9644470214844,44.88945007324219,67508,,,
0.75,27,0.02,3.0,19.7,1268,97.17857712000001,2036,34835,0.0003,0.009999999776482582,-391.4808044433594,79.51329612731934,67668,,,
0.75,27,0.03,3.0,19.69,1271,99.43157810999999,2040,34914,0.0003,0.009999999776482582,-390.84999084472656,84.04064559936523,67826,,,
0.75,27,0.03,3.0,19.69,1274,100.29912307999999,2044,34994,0.0003,0.009999999776482582,-387.8394317626953,34.42050552368164,67986,,,
0.75,27,0.03,3.0,19.69,1277,101.04180604999999,2048,35074,0.0003,0.009999999776482582,-390.1619567871094,101.3274507522583,68146,,,
0.75,27,0.03,3.0,19.69,1280,101.17191902999997,2052,35154,0.0003,0.009999999776482582,-391.3016357421875,104.63684272766113,68306,,,
0.75,27,0.03,3.0,19.69,1283,102.03985465,2056,35234,0.0003,0.009999999776482582,-391.76490783691406,42.85028839111328,68466,,,
0.75,27,0.03,3.0,19.69,1286,102.16029346000003,2060,35314,0.0003,0.009999999776482582,-390.9137725830078,69.50504493713379,68626,,,
0.75,27,0.03,3.0,19.69,1289,102.69673616,2064,35394,0.0003,0.009999999776482582,-393.0160217285156,79.98116493225098,68786,,,
0.75,27,0.02,3.0,19.83,1292,101.83544237,2068,35474,0.0003,0.009999999776482582,-394.3275146484375,144.00445556640625,68946,,,
0.75,27,0.02,3.0,19.83,1295,102.66885394,2072,35554,0.0003,0.009999999776482582,-394.5384979248047,127.81230545043945,69106,,,
0.75,27,0.05,3.0,19.35,1296,106.75054443,2076,35586,0.0003,0.009999999776482582,-394.2279510498047,160.11132049560547,69170,,,
0.75,27,0.05,3.0,19.35,1299,108.18735564,2080,35666,0.0003,0.009999999776482582,-395.1692199707031,131.05794525146484,69330,,,
0.75,27,0.05,3.0,19.35,1302,108.94483717999998,2084,35746,0.0003,0.009999999776482582,-396.6706085205078,120.62783432006836,69490,,,
0.75,27,0.05,3.0,19.35,1305,107.92475405,2088,35826,0.0003,0.009999999776482582,-395.99278259277344,141.72307014465332,69650,,,
0.75,27,0.05,3.0,19.35,1308,109.42937303999999,2092,35906,0.0003,0.009999999776482582,-395.9811706542969,182.90520477294922,69810,,,
0.75,27,0.05,3.0,19.35,1311,109.67199329999998,2096,35986,0.0003,0.009999999776482582,-397.3091125488281,105.6143569946289,69970,,,
0.75,27,0.05,3.0,19.35,1319,110.03654055999998,2100,36066,0.0003,0.009999999776482582,-396.0864562988281,131.7565803527832,70130,20.0,0.0,110.42146245522922
0.75,27,0.05,3.0,19.35,1322,110.73500501000001,2104,36146,0.0003,0.009999999776482582,-396.4052276611328,228.56813049316406,70290,,,
0.75,27,0.05,3.0,19.35,1325,110.66570476000001,2108,36226,0.0003,0.009999999776482582,-397.14744567871094,92.6833553314209,70450,,,
0.75,27,0.06,3.0,19.17,1327,111.99330545000002,2112,36288,0.0003,0.009999999776482582,-399.4867248535156,62.73821449279785,70574,,,
0.75,27,0.06,3.0,19.17,1330,112.62799514999999,2116,36368,0.0003,0.009999999776482582,-399.2587890625,116.94179916381836,70734,,,
0.75,27,0.06,3.0,19.17,1333,112.79727279999997,2120,36448,0.0003,0.009999999776482582,-400.0177307128906,23.22800922393799,70894,,,
0.75,27,0.06,3.0,19.17,1336,112.6631651,2124,36528,0.0003,0.009999999776482582,-402.1995086669922,107.42884063720703,71054,,,
0.75,27,0.05,3.0,19.33,1338,112.38415257999999,2128,36608,0.0003,0.009999999776482582,-402.7722930908203,78.22523498535156,71214,,,
0.75,27,0.05,3.0,19.33,1341,112.29760537000001,2132,36688,0.0003,0.009999999776482582,-402.0941925048828,128.51376342773438,71374,,,
0.75,27,0.05,3.0,19.33,1344,113.02835647000003,2136,36768,0.0003,0.009999999776482582,-405.3154602050781,83.6497631072998,71534,,,
0.75,27,0.04,3.0,19.34,1347,111.1203885,2140,36848,0.0003,0.009999999776482582,-402.1040802001953,64.78923416137695,71694,,,
0.75,27,0.04,3.0,19.34,1350,111.24183141000002,2144,36928,0.0003,0.009999999776482582,-399.82830810546875,82.52577590942383,71854,,,
0.75,27,0.04,3.0,19.34,1353,111.03049320000002,2148,37008,0.0003,0.009999999776482582,-404.55360412597656,179.47423553466797,72014,,,
0.75,27,0.04,3.0,19.34,1356,111.62303743000002,2152,37088,0.0003,0.009999999776482582,-404.5081787109375,147.06240844726562,72174,,,
0.75,27,0.04,3.0,19.34,1359,112.13494031,2156,37168,0.0003,0.009999999776482582,-407.1775360107422,104.8622932434082,72334,,,
0.75,27,0.04,3.0,19.34,1362,112.25733148,2160,37248,0.0003,0.009999999776482582,-403.9030303955078,108.552734375,72494,,,
0.75,27,0.04,3.0,19.34,1365,112.61519039999999,2164,37328,0.0003,0.009999999776482582,-405.6924591064453,135.0854549407959,72654,,,
0.75,27,0.04,3.0,19.34,1368,112.46296999999998,2168,37408,0.0003,0.009999999776482582,-407.7847595214844,46.016740798950195,72814,,,
0.75,27,0.04,3.0,19.34,1371,112.31880860000001,2172,37488,0.0003,0.009999999776482582,-408.39366149902344,44.98197078704834,72974,,,
0.75,27,0.01,3.0,19.82,1374,108.92253378000001,2176,37568,0.0003,0.009999999776482582,-407.7367248535156,88.11981201171875,73134,,,
0.75,27,0.01,3.0,19.82,1377,109.12553639000002,2180,37648,0.0003,0.009999999776482582,-411.55010986328125,100.47201919555664,73294,,,
0.75,27,0.01,3.0,19.82,1380,109.04134144000001,2184,37728,0.0003,0.009999999776482582,-407.3380584716797,20.126840591430664,73454,,,
0.75,27,0.01,3.0,19.82,1383,110.53179213,2188,37808,0.0003,0.009999999776482582,-413.0834197998047,97.66970825195312,73614,,,
0.75,27,0.01,3.0,19.82,1386,110.86939832,2192,37888,0.0003,0.009999999776482582,-415.7674865722656,157.17639923095703,73774,,,
0.75,27,0.01,3.0,19.82,1389,110.88466099000001,2196,37968,0.0003,0.009999999776482582,-414.25257873535156,234.73672485351562,73934,,,
0.75,27,0.01,3.0,19.82,1397,110.23665959999998,2200,38048,0.0003,0.009999999776482582,-413.8878631591797,120.2869873046875,74094,20.0,0.0,112.90599388391574
0.75,27,0.01,3.0,19.82,1401,110.44038034,2204,38128,0.0003,0.009999999776482582,-414.08164978027344,15.240323066711426,74254,,,
0.75,27,0.01,3.0,19.82,1404,110.54696605,2208,38208,0.0003,0.009999999776482582,-415.6406555175781,282.7176971435547,74414,,,
0.75,27,0.0,3.0,20.0,1407,108.81742713000001,2212,38288,0.0003,0.009999999776482582,-416.0106201171875,116.04978942871094,74574,,,
0.75,27,0.0,3.0,20.0,1411,108.80435911,2216,38368,0.0003,0.009999999776482582,-416.59486389160156,147.0432186126709,74734,,,
0.75,27,0.0,3.0,20.0,1414,109.00090877000002,2220,38448,0.0003,0.009999999776482582,-419.71380615234375,94.2611083984375,74894,,,
0.75,27,0.0,3.0,20.0,1417,109.12479129000002,2224,38528,0.0003,0.009999999776482582,-418.5159912109375,73.92964553833008,75054,,,
0.75,27,0.0,3.0,20.0,1421,109.70060188,2228,38608,0.0003,0.009999999776482582,-420.93190002441406,102.7191047668457,75214,,,
0.75,27,0.0,3.0,20.0,1424,109.78111861,2232,38688,0.0003,0.009999999776482582,-418.9996795654297,125.78430938720703,75374,,,
0.75,27,0.0,3.0,20.0,1428,109.12328694,2236,38768,0.0003,0.009999999776482582,-421.2638702392578,58.60871505737305,75534,,,
0.75,27,0.0,3.0,20.0,1431,107.24958373,2240,38848,0.0003,0.009999999776482582,-421.6714782714844,197.5403594970703,75694,,,
0.75,27,0.0,3.0,20.0,1435,105.80941564999999,2244,38928,0.0003,0.009999999776482582,-425.2176055908203,175.482319355011,75854,,,
0.75,27,0.0,3.0,20.0,1438,105.06910121999998,2248,39008,0.0003,0.009999999776482582,-426.2555389404297,200.32827758789062,76014,,,
0.75,27,0.0,3.0,20.0,1441,105.05523929,2252,39088,0.0003,0.009999999776482582,-427.7603454589844,88.19919681549072,76174,,,
0.75,27,0.0,3.0,20.0,1445,104.44055841,2256,39168,0.0003,0.009999999776482582,-426.67950439453125,40.43946838378906,76334,,,
0.75,27,0.0,3.0,20.0,1448,104.24717144,2260,39248,0.0003,0.009999999776482582,-429.5508117675781,148.66397285461426,76494,,,
0.75,27,0.0,3.0,20.0,1451,104.31808060000002,2264,39328,0.0003,0.009999999776482582,-430.4037322998047,107.03885650634766,76654,,,
0.75,27,0.0,3.0,20.0,1455,105.03274454000002,2268,39408,0.0003,0.009999999776482582,-431.60479736328125,109.3930435180664,76814,,,
0.75,27,0.0,3.0,20.0,1458,105.16236273999999,2272,39488,0.0003,0.009999999776482582,-433.3050537109375,158.93267822265625,76974,,,
0.75,27,0.0,3.0,20.0,1461,105.35935568999997,2276,39568,0.0003,0.009999999776482582,-430.8446807861328,89.2147216796875,77134,,,
0.75,27,0.0,3.0,20.0,1465,105.49411154999999,2280,39648,0.0003,0.009999999776482582,-434.0983581542969,171.2903823852539,77294,,,
0.75,27,0.0,3.0,20.0,1468,105.72814045999998,2284,39728,0.0003,0.009999999776482582,-434.07777404785156,36.71864414215088,77454,,,
0.75,27,0.0,3.0,20.0,1471,105.60583126000002,2288,39808,0.0003,0.009999999776482582,-434.69163513183594,84.26045227050781,77614,,,
0.75,27,0.0,3.0,20.0,1475,105.43898545000002,2292,39888,0.0003,0.009999999776482582,-437.5160675048828,137.4029541015625,77774,,,
0.75,27,0.0,3.0,20.0,1478,106.24821235999998,2296,39968,0.0003,0.009999999776482582,-433.80751037597656,138.4954948425293,77934,,,
0.75,26,0.0,3.0,20.0,1487,107.43684213,2300,40048,0.0003,0.009999999776482582,-439.45506286621094,191.38922119140625,78094,20.0,0.0,110.60063993656831
0.75,26,0.0,3.0,20.0,1490,107.74377835,2304,40128,0.0003,0.009999999776482582,-438.79966735839844,243.0153045654297,78254,,,
0.75,26,0.0,3.0,20.0,1493,108.33644732999997,2308,40208,0.0003,0.009999999776482582,-439.8222961425781,80.75593948364258,78414,,,
0.75,26,0.0,3.0,20.0,1497,109.11789255,2312,40288,0.0003,0.009999999776482582,-439.6914367675781,75.18092727661133,78574,,,
0.75,26,0.0,3.0,20.0,1500,109.12086181,2316,40368,0.0003,0.009999999776482582,-442.5578918457031,36.65812301635742,78734,,,
0.75,26,0.0,3.0,20.0,1504,109.73767683000001,2320,40448,0.0003,0.009999999776482582,-444.5667419433594,142.26853942871094,78894,,,
0.75,26,0.0,3.0,20.0,1507,109.47025888,2324,40528,0.0003,0.009999999776482582,-445.1536865234375,90.43571090698242,79054,,,
0.75,26,0.0,3.0,20.0,1510,108.37010414000001,2328,40608,0.0003,0.009999999776482582,-447.0907287597656,84.62256240844727,79214,,,
0.75,26,0.0,3.0,20.0,1513,109.25122147999998,2332,40688,0.0003,0.009999999776482582,-449.03794860839844,102.62716102600098,79374,,,
0.75,26,0.0,3.0,20.0,1516,109.91364507999998,2336,40768,0.0003,0.009999999776482582,-446.7379913330078,61.53153419494629,79534,,,
0.75,26,0.0,3.0,20.0,1519,112.93758871,2340,40848,0.0003,0.009999999776482582,-447.0917205810547,86.1508617401123,79694,,,
0.75,26,0.0,3.0,20.0,1522,114.77165004999999,2344,40928,0.0003,0.009999999776482582,-450.0043487548828,144.8451156616211,79854,,,
0.75,26,0.0,3.0,20.0,1525,116.41470500999999,2348,41008,0.0003,0.009999999776482582,-448.62437438964844,158.97470092773438,80014,,,
0.75,26,0.0,3.0,20.0,1528,117.03373952999999,2352,41088,0.0003,0.009999999776482582,-451.6017303466797,72.60422134399414,80174,,,
0.75,26,0.0,3.0,20.0,1531,117.66716077000001,2356,41168,0.0003,0.009999999776482582,-453.36463928222656,77.08010387420654,80334,,,
0.75,26,0.0,3.0,20.0,1534,118.36629630000002,2360,41248,0.0003,0.009999999776482582,-454.7319793701172,224.8945541381836,80494,,,
0.75,26,0.0,3.0,20.0,1538,118.50225227000001,2364,41328,0.0003,0.009999999776482582,-455.26771545410156,39.9622015953064,80654,,,
0.75,26,0.0,3.0,20.0,1541,118.59471659,2368,41408,0.0003,0.009999999776482582,-455.5196838378906,215.71817779541016,80814,,,
0.75,26,0.0,3.0,20.0,1544,119.05314628,2372,41488,0.0003,0.009999999776482582,-454.3252258300781,66.62129974365234,80974,,,
0.75,26,0.0,3.0,20.0,1547,119.56370070999999,2376,41568,0.0003,0.009999999776482582,-456.2705993652344,42.66682815551758,81134,,,
0.75,26,0.0,3.0,20.0,1550,119.83307547999999,2380,41648,0.0003,0.009999999776482582,-457.00135803222656,136.58107376098633,81294,,,
0.75,26,0.0,3.0,20.0,1553,120.10883779,2384,41728,0.0003,0.009999999776482582,-460.4450225830078,230.88011169433594,81454,,,
0.75,26,0.0,3.0,20.0,1557,120.46952926,2388,41808,0.0003,0.009999999776482582,-460.107177734375,101.00472068786621,81614,,,
0.75,26,0.0,3.0,20.0,1560,120.69588504,2392,41888,0.0003,0.009999999776482582,-462.03257751464844,146.0853042602539,81774,,,
0.75,26,0.0,3.0,20.0,1563,120.69411665,2396,41968,0.0003,0.009999999776482582,-462.75599670410156,292.82859802246094,81934,,,
1.0,26,0.0,4.0,20.0,1571,120.67748035999999,2400,42048,0.0003,0.009999999776482582,-464.74769592285156,92.69871520996094,82094,17.15,0.25,159.8588618709378
1.0,26,0.0,4.0,20.0,1574,120.61118629,2404,42128,0.0003,0.009999999776482582,-465.2869567871094,144.19646072387695,82254,,,
1.0,26,0.01,4.0,19.9,1577,121.96029393999999,2408,42198,0.0003,0.009999999776482582,-465.9821014404297,224.69171142578125,82394,,,
1.0,26,0.02,4.0,19.89,1580,124.22133376999999,2412,42277,0.0003,0.009999999776482582,-469.1559143066406,136.7007179260254,82552,,,
1.0,26,0.02,4.0,19.89,1583,124.40291106000001,2416,42357,0.0003,0.009999999776482582,-463.7474822998047,42.778512954711914,82712,,,
1.0,26,0.03,4.0,19.8,1586,125.41605796000002,2420,42428,0.0003,0.009999999776482582,-468.6643524169922,108.33328437805176,82854,,,
1.0,26,0.03,4.0,19.8,1589,126.47380070999998,2424,42508,0.0003,0.009999999776482582,-469.30003356933594,48.95826816558838,83014,,,
1.0,26,0.04,4.0,19.79,1592,129.94511185999997,2428,42587,0.0003,0.009999999776482582,-470.6783752441406,123.13904190063477,83172,,,
1.0,26,0.05,4.0,19.69,1595,129.57836167999997,2432,42657,0.0003,0.009999999776482582,-470.06703186035156,177.11233139038086,83312,,,
1.0,26,0.05,4.0,19.69,1598,129.54887846000003,2436,42737,0.0003,0.009999999776482582,-471.8404235839844,324.960018157959,83472,,,
1.0,26,0.05,4.0,19.69,1601,129.29337548,2440,42817,0.0003,0.009999999776482582,-471.8017120361328,191.9837875366211,83632,,,
1.0,26,0.05,4.0,19.69,1604,129.11448815,2444,42897,0.0003,0.009999999776482582,-476.9292907714844,82.71656036376953,83792,,,
1.0,26,0.05,4.0,19.69,1607,128.77214971,2448,42977,0.0003,0.009999999776482582,-473.52638244628906,182.7043228149414,83952,,,
1.0,26,0.05,4.0,19.69,1610,128.45346958,2452,43057,0.0003,0.009999999776482582,-475.92152404785156,125.36301231384277,84112,,,
1.0,26,0.05,4.0,19.69,1613,128.19562885,2456,43137,0.0003,0.009999999776482582,-477.8645477294922,174.0164337158203,84272,,,
1.0,26,0.05,4.0,19.69,1616,128.25420891,2460,43217,0.0003,0.009999999776482582,-476.660888671875,287.18907165527344,84432,,,
1.0,26,0.05,4.0,19.69,1619,128.45720531,2464,43297,0.0003,0.009999999776482582,-477.89036560058594,229.2202377319336,84592,,,
1.0,26,0.05,4.0,19.69,1622,128.8648964,2468,43377,0.0003,0.009999999776482582,-477.59422302246094,125.76848602294922,84752,,,
1.0,26,0.05,4.0,19.69,1626,127.08804078999997,2472,43457,0.0003,0.009999999776482582,-482.79469299316406,166.82830047607422,84912,,,
1.0,26,0.05,4.0,19.69,1629,126.77301283999999,2476,43537,0.0003,0.009999999776482582,-481.6424102783203,96.47978591918945,85072,,,
1.0,26,0.05,4.0,19.69,1632,126.63975532999999,2480,43617,0.0003,0.009999999776482582,-482.19776916503906,147.05255126953125,85232,,,
1.0,26,0.05,4.0,19.69,1635,126.12708785000001,2484,43697,0.0003,0.009999999776482582,-484.0847473144531,238.100341796875,85392,,,
1.0,26,0.05,4.0,19.69,1638,126.29331278,2488,43777,0.0003,0.009999999776482582,-484.4259490966797,295.0447235107422,85552,,,
1.0,26,0.05,4.0,19.69,1641,126.27644779,2492,43857,0.0003,0.009999999776482582,-482.92950439453125,191.20599365234375,85712,,,
1.0,26,0.05,4.0,19.69,1645,126.09461456000001,2496,43937,0.0003,0.009999999776482582,-485.6378479003906,137.89584350585938,85872,,,
1.0,26,0.05,4.0,19.69,1653,125.43249225999998,2500,44017,0.0003,0.009999999776482582,-484.0618896484375,95.5204906463623,86032,20.0,0.0,110.60590889474308
1.0,26,0.05,4.0,19.69,1656,125.42955221999999,2504,44097,0.0003,0.009999999776482582,-484.1051483154297,236.26067352294922,86192,,,
1.0,26,0.04,4.0,19.79,1659,122.68759777999999,2508,44177,0.0003,0.009999999776482582,-488.44773864746094,213.9242458343506,86352,,,
1.0,26,0.03,4.0,19.8,1662,120.66125176999999,2512,44257,0.0003,0.009999999776482582,-483.5308380126953,179.52374649047852,86512,,,
1.0,26,0.03,4.0,19.8,1665,120.12397969,2516,44337,0.0003,0.009999999776482582,-484.4732971191406,54.35919761657715,86672,,,
1.0,26,0.02,4.0,19.89,1669,118.76980089,2520,44417,0.0003,0.009999999776482582,-489.1868438720703,93.77116584777832,86832,,,
1.0,26,0.02,4.0,19.89,1672,118.48709220999997,2524,44497,0.0003,0.009999999776482582,-487.3626251220703,137.03678512573242,86992,,,
1.0,26,0.01,4.0,19.9,1675,116.23593530000002,2528,44577,0.0003,0.009999999776482582,-490.0805358886719,130.99387168884277,87152,,,
1.0,26,0.0,4.0,20.0,1678,116.40502103,2532,44657,0.0003,0.009999999776482582,-490.8424530029297,194.89539337158203,87312,,,
1.0,26,0.0,4.0,20.0,1681,115.26966369999997,2536,44737,0.0003,0.009999999776482582,-490.3794250488281,82.89496231079102,87472,,,
1.0,26,0.0,4.0,20.0,1685,115.15171396999999,2540,44817,0.0003,0.009999999776482582,-491.4752960205078,54.83344841003418,87632,,,
1.0,26,0.0,4.0,20.0,1688,115.3473145,2544,44897,0.0003,0.009999999776482582,-490.8063201904297,93.03695297241211,87792,,,
1.0,26,0.0,4.0,20.0,1691,115.48121715,2548,44977,0.0003,0.009999999776482582,-492.9958038330078,141.12039184570312,87952,,,
1.0,26,0.0,4.0,20.0,1694,115.84132780000002,2552,45057,0.0003,0.009999999776482582,-492.70892333984375,100.18423461914062,88112,,,
1.0,26,0.0,4.0,20.0,1697,115.96903186,2556,45137,0.0003,0.009999999776482582,-496.30259704589844,162.94920349121094,88272,,,
1.0,26,0.0,4.0,20.0,1699,115.71151714000001,2560,45217,0.0003,0.009999999776482582,-494.1711883544922,164.44822692871094,88432,,,
1.0,26,0.0,4.0,20.0,1702,115.29458167000001,2564,45297,0.0003,0.009999999776482582,-494.8449401855469,324.90013122558594,88592,,,
1.0,26,0.0,4.0,20.0,1705,115.0083391,2568,45377,0.0003,0.009999999776482582,-496.89854431152344,103.22920227050781,88752,,,
1.0,26,0.0,4.0,20.0,1709,116.54891332000001,2572,45457,0.0003,0.009999999776482582,-493.2438049316406,123.61948013305664,88912,,,
1.0,26,0.0,4.0,20.0,1712,116.04020392999999,2576,45537,0.0003,0.009999999776482582,-494.0812683105469,138.96930313110352,89072,,,
1.0,26,0.0,4.0,20.0,1715,116.03647432999998,2580,45617,0.0003,0.009999999776482582,-495.51536560058594,81.23032760620117,89232,,,
1.0,26,0.0,4.0,20.0,1718,116.15423374,2584,45697,0.0003,0.009999999776482582,-494.8193817138672,177.90912628173828,89392,,,
1.0,26,0.0,4.0,20.0,1721,115.78813299,2588,45777,0.0003,0.009999999776482582,-496.02223205566406,71.59171962738037,89552,,,
1.0,26,0.0,4.0,20.0,1724,115.83280222000002,2592,45857,0.0003,0.009999999776482582,-497.84466552734375,91.2956314086914,89712,,,
1.0,26,0.0,4.0,20.0,1728,115.69682088000002,2596,45937,0.0003,0.009999999776482582,-498.8546142578125,174.5477752685547,89872,,,
1.0,26,0.0,4.0,20.0,1736,116.34369355000003,2600,46017,0.0003,0.009999999776482582,-497.55043029785156,61.93906784057617,90032,20.0,0.0,128.2010238140727
1.0,26,0.0,4.0,20.0,1739,116.28168684,2604,46097,0.0003,0.009999999776482582,-498.51686096191406,206.4769058227539,90192,,,
1.0,26,0.0,4.0,20.0,1742,117.62032499000001,2608,46177,0.0003,0.009999999776482582,-500.0598449707031,69.65687370300293,90352,,,
1.0,26,0.0,4.0,20.0,1746,117.45919499,2612,46257,0.0003,0.009999999776482582,-499.4177551269531,148.07787322998047,90512,,,
1.0,26,0.0,4.0,20.0,1749,117.71347242999998,2616,46337,0.0003,0.009999999776482582,-501.51287841796875,67.73214912414551,90672,,,
1.0,26,0.0,4.0,20.0,1752,117.70684920999996,2620,46417,0.0003,0.009999999776482582,-502.9076843261719,100.57804679870605,90832,,,
1.0,26,0.0,4.0,20.0,1755,117.74668746000002,2624,46497,0.0003,0.009999999776482582,-500.67189025878906,31.91546058654785,90992,,,
1.0,26,0.0,4.0,20.0,1759,117.64661540000002,2628,46577,0.0003,0.009999999776482582,-504.6394500732422,294.25787353515625,91152,,,
1.0,26,0.0,4.0,20.0,1762,117.71935795000002,2632,46657,0.0003,0.009999999776482582,-504.09693908691406,223.0951919555664,91312,,,
1.0,26,0.0,4.0,20.0,1765,119.14464755999998,2636,46737,0.0003,0.009999999776482582,-506.68504333496094,136.83087158203125,91472,,,
1.0,26,0.0,4.0,20.0,1768,119.41333738000002,2640,46817,0.0003,0.009999999776482582,-501.9291076660156,184.2546215057373,91632,,,
1.0,26,0.0,4.0,20.0,1771,119.34022064000001,2644,46897,0.0003,0.009999999776482582,-505.51414489746094,162.67259216308594,91792,,,
1.0,26,0.0,4.0,20.0,1774,118.20626603000004,2648,46977,0.0003,0.009999999776482582,-504.1903076171875,177.71920585632324,91952,,,
1.0,26,0.0,4.0,20.0,1778,117.84795175000001,2652,47057,0.0003,0.009999999776482582,-503.5181579589844,302.5502243041992,92112,,,
1.0,26,0.0,4.0,20.0,1781,117.92756634,2656,47137,0.0003,0.009999999776482582,-504.0337829589844,279.1691589355469,92272,,,
1.0,26,0.0,4.0,20.0,1784,118.40440985000001,2660,47217,0.0003,0.009999999776482582,-507.18177795410156,53.991010665893555,92432,,,
1.0,26,0.0,4.0,20.0,1787,118.58600004,2664,47297,0.0003,0.009999999776482582,-508.85125732421875,226.770263671875,92592,,,
1.0,26,0.0,4.0,20.0,1790,118.6049206,2668,47377,0.0003,0.009999999776482582,-506.37831115722656,118.33560562133789,92752,,,
1.0,26,0.0,4.0,20.0,1793,118.57463584999999,2672,47457,0.0003,0.009999999776482582,-509.48411560058594,163.45919036865234,92912,,,
1.0,26,0.0,4.0,20.0,1796,119.31311470999998,2676,47537,0.0003,0.009999999776482582,-510.34326171875,326.564208984375,93072,,,
1.0,26,0.0,4.0,20.0,1799,119.53847074000001,2680,47617,0.0003,0.009999999776482582,-510.8622131347656,173.246337890625,93232,,,
1.0,26,0.01,4.0,19.97,1802,121.70907042,2684,47694,0.0003,0.009999999776482582,-511.26780700683594,51.46818161010742,93386,,,
1.0,26,0.01,4.0,19.97,1805,122.14667581999998,2688,47774,0.0003,0.009999999776482582,-511.9277038574219,215.2026824951172,93546,,,
1.0,26,0.01,4.0,19.97,1808,121.94788786999999,2692,47854,0.0003,0.009999999776482582,-510.5264587402344,91.49177169799805,93706,,,
1.0,26,0.01,4.0,19.97,1811,122.33363020999997,2696,47934,0.0003,0.009999999776482582,-513.9043884277344,303.84230041503906,93866,,,
1.0,26,0.01,4.0,19.97,1820,122.22860638,2700,48014,0.0003,0.009999999776482582,-514.5760803222656,126.55026245117188,94026,20.0,0.0,115.20593170677606
1.0,26,0.01,4.0,19.97,1823,120.93301716,2704,48094,0.0003,0.009999999776482582,-513.7735748291016,102.88990020751953,94186,,,
1.0,26,0.01,4.0,19.97,1826,121.02941793,2708,48174,0.0003,0.009999999776482582,-511.6141662597656,329.18988037109375,94346,,,
1.0,26,0.01,4.0,19.97,1829,121.14093617999997,2712,48254,0.0003,0.009999999776482582,-516.9993286132812,442.93682861328125,94506,,,
1.0,26,0.01,4.0,19.97,1833,121.21966324,2716,48334,0.0003,0.009999999776482582,-512.4360046386719,210.79016876220703,94666,,,
1.0,26,0.01,4.0,19.97,1836,121.05429346000001,2720,48414,0.0003,0.009999999776482582,-516.4021911621094,101.70544815063477,94826,,,
1.0,26,0.01,4.0,19.97,1839,121.09118653,2724,48494,0.0003,0.009999999776482582,-517.2978515625,36.1071720123291,94986,,,
1.0,26,0.01,4.0,19.97,1842,121.48409637,2728,48574,0.0003,0.009999999776482582,-516.0753173828125,403.6244812011719,95146,,,
1.0,26,0.01,4.0,19.97,1845,121.56292424000002,2732,48654,0.0003,0.009999999776482582,-514.2876892089844,315.2523126602173,95306,,,
1.0,26,0.01,4.0,19.97,1849,121.20678869,2736,48734,0.0003,0.009999999776482582,-519.289306640625,328.11802673339844,95466,,,
1.0,26,0.01,4.0,19.97,1852,120.74103707,2740,48814,0.0003,0.009999999776482582,-520.9641418457031,449.37940216064453,95626,,,
1.0,26,0.01,4.0,19.97,1855,120.93665708,2744,48894,0.0003,0.009999999776482582,-522.7469482421875,190.40909576416016,95786,,,
1.0,26,0.01,4.0,19.97,1858,122.08469098000002,2748,48974,0.0003,0.009999999776482582,-520.3576049804688,130.14163970947266,95946,,,
1.0,26,0.01,4.0,19.97,1862,122.27391495,2752,49054,0.0003,0.009999999776482582,-521.736328125,261.4979248046875,96106,,,
1.0,26,0.01,4.0,19.97,1865,122.64357765999999,2756,49134,0.0003,0.009999999776482582,-523.7250061035156,342.1980743408203,96266,,,
1.0,26,0.01,4.0,19.97,1868,122.20020397999997,2760,49214,0.0003,0.009999999776482582,-520.5500183105469,414.7784194946289,96426,,,
1.0,26,0.01,4.0,19.97,1871,122.56870659,2764,49294,0.0003,0.009999999776482582,-521.0492248535156,178.55391693115234,96586,,,
1.0,26,0.01,4.0,19.97,1874,122.47386483,2768,49374,0.0003,0.009999999776482582,-524.9702453613281,123.45423126220703,96746,,,
1.0,26,0.01,4.0,19.97,1877,122.42218694000002,2772,49454,0.0003,0.009999999776482582,-525.5530395507812,172.8946762084961,96906,,,
1.0,26,0.01,4.0,19.97,1880,122.25921469,2776,49534,0.0003,0.009999999776482582,-523.4765319824219,218.1081314086914,97066,,,
1.0,26,0.01,4.0,19.97,1883,122.17574085,2780,49614,0.0003,0.009999999776482582,-525.6257629394531,129.76136779785156,97226,,,
1.0,26,0.0,4.0,20.0,1886,120.54756001,2784,49694,0.0003,0.009999999776482582,-526.8249206542969,91.93268775939941,97386,,,
1.0,26,0.0,4.0,20.0,1889,120.15410452999998,2788,49774,0.0003,0.009999999776482582,-525.5351867675781,504.09442138671875,97546,,,
1.0,26,0.0,4.0,20.0,1893,120.59135593,2792,49854,0.0003,0.009999999776482582,-526.7717895507812,64.04464149475098,97706,,,
1.0,26,0.0,4.0,20.0,1896,120.35386945000002,2796,49934,0.0003,0.009999999776482582,-529.69677734375,455.18350982666016,97866,,,
