train/critic_loss,time/fps,rollout/ep_rew_mean,train/learning_rate,time/episodes,rollout/ep_len_mean,rollout/success_rate,train/n_updates,train/ent_coef,train/actor_loss,time/total_timesteps,time/time_elapsed,eval/success_rate,eval/mean_ep_length,eval/mean_reward
2.0378241539001465,43,3.5791675,0.0003,4,4.0,0.0,1015,0.009999999776482582,-83.63998413085938,16,0,,,
1.659803867340088,47,3.9318468749999997,0.0003,8,4.0,0.0,1031,0.009999999776482582,-84.61459350585938,32,0,,,
103.53851318359375,47,4.064582416666666,0.0003,12,4.0,0.0,1047,0.009999999776482582,-83.75027465820312,48,1,,,
101.97276306152344,47,4.210910500000001,0.0003,16,4.0,0.0,1063,0.009999999776482582,-81.54866027832031,64,1,,,
4.885164260864258,48,4.21440185,0.0003,20,4.0,0.0,1079,0.009999999776482582,-79.20394134521484,80,1,,,
6.6996355056762695,50,4.155916708333334,0.0003,24,4.0,0.0,1095,0.009999999776482582,-77.33441925048828,96,1,,,
6.219051361083984,50,4.174696071428572,0.0003,28,4.0,0.0,1111,0.009999999776482582,-78.93128967285156,112,2,,,
8.960577011108398,49,4.207679,0.0003,32,4.0,0.0,1127,0.009999999776482582,-78.40919494628906,128,2,,,
10.79747200012207,50,4.2947034166666676,0.0003,36,4.0,0.0,1143,0.009999999776482582,-78.06938934326172,144,2,,,
17.684850692749023,50,4.321497725,0.0003,40,4.0,0.0,1159,0.009999999776482582,-76.96385192871094,160,3,,,
11.598186492919922,49,4.2680625,0.0003,44,4.0,0.0,1175,0.009999999776482582,-77.06991577148438,176,3,,,
13.914270401000977,49,4.2211353125,0.0003,48,4.0,0.0,1191,0.009999999776482582,-78.51534271240234,192,3,,,
63.8402099609375,49,4.198206711538462,0.0003,52,4.0,0.0,1207,0.009999999776482582,-76.05389404296875,208,4,,,
8.589661598205566,49,4.117434285714286,0.0003,56,4.0,0.0,1223,0.009999999776482582,-75.99576568603516,224,4,,,
62.99071502685547,49,4.04877175,0.0003,60,4.0,0.0,1239,0.009999999776482582,-74.91957092285156,240,4,,,
23.102758407592773,49,4.010589749999999,0.0003,64,4.0,0.0,1255,0.009999999776482582,-74.01844787597656,256,5,,,
17.07353973388672,49,3.9406878676470587,0.0003,68,4.0,0.0,1271,0.009999999776482582,-77.06057739257812,272,5,,,
172.85067749023438,49,3.930495041666667,0.0003,72,4.0,0.0,1287,0.009999999776482582,-76.45054626464844,288,5,,,
62.957950592041016,50,3.875520802631579,0.0003,76,4.0,0.0,1303,0.009999999776482582,-75.4240951538086,304,6,,,
10.70383071899414,50,3.8383735999999997,0.0003,80,4.0,0.0,1319,0.009999999776482582,-77.97999572753906,320,6,,,
155.09173583984375,50,3.808260642857142,0.0003,84,4.0,0.0,1335,0.009999999776482582,-74.64068603515625,336,6,,,
14.332521438598633,50,3.804099431818182,0.0003,88,4.0,0.0,1351,0.009999999776482582,-74.39466094970703,352,6,,,
17.98899269104004,51,3.782372565217392,0.0003,92,4.0,0.0,1367,0.009999999776482582,-72.51791381835938,368,7,,,
84.04421997070312,51,3.7485826250000005,0.0003,96,4.0,0.0,1383,0.009999999776482582,-71.59425354003906,384,7,,,
16.168392181396484,51,3.742472920000001,0.0003,100,4.0,0.0,1399,0.009999999776482582,-73.92843627929688,400,7,,,
56.13463592529297,51,3.7381948,0.0003,104,4.0,0.0,1415,0.009999999776482582,-72.3226318359375,416,8,,,
36.388816833496094,51,3.73576322,0.0003,108,4.0,0.0,1431,0.009999999776482582,-75.06494140625,432,8,,,
58.3074951171875,51,3.7296395200000005,0.0003,112,4.0,0.0,1447,0.009999999776482582,-72.92062377929688,448,8,,,
33.2418212890625,51,3.7137133799999997,0.0003,116,4.0,0.0,1463,0.009999999776482582,-72.31304931640625,464,8,,,
84.01154327392578,52,3.705248750000001,0.0003,120,4.0,0.0,1479,0.009999999776482582,-69.45350646972656,480,9,,,
63.228389739990234,52,3.701219889999999,0.0003,124,4.0,0.0,1495,0.009999999776482582,-68.4433822631836,496,9,,,
24.323820114135742,52,3.68947822,0.0003,128,4.0,0.0,1511,0.009999999776482582,-68.8470458984375,512,9,,,
72.09049987792969,52,3.6394956499999993,0.0003,132,4.0,0.0,1527,0.009999999776482582,-71.49942779541016,528,10,,,
17.353103637695312,52,3.642838,0.0003,136,4.0,0.0,1543,0.009999999776482582,-70.92937469482422,544,10,,,
64.33426666259766,52,3.6388074600000007,0.0003,140,4.0,0.0,1559,0.009999999776482582,-66.95173645019531,560,10,,,
51.793739318847656,52,3.6378996800000003,0.0003,144,4.0,0.0,1575,0.009999999776482582,-68.43578338623047,576,10,,,
64.04969787597656,52,3.65588637,0.0003,148,4.0,0.0,1591,0.009999999776482582,-65.36470031738281,592,11,,,
73.2554931640625,52,3.6457143100000002,0.0003,152,4.01,0.0,1608,0.009999999776482582,-65.6366958618164,609,11,,,
50.63270568847656,52,3.659718630000001,0.0003,156,4.02,0.0,1625,0.009999999776482582,-66.42103576660156,626,11,,,
118.10719299316406,52,3.73129646,0.0003,160,4.02,0.0,1641,0.009999999776482582,-63.745079040527344,642,12,,,
65.48444366455078,52,3.7244920299999995,0.0003,164,4.04,0.0,1659,0.009999999776482582,-65.24994659423828,660,12,,,
23.36333465576172,52,3.63859395,0.0003,168,4.18,0.0,1689,0.009999999776482582,-63.50642395019531,690,13,,,
30.467689514160156,53,2.4913459000000002,0.0003,172,4.74,0.0,1761,0.009999999776482582,-65.30325317382812,762,14,,,
32.263824462890625,54,0.3690470700000001,0.0003,176,5.86,0.0,1889,0.009999999776482582,-60.61363983154297,890,16,,,
97.11506652832031,40,-1.85530145,0.0003,180,6.98,0.0,2017,0.009999999776482582,-60.75584411621094,1018,25,0.0,32.0,-50.978168693706365
15.102045059204102,42,-3.9123229000000004,0.0003,184,8.1,0.0,2145,0.009999999776482582,-61.32142639160156,1146,27,,,
12.21102523803711,43,-5.77755139,0.0003,188,9.22,0.0,2273,0.009999999776482582,-59.86301040649414,1274,29,,,
12.15703010559082,44,-7.62145618,0.0003,192,10.34,0.0,2401,0.009999999776482582,-59.60224151611328,1402,31,,,
27.93634796142578,45,-9.5061302,0.0003,196,11.46,0.0,2529,0.009999999776482582,-56.81787109375,1530,33,,,
28.601648330688477,46,-11.304798100000003,0.0003,200,12.58,0.0,2657,0.009999999776482582,-56.8514518737793,1658,35,,,
26.580860137939453,47,-13.19298427,0.0003,204,13.7,0.0,2785,0.009999999776482582,-54.856937408447266,1786,37,,,
9.271688461303711,48,-15.156029919999998,0.0003,208,14.82,0.0,2913,0.009999999776482582,-55.93488693237305,1914,39,,,
15.134702682495117,41,-16.512769900000002,0.0003,212,15.84,0.0,3031,0.009999999776482582,-53.72599792480469,2032,48,0.05,32.1,-38.48954863626472
17.40570831298828,41,-16.68507551,0.0003,216,16.3,0.0,3093,0.009999999776482582,-59.46691131591797,2094,49,,,
37.64299774169922,42,-17.00272519,0.0003,220,16.8,0.0,3159,0.009999999776482582,-61.09690475463867,2160,50,,,
34.759117126464844,42,-17.32302247,0.0003,224,17.3,0.0,3225,0.009999999776482582,-62.23887252807617,2226,52,,,
34.69161605834961,43,-17.601551179999998,0.0003,228,17.8,0.0,3291,0.009999999776482582,-62.556358337402344,2292,53,,,
23.291776657104492,43,-17.80649437,0.0003,232,18.28,0.0,3355,0.009999999776482582,-61.464874267578125,2356,54,,,
33.48030090332031,43,-18.14987107,0.0003,236,18.8,0.0,3423,0.009999999776482582,-60.510292053222656,2424,55,,,
78.4249267578125,44,-18.42210259,0.0003,240,19.34,0.0,3493,0.009999999776482582,-60.372249603271484,2494,56,,,
31.066864013671875,44,-18.667348170000004,0.0003,244,20.01,0.0,3576,0.009999999776482582,-60.1548957824707,2577,57,,,
15.624889373779297,44,-18.921381280000002,0.0003,248,20.52,0.0,3643,0.009999999776482582,-59.5159912109375,2644,58,,,
8.257661819458008,45,-17.43775106,0.0003,252,21.13,0.03,3721,0.009999999776482582,-61.42268371582031,2722,60,,,
23.032596588134766,45,-17.561832280000004,0.0003,256,21.68,0.03,3793,0.009999999776482582,-61.412261962890625,2794,61,,,
70.09323120117188,46,-17.871759020000002,0.0003,260,22.25,0.03,3866,0.009999999776482582,-62.022621154785156,2867,62,,,
77.98725891113281,46,-17.46840172,0.0003,264,22.87,0.04,3946,0.009999999776482582,-55.089256286621094,2947,63,,,
20.562393188476562,43,-17.671028670000002,0.0003,268,23.39,0.04,4028,0.009999999776482582,-61.01328659057617,3029,69,0.25,19.55,11.872896085041784
17.70742416381836,44,-14.83820704,0.0003,272,23.5,0.07,4111,0.009999999776482582,-59.36255645751953,3112,70,,,
106.77252197265625,44,-12.335754750000001,0.0003,276,23.01,0.08,4190,0.009999999776482582,-58.62089157104492,3191,71,,,
23.755279541015625,44,-8.20062551,0.0003,280,22.77,0.11,4294,0.009999999776482582,-58.908470153808594,3295,73,,,
73.00749206542969,45,-5.534791019999999,0.0003,284,22.37,0.12,4382,0.009999999776482582,-55.43177032470703,3383,74,,,
36.448158264160156,45,-4.24063665,0.0003,288,21.98,0.12,4471,0.009999999776482582,-56.09463119506836,3472,76,,,
45.580833435058594,45,-1.795879519999999,0.0003,292,21.56,0.13,4557,0.009999999776482582,-59.14478302001953,3558,77,,,
53.563072204589844,46,-0.6504217400000002,0.0003,296,21.15,0.13,4644,0.009999999776482582,-57.4586181640625,3645,79,,,
47.1607780456543,46,1.6550814799999995,0.0003,300,20.76,0.14,4733,0.009999999776482582,-55.96687698364258,3734,80,,,
86.0663833618164,46,2.8367789,0.0003,304,20.43,0.14,4828,0.009999999776482582,-56.808780670166016,3829,82,,,
16.968997955322266,46,4.76695155,0.0003,308,20.03,0.15,4916,0.009999999776482582,-55.981353759765625,3917,83,,,
11.307477951049805,44,5.60317739,0.0003,312,19.69,0.15,5000,0.009999999776482582,-55.24620819091797,4001,90,0.1,23.8,-14.713928662827485
22.238941192626953,44,5.38763262,0.0003,316,20.17,0.16,5110,0.009999999776482582,-56.47679138183594,4111,92,,,
17.526874542236328,44,5.724979909999999,0.0003,320,20.54,0.17,5213,0.009999999776482582,-55.42430114746094,4214,94,,,
9.098221778869629,44,7.498011690000001,0.0003,324,20.89,0.2,5314,0.009999999776482582,-54.86346435546875,4315,95,,,
22.870098114013672,45,6.659441009999999,0.0003,328,21.34,0.2,5425,0.009999999776482582,-53.63227462768555,4426,97,,,
21.500640869140625,45,6.77099256,0.0003,332,21.87,0.21,5542,0.009999999776482582,-52.48989486694336,4543,99,,,
13.33230972290039,45,6.1129757,0.0003,336,22.29,0.21,5652,0.009999999776482582,-51.742462158203125,4653,101,,,
28.089805603027344,46,5.453023010000001,0.0003,340,22.87,0.22,5780,0.009999999776482582,-52.98838424682617,4781,103,,,
77.20494079589844,46,4.36548725,0.0003,344,23.21,0.22,5897,0.009999999776482582,-52.429386138916016,4898,105,,,
18.75681495666504,43,3.6869251200000006,0.0003,348,23.66,0.22,6009,0.009999999776482582,-49.34244155883789,5010,114,0.2,31.7,-25.134764054782877
28.052610397338867,44,0.63006245,0.0003,352,24.16,0.19,6137,0.009999999776482582,-49.7851676940918,5138,116,,,
42.30574035644531,44,-2.3395967,0.0003,356,24.72,0.19,6265,0.009999999776482582,-48.676246643066406,5266,118,,,
81.76705932617188,44,-3.4059774000000003,0.0003,360,25.3,0.19,6396,0.009999999776482582,-50.04093551635742,5397,120,,,
9.46255111694336,44,-4.199360899999999,0.0003,364,25.51,0.18,6497,0.009999999776482582,-47.705078125,5498,122,,,
12.913434982299805,45,-4.35589208,0.0003,368,25.89,0.18,6617,0.009999999776482582,-48.38417434692383,5618,124,,,
13.346302032470703,45,-6.391517829999999,0.0003,372,25.84,0.15,6695,0.009999999776482582,-47.21500778198242,5696,125,,,
42.6701545715332,45,-6.989597109999998,0.0003,376,25.75,0.14,6765,0.009999999776482582,-46.83869552612305,5766,126,,,
24.564451217651367,45,-8.31950378,0.0003,380,25.49,0.12,6843,0.009999999776482582,-45.400455474853516,5844,128,,,
25.778430938720703,45,-9.2490924,0.0003,384,25.36,0.11,6918,0.009999999776482582,-46.195980072021484,5919,129,,,
17.311748504638672,45,-8.01037998,0.0003,388,25.17,0.12,6988,0.009999999776482582,-45.27754211425781,5989,130,,,
17.190582275390625,44,-8.922753180000003,0.0003,392,25.07,0.11,7064,0.009999999776482582,-44.80078887939453,6065,136,0.15,18.35,9.022190367918125
28.291812896728516,44,-8.48623903,0.0003,396,24.91,0.11,7135,0.009999999776482582,-45.44622802734375,6136,137,,,
48.241783142089844,44,-9.30300802,0.0003,400,24.71,0.1,7204,0.009999999776482582,-44.89161682128906,6205,138,,,
9.43210506439209,44,-8.877074659999998,0.0003,404,24.5,0.1,7278,0.009999999776482582,-44.423583984375,6279,140,,,
69.90650939941406,44,-9.10284724,0.0003,408,24.33,0.09,7349,0.009999999776482582,-43.733680725097656,6350,141,,,
7.28746223449707,45,-9.12888659,0.0003,412,24.43,0.09,7443,0.009999999776482582,-44.440879821777344,6444,142,,,
36.95441436767578,45,-9.037482440000002,0.0003,416,24.22,0.08,7532,0.009999999776482582,-41.56209945678711,6533,144,,,
35.613014221191406,45,-9.8301191,0.0003,420,23.97,0.07,7610,0.009999999776482582,-40.387901306152344,6611,145,,,
68.77226257324219,45,-11.6697612,0.0003,424,23.77,0.04,7691,0.009999999776482582,-41.18829345703125,6692,147,,,
3.629966974258423,45,-11.43142159,0.0003,428,23.67,0.04,7792,0.009999999776482582,-39.07707595825195,6793,148,,,
7.072815895080566,45,-11.861425799999997,0.0003,432,23.42,0.03,7884,0.009999999776482582,-39.2994384765625,6885,150,,,
20.498186111450195,45,-11.655377879999998,0.0003,436,23.3,0.03,7982,0.009999999776482582,-39.9777946472168,6983,152,,,
13.695366859436035,44,-11.292804360000002,0.0003,440,22.92,0.02,8072,0.009999999776482582,-38.97123718261719,7073,159,0.25,23.4,1.0440681805318
57.74488830566406,44,-9.93314482,0.0003,444,22.58,0.03,8155,0.009999999776482582,-37.04507827758789,7156,160,,,
46.058223724365234,44,-9.87643096,0.0003,448,22.37,0.03,8246,0.009999999776482582,-37.51844024658203,7247,162,,,
42.33513641357422,44,-8.59556611,0.0003,452,21.85,0.03,8322,0.009999999776482582,-36.87347412109375,7323,163,,,
16.82315444946289,44,-5.981911140000002,0.0003,456,21.46,0.03,8411,0.009999999776482582,-36.60496520996094,7412,165,,,
4.410953998565674,44,-5.449029310000001,0.0003,460,21.06,0.03,8502,0.009999999776482582,-36.28413391113281,7503,166,,,
9.169543266296387,45,-4.775909350000001,0.0003,464,20.89,0.04,8586,0.009999999776482582,-37.40545654296875,7587,168,,,
5.0010576248168945,45,-3.9951857599999987,0.0003,468,20.5,0.05,8667,0.009999999776482582,-33.69129943847656,7668,169,,,
34.816680908203125,45,-4.02318981,0.0003,472,20.53,0.05,8748,0.009999999776482582,-35.04616928100586,7749,171,,,
3.5794005393981934,45,-3.4898419800000005,0.0003,476,20.59,0.06,8824,0.009999999776482582,-34.36143112182617,7825,172,,,
18.10591697692871,45,-4.4668484699999995,0.0003,480,20.65,0.05,8908,0.009999999776482582,-33.51913833618164,7909,173,,,
26.078514099121094,44,-4.2748063300000005,0.0003,484,20.81,0.06,8999,0.009999999776482582,-30.695159912109375,8000,181,0.15,26.2,-15.759519306571514
8.801135063171387,44,-5.79314376,0.0003,488,21.19,0.05,9107,0.009999999776482582,-31.805278778076172,8108,183,,,
31.782194137573242,44,-5.83657016,0.0003,492,21.21,0.05,9185,0.009999999776482582,-31.480789184570312,8186,184,,,
17.224063873291016,44,-5.319382429999999,0.0003,496,21.29,0.06,9264,0.009999999776482582,-29.289323806762695,8265,186,,,
7.037569999694824,44,-5.31611214,0.0003,500,21.37,0.06,9341,0.009999999776482582,-33.899078369140625,8342,187,,,
11.716974258422852,44,-4.538151770000001,0.0003,504,21.32,0.07,9410,0.009999999776482582,-31.41449546813965,8411,188,,,
46.75277328491211,44,-4.71806547,0.0003,508,21.45,0.07,9494,0.009999999776482582,-28.254770278930664,8495,189,,,
45.407684326171875,44,-3.95670011,0.0003,512,21.37,0.08,9580,0.009999999776482582,-29.10685920715332,8581,191,,,
19.192272186279297,44,-3.958542569999999,0.0003,516,21.16,0.08,9648,0.009999999776482582,-28.47323989868164,8649,192,,,
8.356026649475098,45,-3.5202321499999996,0.0003,520,21.07,0.08,9717,0.009999999776482582,-27.4778995513916,8718,193,,,
20.51517105102539,45,-2.682243719999999,0.0003,524,20.95,0.09,9786,0.009999999776482582,-26.77884292602539,8787,194,,,
17.763484954833984,45,-1.5874141799999992,0.0003,528,20.64,0.1,9856,0.009999999776482582,-30.659204483032227,8857,195,,,
3.550693988800049,45,-1.3671691899999996,0.0003,532,20.39,0.1,9923,0.009999999776482582,-29.14879608154297,8924,197,,,
18.156816482543945,44,-1.0741603300000004,0.0003,536,20.17,0.1,9999,0.009999999776482582,-27.968997955322266,9000,203,0.15,19.95,4.320369684645206
35.13142776489258,44,-0.32028904000000014,0.0003,540,20.1,0.11,10082,0.009999999776482582,-27.013057708740234,9083,204,,,
23.171039581298828,44,-1.3326757099999997,0.0003,544,20.28,0.1,10183,0.009999999776482582,-29.750492095947266,9184,206,,,
10.327198028564453,44,-1.4558832999999998,0.0003,548,20.38,0.1,10284,0.009999999776482582,-29.504730224609375,9285,207,,,
19.49880599975586,44,-1.19599989,0.0003,552,20.7,0.11,10392,0.009999999776482582,-27.232402801513672,9393,209,,,
27.796794891357422,44,-1.7413438100000005,0.0003,556,20.74,0.11,10485,0.009999999776482582,-24.782114028930664,9486,211,,,
11.42574691772461,44,-1.59466771,0.0003,560,20.75,0.11,10577,0.009999999776482582,-27.06753158569336,9578,213,,,
17.14206886291504,45,-2.0883464499999995,0.0003,564,20.62,0.1,10648,0.009999999776482582,-25.007204055786133,9649,214,,,
13.552694320678711,45,-2.02834844,0.0003,568,20.75,0.1,10742,0.009999999776482582,-25.479997634887695,9743,215,,,
20.4161376953125,45,-1.80678799,0.0003,572,20.64,0.1,10812,0.009999999776482582,-23.668813705444336,9813,216,,,
12.463624954223633,45,-1.71147635,0.0003,576,20.63,0.1,10887,0.009999999776482582,-25.632221221923828,9888,218,,,
32.61736297607422,45,-1.6067436400000004,0.0003,580,20.5,0.1,10958,0.009999999776482582,-25.138715744018555,9959,219,,,
11.425373077392578,44,-1.8694897600000004,0.0003,584,20.41,0.09,11040,0.009999999776482582,-25.63450813293457,10041,225,0.15,18.3,6.533779381952245
12.508576393127441,44,-1.3135120200000001,0.0003,588,19.98,0.09,11105,0.009999999776482582,-22.164323806762695,10106,226,,,
17.401103973388672,44,-1.1910753900000002,0.0003,592,19.84,0.09,11169,0.009999999776482582,-23.05038833618164,10170,227,,,
18.998641967773438,44,-0.18828023000000002,0.0003,596,19.7,0.1,11234,0.009999999776482582,-25.185810089111328,10235,228,,,
34.78683090209961,44,-0.21444977,0.0003,600,19.59,0.1,11300,0.009999999776482582,-21.54901885986328,10301,229,,,
21.46860122680664,44,-0.30216900000000024,0.0003,604,19.59,0.1,11369,0.009999999776482582,-22.663497924804688,10370,231,,,
15.881860733032227,44,-0.14190851000000004,0.0003,608,19.39,0.1,11433,0.009999999776482582,-24.14752960205078,10434,232,,,
11.124980926513672,44,-0.6154821400000003,0.0003,612,19.18,0.09,11498,0.009999999776482582,-22.27298355102539,10499,233,,,
20.718463897705078,45,-0.64449957,0.0003,616,19.18,0.09,11566,0.009999999776482582,-22.42513656616211,10567,234,,,
12.67422866821289,45,-0.2825906599999999,0.0003,620,19.17,0.1,11634,0.009999999776482582,-23.488353729248047,10635,235,,,
53.19590759277344,45,-1.0772273700000001,0.0003,624,19.18,0.09,11704,0.009999999776482582,-26.389671325683594,10705,236,,,
14.516498565673828,45,-1.5832713,0.0003,628,19.18,0.08,11774,0.009999999776482582,-24.38651466369629,10775,238,,,
2.548189163208008,45,-2.3217431000000004,0.0003,632,19.16,0.08,11839,0.009999999776482582,-22.570964813232422,10840,239,,,
10.477602005004883,45,-2.2264570099999994,0.0003,636,19.12,0.08,11911,0.009999999776482582,-19.538028717041016,10912,240,,,
18.992145538330078,45,-3.07376658,0.0003,640,18.97,0.07,11979,0.009999999776482582,-20.204357147216797,10980,241,,,
48.846107482910156,44,-1.62642135,0.0003,644,18.69,0.08,12052,0.009999999776482582,-23.678525924682617,11053,247,0.15,18.15,4.558294515597285
167.05575561523438,44,-0.043570270000000015,0.0003,648,18.4,0.09,12124,0.009999999776482582,-24.464101791381836,11125,248,,,
10.263246536254883,44,0.5749880999999999,0.0003,652,18.07,0.09,12199,0.009999999776482582,-21.292613983154297,11200,249,,,
73.43963623046875,44,0.64507556,0.0003,656,18.01,0.09,12286,0.009999999776482582,-18.934736251831055,11287,251,,,
40.50008010864258,44,2.09412692,0.0003,660,17.88,0.11,12365,0.009999999776482582,-20.138124465942383,11366,252,,,
28.89944839477539,45,0.9266490999999997,0.0003,664,17.96,0.11,12444,0.009999999776482582,-19.44940185546875,11445,254,,,
5.83782434463501,45,0.007446199999999648,0.0003,668,17.9,0.1,12532,0.009999999776482582,-19.564281463623047,11533,255,,,
13.3783540725708,45,0.6981844399999999,0.0003,672,18.03,0.11,12615,0.009999999776482582,-17.962158203125,11616,256,,,
14.736373901367188,45,-0.2721036300000005,0.0003,676,18.22,0.1,12709,0.009999999776482582,-17.2904052734375,11710,258,,,
22.79546356201172,45,-0.13031855000000026,0.0003,680,18.24,0.1,12782,0.009999999776482582,-21.17483901977539,11783,259,,,
22.244638442993164,45,-0.1544723600000004,0.0003,684,18.28,0.1,12868,0.009999999776482582,-21.083160400390625,11869,261,,,
89.23218536376953,45,0.37212962999999954,0.0003,688,18.51,0.11,12956,0.009999999776482582,-21.08721160888672,11957,262,,,
13.671433448791504,44,0.14335936999999965,0.0003,692,18.83,0.11,13052,0.009999999776482582,-19.095857620239258,12053,269,0.15,22.6,1.8993220009884368
9.487339973449707,44,-1.0427568500000002,0.0003,696,19.23,0.1,13157,0.009999999776482582,-14.86305046081543,12158,271,,,
7.264595031738281,44,-1.7627112800000007,0.0003,700,19.7,0.1,13270,0.009999999776482582,-17.496103286743164,12271,273,,,
9.076925277709961,44,-1.939694600000001,0.0003,704,19.93,0.1,13362,0.009999999776482582,-19.21101951599121,12363,274,,,
7.452905178070068,45,-2.4066453400000007,0.0003,708,20.37,0.1,13470,0.009999999776482582,-18.443195343017578,12471,276,,,
7.718323707580566,45,-2.690627540000001,0.0003,712,20.54,0.1,13552,0.009999999776482582,-15.157149314880371,12553,278,,,
12.117971420288086,45,-2.9913815900000005,0.0003,716,20.8,0.1,13646,0.009999999776482582,-19.64968490600586,12647,279,,,
32.10115051269531,45,-3.4007565900000003,0.0003,720,20.94,0.09,13728,0.009999999776482582,-18.485780715942383,12729,281,,,
10.408185958862305,45,-2.7270359900000005,0.0003,724,20.97,0.1,13801,0.009999999776482582,-15.236422538757324,12802,282,,,
76.4702377319336,45,-2.79930051,0.0003,728,21.13,0.1,13887,0.009999999776482582,-15.30076789855957,12888,283,,,
7.330042362213135,45,-2.0432117099999996,0.0003,732,21.24,0.1,13963,0.009999999776482582,-20.538419723510742,12964,285,,,
9.45132064819336,44,-1.2352097,0.0003,736,21.31,0.11,14042,0.009999999776482582,-16.57573699951172,13043,291,0.15,19.15,5.806581851289924
8.475885391235352,44,-0.9334476199999999,0.0003,740,21.42,0.11,14121,0.009999999776482582,-17.555702209472656,13122,292,,,
70.41200256347656,44,-0.8887015999999996,0.0003,744,21.43,0.11,14195,0.009999999776482582,-15.005395889282227,13196,293,,,
4.143628120422363,44,-0.8235560099999999,0.0003,748,21.44,0.11,14268,0.009999999776482582,-18.050640106201172,13269,295,,,
48.96935272216797,45,-0.9420310599999996,0.0003,752,21.47,0.11,14346,0.009999999776482582,-17.301528930664062,13347,296,,,
15.525289535522461,45,-0.3014973699999994,0.0003,756,21.33,0.11,14419,0.009999999776482582,-16.051523208618164,13420,297,,,
11.828741073608398,45,-1.4560243499999999,0.0003,760,21.3,0.09,14495,0.009999999776482582,-17.71040153503418,13496,299,,,
29.300594329833984,45,0.4640083299999999,0.0003,764,21.27,0.1,14571,0.009999999776482582,-13.209846496582031,13572,300,,,
18.50358009338379,45,0.6807263799999997,0.0003,768,21.14,0.1,14646,0.009999999776482582,-11.986385345458984,13647,301,,,
13.407781600952148,45,-0.11527240000000041,0.0003,772,20.99,0.09,14714,0.009999999776482582,-19.330902099609375,13715,302,,,
14.294187545776367,45,0.22740411000000002,0.0003,776,20.76,0.09,14785,0.009999999776482582,-16.47905921936035,13786,304,,,
11.535209655761719,45,0.033175260000000026,0.0003,780,20.89,0.09,14871,0.009999999776482582,-16.436782836914062,13872,305,,,
15.911540985107422,45,0.16171529999999984,0.0003,784,20.85,0.09,14953,0.009999999776482582,-15.5719633102417,13954,306,,,
30.702301025390625,44,-0.43578299999999975,0.0003,788,20.84,0.08,15040,0.009999999776482582,-18.987712860107422,14041,313,0.15,20.9,7.498320150727279
10.718925476074219,44,-0.33458529999999986,0.0003,792,20.71,0.08,15123,0.009999999776482582,-20.614545822143555,14124,314,,,
9.199387550354004,44,-0.6639508300000001,0.0003,796,20.51,0.07,15208,0.009999999776482582,-15.32590103149414,14209,316,,,
43.45045471191406,44,0.0029214400000000663,0.0003,800,20.25,0.07,15295,0.009999999776482582,-17.04387092590332,14296,317,,,
29.901416778564453,45,-0.5684506100000002,0.0003,804,20.16,0.06,15378,0.009999999776482582,-16.602611541748047,14379,319,,,
9.544229507446289,45,0.43115459999999994,0.0003,808,19.95,0.07,15465,0.009999999776482582,-22.242145538330078,14466,320,,,
8.864219665527344,45,0.6286069899999996,0.0003,812,19.94,0.07,15546,0.009999999776482582,-16.7821044921875,14547,322,,,
3.2434706687927246,45,0.9715922799999999,0.0003,816,19.84,0.07,15630,0.009999999776482582,-13.526135444641113,14631,323,,,
7.919643402099609,45,1.19335211,0.0003,820,19.88,0.07,15716,0.009999999776482582,-20.22931671142578,14717,325,,,
12.946191787719727,45,1.7766273099999994,0.0003,824,19.98,0.08,15799,0.009999999776482582,-14.789885520935059,14800,326,,,
9.859321594238281,45,2.4180154200000006,0.0003,828,19.97,0.09,15884,0.009999999776482582,-18.18284034729004,14885,327,,,
8.460426330566406,45,2.8856554700000006,0.0003,832,20.06,0.1,15969,0.009999999776482582,-18.363506317138672,14970,329,,,
20.34949493408203,44,2.75500507,0.0003,836,20.15,0.1,16057,0.009999999776482582,-13.754769325256348,15058,335,0.2,21.6,6.53554087379905
10.454158782958984,44,3.4414650899999994,0.0003,840,20.16,0.11,16137,0.009999999776482582,-18.12567710876465,15138,337,,,
5.360044479370117,44,2.57885356,0.0003,844,20.24,0.1,16219,0.009999999776482582,-18.215484619140625,15220,338,,,
11.496745109558105,44,1.5950281600000005,0.0003,848,20.3,0.09,16298,0.009999999776482582,-16.445669174194336,15299,340,,,
45.409217834472656,45,0.7701538200000003,0.0003,852,20.35,0.08,16381,0.009999999776482582,-14.587278366088867,15382,341,,,
8.852389335632324,45,0.7556485700000002,0.0003,856,20.41,0.08,16460,0.009999999776482582,-16.58323097229004,15461,342,,,
19.111412048339844,45,1.56714334,0.0003,860,20.43,0.09,16538,0.009999999776482582,-14.597005844116211,15539,344,,,
15.737653732299805,45,0.6377757300000001,0.0003,864,20.54,0.08,16625,0.009999999776482582,-18.223941802978516,15626,345,,,
5.344958305358887,45,0.7499350700000004,0.0003,868,20.58,0.08,16704,0.009999999776482582,-15.474188804626465,15705,347,,,
17.474716186523438,45,0.6665078800000004,0.0003,872,20.68,0.08,16782,0.009999999776482582,-17.432661056518555,15783,348,,,
23.20431137084961,45,0.5125937400000002,0.0003,876,20.76,0.08,16861,0.009999999776482582,-18.92106056213379,15862,349,,,
25.32249641418457,45,1.1224711,0.0003,880,20.74,0.09,16945,0.009999999776482582,-17.586708068847656,15946,351,,,
7.760932922363281,44,1.0917141900000005,0.0003,884,20.82,0.09,17035,0.009999999776482582,-16.732622146606445,16036,357,0.15,21.7,3.2691416939941282
14.162958145141602,44,2.9106111500000007,0.0003,888,20.74,0.12,17114,0.009999999776482582,-16.465883255004883,16115,359,,,
52.88026809692383,44,3.3931904000000004,0.0003,892,20.75,0.13,17198,0.009999999776482582,-19.673994064331055,16199,360,,,
12.639402389526367,44,3.2947133900000005,0.0003,896,20.72,0.13,17280,0.009999999776482582,-20.907127380371094,16281,361,,,
5.576452732086182,45,3.219738670000001,0.0003,900,20.8,0.13,17375,0.009999999776482582,-19.068870544433594,16376,363,,,
14.52495288848877,45,5.01830366,0.0003,904,20.82,0.16,17460,0.009999999776482582,-18.815887451171875,16461,364,,,
3.540503740310669,45,4.29592813,0.0003,908,20.84,0.15,17549,0.009999999776482582,-18.291751861572266,16550,366,,,
11.035568237304688,45,4.776970710000001,0.0003,912,20.85,0.16,17631,0.009999999776482582,-15.79416561126709,16632,367,,,
12.058305740356445,45,4.644269010000001,0.0003,916,20.84,0.16,17714,0.009999999776482582,-15.891685485839844,16715,369,,,
12.929718971252441,45,4.3855213399999995,0.0003,920,20.88,0.16,17804,0.009999999776482582,-15.34906005859375,16805,370,,,
14.862997055053711,45,3.794381709999999,0.0003,924,20.97,0.15,17896,0.009999999776482582,-15.59843921661377,16897,372,,,
46.41708755493164,45,3.1314602399999996,0.0003,928,20.96,0.14,17980,0.009999999776482582,-12.664315223693848,16981,374,,,
8.408982276916504,44,2.650675769999999,0.0003,932,20.96,0.13,18065,0.009999999776482582,-18.491056442260742,17066,381,0.25,21.95,6.855556112797004
4.585450172424316,44,2.6165714500000004,0.0003,936,20.96,0.13,18153,0.009999999776482582,-18.85699462890625,17154,382,,,
10.540323257446289,44,2.6510221199999995,0.0003,940,21.03,0.13,18240,0.009999999776482582,-18.60323715209961,17241,384,,,
28.44335174560547,44,3.7227798499999993,0.0003,944,21.12,0.15,18331,0.009999999776482582,-17.670578002929688,17332,385,,,
7.41372013092041,44,4.41512772,0.0003,948,21.18,0.16,18416,0.009999999776482582,-14.510912895202637,17417,387,,,
13.737621307373047,44,4.40567359,0.0003,952,21.21,0.16,18502,0.009999999776482582,-19.614274978637695,17503,388,,,
13.32529354095459,45,4.36543905,0.0003,956,21.24,0.16,18584,0.009999999776482582,-14.7518310546875,17585,390,,,
7.913383483886719,45,3.504535089999999,0.0003,960,21.39,0.15,18677,0.009999999776482582,-18.959177017211914,17678,392,,,
7.886172771453857,45,4.18847987,0.0003,964,21.48,0.16,18773,0.009999999776482582,-17.629838943481445,17774,393,,,
39.3558464050293,45,4.76709094,0.0003,968,21.51,0.17,18855,0.009999999776482582,-17.727638244628906,17856,395,,,
15.710479736328125,45,4.872664469999999,0.0003,972,21.51,0.17,18933,0.009999999776482582,-15.30482292175293,17934,396,,,
6.378572940826416,44,5.67121183,0.0003,976,21.64,0.18,19025,0.009999999776482582,-14.484867095947266,18026,404,0.25,22.55,5.923917488495574
7.080382347106934,44,6.52953256,0.0003,980,21.72,0.19,19117,0.009999999776482582,-13.175028800964355,18118,405,,,
22.25578498840332,44,7.240745559999999,0.0003,984,21.7,0.2,19205,0.009999999776482582,-16.489864349365234,18206,407,,,
13.709750175476074,44,5.82906163,0.0003,988,21.78,0.18,19292,0.009999999776482582,-17.97258758544922,18293,408,,,
16.83301544189453,44,5.759426890000001,0.0003,992,21.78,0.18,19376,0.009999999776482582,-15.850377082824707,18377,410,,,
8.481204986572266,44,6.51194429,0.0003,996,21.86,0.19,19466,0.009999999776482582,-15.891315460205078,18467,412,,,
10.720895767211914,44,6.631308970000001,0.0003,1000,21.77,0.19,19552,0.009999999776482582,-17.292720794677734,18553,413,,,
3.7802858352661133,44,4.799061470000001,0.0003,1004,21.75,0.16,19635,0.009999999776482582,-18.609012603759766,18636,415,,,
21.863853454589844,44,4.804081190000001,0.0003,1008,21.74,0.16,19723,0.009999999776482582,-18.0767765045166,18724,416,,,
20.238075256347656,44,5.0260896200000005,0.0003,1012,21.78,0.16,19809,0.009999999776482582,-18.467559814453125,18810,418,,,
16.06406021118164,44,4.9575767299999995,0.0003,1016,21.85,0.16,19899,0.009999999776482582,-15.56684684753418,18900,420,,,
9.394983291625977,45,4.953595580000001,0.0003,1020,21.82,0.16,19986,0.009999999776482582,-13.775697708129883,18987,421,,,
6.4872026443481445,44,4.659169919999999,0.0003,1024,21.81,0.16,20077,0.009999999776482582,-17.082304000854492,19078,428,0.25,22.15,7.99428991266735
14.751691818237305,44,5.2579144499999995,0.0003,1028,22.01,0.17,20181,0.009999999776482582,-16.89317512512207,19182,430,,,
21.195446014404297,44,5.130605659999999,0.0003,1032,22.13,0.17,20278,0.009999999776482582,-16.82516860961914,19279,432,,,
26.76580047607422,44,3.86033559,0.0003,1036,22.5,0.16,20403,0.009999999776482582,-16.621305465698242,19404,434,,,
22.94327163696289,44,2.54769362,0.0003,1040,22.81,0.15,20521,0.009999999776482582,-16.754718780517578,19522,436,,,
16.184219360351562,44,2.20599826,0.0003,1044,22.75,0.14,20606,0.009999999776482582,-16.38863754272461,19607,438,,,
7.229506015777588,44,0.8397167799999999,0.0003,1048,23.08,0.13,20724,0.009999999776482582,-16.059669494628906,19725,440,,,
8.017757415771484,44,0.7197609799999998,0.0003,1052,23.25,0.13,20827,0.009999999776482582,-20.25366973876953,19828,442,,,
10.192951202392578,44,0.68691354,0.0003,1056,23.4,0.13,20924,0.009999999776482582,-16.08904457092285,19925,444,,,
