rollout/ep_rew_mean,time/episodes,train/n_updates,train/learning_rate,train/ent_coef,train/critic_loss,time/fps,rollout/ep_len_mean,time/total_timesteps,time/time_elapsed,rollout/success_rate,train/actor_loss,eval/mean_ep_length,eval/mean_reward,eval/success_rate
6.4753565,4,500,0.0003,0.009999999776482582,3294.01508203125,80,20.0,80,0,0.0,-66.8340574030783,,,
1.3852324999999999,8,,,,,85,20.0,160,1,0.0,,,,
-0.9284780000000001,12,,,,,87,20.0,240,2,0.0,,,,
-1.7959461250000006,16,,,,,89,20.0,320,3,0.0,,,,
-2.6832654000000007,20,,,,,90,20.0,400,4,0.0,,,,
-1.2425830833333336,24,,,,,89,20.0,480,5,0.0,,,,
-1.5384433571428577,28,,,,,89,20.0,560,6,0.0,,,,
-1.9866518750000006,32,,,,,90,20.0,640,7,0.0,,,,
-1.699130305555556,36,,,,,90,20.0,720,7,0.0,,,,
-1.8190777500000004,40,,,,,91,20.0,800,8,0.0,,,,
-2.0199462500000003,44,,,,,90,20.0,880,9,0.0,,,,
-2.4621558125000003,48,,,,,90,20.0,960,10,0.0,,,,
-2.911989211538462,52,578,0.0003,0.009999999776482582,337.30877685546875,85,20.0,1040,12,0.0,-97.76875686645508,,,
8.704168999999998,56,634,0.0003,0.009999999776482582,350.7345275878906,81,19.071428571428573,1068,13,0.05357142857142857,-100.56794357299805,,,
7.528165883333332,60,794,0.0003,0.009999999776482582,205.84002685546875,73,19.133333333333333,1148,15,0.05,-107.27205657958984,,,
13.4902733125,64,886,0.0003,0.009999999776482582,179.14369201660156,68,18.65625,1194,17,0.078125,-109.68305206298828,,,
25.556064220588233,68,912,0.0003,0.009999999776482582,192.43963623046875,66,17.75,1207,18,0.1323529411764706,-110.77587509155273,,,
26.74907452777778,72,1038,0.0003,0.009999999776482582,196.59390258789062,62,17.63888888888889,1270,20,0.1388888888888889,-113.7496223449707,,,
33.766144092105264,76,1096,0.0003,0.009999999776482582,196.174072265625,60,17.092105263157894,1299,21,0.17105263157894737,-118.5846939086914,,,
37.4456078,80,1202,0.0003,0.009999999776482582,261.3866882324219,58,16.9,1352,23,0.1875,-121.98209381103516,,,
37.893963142857146,84,1326,0.0003,0.009999999776482582,242.65310668945312,55,16.833333333333332,1414,25,0.19047619047619047,-128.72863006591797,,,
41.06313597727273,88,1436,0.0003,0.009999999776482582,238.03243255615234,53,16.693181818181817,1469,27,0.20454545454545456,-135.91643524169922,,,
46.26006327173913,92,1494,0.0003,0.009999999776482582,220.31576538085938,52,16.282608695652176,1498,28,0.22826086956521738,-136.71448516845703,,,
51.03582546875,96,1552,0.0003,0.009999999776482582,193.9525146484375,51,15.90625,1527,29,0.25,-143.35919952392578,,,
57.82126639,100,1610,0.0003,0.009999999776482582,235.73441314697266,50,15.56,1556,31,0.28,-136.64038848876953,,,
64.05488353,104,1674,0.0003,0.009999999776482582,249.03665161132812,49,15.08,1588,32,0.31,-141.48351287841797,,,
70.67253135,108,1748,0.0003,0.009999999776482582,187.3926544189453,48,14.65,1625,33,0.34,-149.12938690185547,,,
77.54883472,112,1830,0.0003,0.009999999776482582,210.1830291748047,47,14.26,1666,35,0.37,-149.1125030517578,,,
84.13730090000001,116,1884,0.0003,0.009999999776482582,198.73999786376953,46,13.73,1693,36,0.4,-152.52432250976562,,,
90.77189285000003,120,1956,0.0003,0.009999999776482582,191.63226318359375,46,13.29,1729,37,0.43,-150.77237701416016,,,
99.38058941,124,1994,0.0003,0.009999999776482582,223.8856658935547,45,12.68,1748,38,0.47,-157.484619140625,,,
106.03564297999999,128,2066,0.0003,0.009999999776482582,171.84426879882812,45,12.24,1784,39,0.5,-155.0741958618164,,,
110.37310654999997,132,2166,0.0003,0.009999999776482582,153.4041290283203,44,11.94,1834,41,0.52,-163.71134185791016,,,
116.93560996000001,136,2226,0.0003,0.009999999776482582,132.2367057800293,43,11.44,1864,42,0.55,-163.87554931640625,,,
123.63255568000001,140,2296,0.0003,0.009999999776482582,123.98809051513672,43,10.99,1899,43,0.58,-170.01288604736328,,,
125.67084241999999,144,2420,0.0003,0.009999999776482582,118.66471862792969,42,10.81,1961,45,0.59,-171.0823211669922,,,
127.86491009999997,148,2546,0.0003,0.009999999776482582,94.80276107788086,38,10.64,2024,52,0.6,-170.98267364501953,14.15,70.4396410088039,0.35
132.34889228,152,2638,0.0003,0.009999999776482582,78.9771957397461,38,10.3,2070,54,0.62,-170.7022247314453,,,
127.85146807999999,156,2762,0.0003,0.009999999776482582,71.36556625366211,37,10.64,2132,56,0.6,-173.33218383789062,,,
127.86412594000001,160,2922,0.0003,0.009999999776482582,56.619667053222656,37,10.64,2212,59,0.6,-171.4029998779297,,,
130.40334192,164,2992,0.0003,0.009999999776482582,92.5219497680664,37,10.53,2247,60,0.61,-169.97775268554688,,,
130.46495449000003,168,3016,0.0003,0.009999999776482582,36.121307373046875,36,10.52,2259,61,0.61,-177.65804290771484,,,
128.24713771999998,172,3176,0.0003,0.009999999776482582,74.59822082519531,36,10.69,2339,63,0.6,-175.25724029541016,,,
130.67784713999998,176,3202,0.0003,0.009999999776482582,46.35011863708496,36,10.53,2352,64,0.61,-179.4486312866211,,,
135.49565457999998,180,3232,0.0003,0.009999999776482582,43.49161720275879,36,10.15,2367,65,0.63,-172.27545166015625,,,
135.57615790000003,184,3360,0.0003,0.009999999776482582,63.81052589416504,36,10.17,2431,67,0.63,-172.95088958740234,,,
137.76365476,188,3422,0.0003,0.009999999776482582,80.30160522460938,35,9.93,2462,68,0.64,-168.29691314697266,,,
137.93930522,192,3482,0.0003,0.009999999776482582,35.92392539978027,35,9.94,2492,69,0.64,-174.3794174194336,,,
140.27793827000002,196,3514,0.0003,0.009999999776482582,49.03442192077637,35,9.81,2508,70,0.65,-173.46449279785156,,,
137.79659748000003,200,3568,0.0003,0.009999999776482582,56.00134468078613,35,9.79,2535,71,0.64,-178.6320571899414,,,
137.86695976000001,204,3642,0.0003,0.009999999776482582,55.761634826660156,35,9.84,2572,73,0.64,-168.89051818847656,,,
133.28813191,208,3768,0.0003,0.009999999776482582,54.11991882324219,34,10.1,2635,75,0.62,-177.04590606689453,,,
130.75648569,212,3858,0.0003,0.009999999776482582,38.04220962524414,34,10.14,2680,77,0.61,-166.47457122802734,,,
133.02029127,216,3882,0.0003,0.009999999776482582,45.554840087890625,34,9.99,2692,77,0.62,-169.54820251464844,,,
133.08815917,220,3940,0.0003,0.009999999776482582,66.66476631164551,34,9.92,2721,78,0.62,-174.26802825927734,,,
128.44560968,224,4034,0.0003,0.009999999776482582,45.004737854003906,34,10.2,2768,80,0.6,-169.4345932006836,,,
130.74464054,228,4072,0.0003,0.009999999776482582,34.672953605651855,34,10.03,2787,81,0.61,-165.1407699584961,,,
133.03675987999998,232,4134,0.0003,0.009999999776482582,35.37155532836914,34,9.84,2818,82,0.62,-170.9234161376953,,,
130.63146509,236,4234,0.0003,0.009999999776482582,33.8796329498291,34,10.04,2868,84,0.61,-166.81939697265625,,,
130.51164157000002,240,4300,0.0003,0.009999999776482582,41.30221462249756,33,10.02,2901,85,0.61,-170.44146728515625,,,
137.53909008,244,4336,0.0003,0.009999999776482582,42.65741539001465,33,9.58,2919,86,0.64,-177.31845092773438,,,
139.85020088000002,248,4428,0.0003,0.009999999776482582,42.23445129394531,33,9.41,2965,88,0.65,-166.64618682861328,,,
139.94916912,252,4524,0.0003,0.009999999776482582,35.77476978302002,33,9.43,3013,90,0.65,-169.3497085571289,,,
147.01732714,256,4560,0.0003,0.009999999776482582,30.710336685180664,33,8.99,3031,90,0.68,-172.2098617553711,,,
156.34161492000004,260,4602,0.0003,0.009999999776482582,41.02863311767578,33,8.4,3052,91,0.72,-168.26815032958984,,,
156.08659014,264,4664,0.0003,0.009999999776482582,36.47549343109131,33,8.36,3083,93,0.72,-167.59160614013672,,,
153.78276423,268,4728,0.0003,0.009999999776482582,44.66481590270996,33,8.56,3115,94,0.71,-175.57167053222656,,,
160.68744149,272,4806,0.0003,0.009999999776482582,32.584256172180176,33,8.15,3154,95,0.74,-176.23097229003906,,,
160.47025937,276,4858,0.0003,0.009999999776482582,39.31612586975098,32,8.28,3180,96,0.74,-173.74749755859375,,,
157.75169838,280,4936,0.0003,0.009999999776482582,64.96880340576172,32,8.52,3219,97,0.73,-176.19393157958984,,,
162.15537763999998,284,5018,0.0003,0.009999999776482582,39.73429489135742,32,8.29,3260,99,0.75,-173.3109893798828,,,
159.8321327,288,5118,0.0003,0.009999999776482582,30.489612579345703,32,8.48,3310,101,0.74,-167.58218383789062,,,
159.6992654,292,5186,0.0003,0.009999999776482582,32.30432605743408,32,8.52,3344,102,0.74,-171.58547973632812,,,
155.15123025,296,5296,0.0003,0.009999999776482582,22.35211944580078,32,8.91,3399,104,0.72,-172.6216812133789,,,
157.42031932,300,5342,0.0003,0.009999999776482582,26.153453826904297,32,8.87,3422,105,0.73,-174.8993911743164,,,
157.31535678,304,5412,0.0003,0.009999999776482582,26.031524658203125,32,8.85,3457,106,0.73,-174.55056762695312,,,
164.14428120999997,308,5452,0.0003,0.009999999776482582,32.67989730834961,32,8.42,3477,107,0.76,-170.31824493408203,,,
168.69854059999997,312,5522,0.0003,0.009999999776482582,22.953678131103516,32,8.32,3512,108,0.78,-178.7768783569336,,,
166.48589577,316,5628,0.0003,0.009999999776482582,31.305838584899902,32,8.73,3565,110,0.77,-177.29290008544922,,,
162.07544317999998,320,5752,0.0003,0.009999999776482582,40.44451332092285,32,9.06,3627,112,0.75,-173.85164642333984,,,
162.09480366999998,324,5870,0.0003,0.009999999776482582,23.824923515319824,32,9.18,3686,114,0.75,-172.1952667236328,,,
152.99453675000004,328,6030,0.0003,0.009999999776482582,32.663825035095215,32,9.79,3766,117,0.71,-169.5935287475586,,,
146.1953254,332,6190,0.0003,0.009999999776482582,31.99448585510254,32,10.28,3846,120,0.68,-179.4193878173828,,,
141.63165876,336,6350,0.0003,0.009999999776482582,41.825504302978516,31,10.58,3926,122,0.66,-172.51380920410156,,,
134.79863397,340,6510,0.0003,0.009999999776482582,50.778398513793945,30,11.05,4006,131,0.63,-175.9109344482422,16.95,142.72260238607294,0.5
125.53211799999997,344,6670,0.0003,0.009999999776482582,57.96915054321289,30,11.67,4086,133,0.59,-171.9071807861328,,,
120.95487156000002,348,6830,0.0003,0.009999999776482582,69.1262435913086,30,12.01,4166,136,0.57,-179.3235855102539,,,
116.31682912999999,352,6990,0.0003,0.009999999776482582,75.38478088378906,30,12.33,4246,139,0.55,-175.06524658203125,,,
107.00837846,356,7150,0.0003,0.009999999776482582,78.00553894042969,30,12.95,4326,142,0.51,-173.59772491455078,,,
97.66491581999999,360,7310,0.0003,0.009999999776482582,78.39847946166992,30,13.54,4406,145,0.47,-182.80328369140625,,,
90.88772136000001,364,7470,0.0003,0.009999999776482582,103.02397155761719,30,14.03,4486,148,0.44,-183.07884979248047,,,
84.01779005999998,368,7630,0.0003,0.009999999776482582,103.05286026000977,30,14.51,4566,151,0.41,-178.65067291259766,,,
77.11964742,372,7790,0.0003,0.009999999776482582,114.35865783691406,30,14.92,4646,154,0.38,-185.84031677246094,,,
68.13547786,376,7950,0.0003,0.009999999776482582,129.52152633666992,30,15.46,4726,157,0.34,-184.33155822753906,,,
61.37118142,380,8110,0.0003,0.009999999776482582,137.88191986083984,29,15.87,4806,160,0.31,-189.16362762451172,,,
54.64851076,384,8270,0.0003,0.009999999776482582,212.21344757080078,29,16.26,4886,163,0.28,-184.3506317138672,,,
50.12405890000001,388,8430,0.0003,0.009999999776482582,162.8794174194336,29,16.56,4966,166,0.26,-191.83394622802734,,,
43.294205709999986,392,8590,0.0003,0.009999999776482582,200.24960327148438,29,17.02,5046,169,0.23,-192.97832489013672,,,
38.68875524999999,396,8750,0.0003,0.009999999776482582,171.61106872558594,29,17.27,5126,172,0.21,-189.51636505126953,,,
31.242004549999994,400,8910,0.0003,0.009999999776482582,200.12693786621094,29,17.84,5206,175,0.17,-194.11703491210938,,,
24.936548059999996,404,9070,0.0003,0.009999999776482582,182.18331909179688,29,18.29,5286,178,0.14,-190.94261932373047,,,
16.547139639999997,408,9230,0.0003,0.009999999776482582,188.60276794433594,29,18.89,5366,181,0.1,-194.4518280029297,,,
8.480586639999999,412,9390,0.0003,0.009999999776482582,194.0926513671875,29,19.34,5446,184,0.06,-194.96017456054688,,,
3.09449524,416,9550,0.0003,0.009999999776482582,323.7086486816406,29,19.61,5526,187,0.03,-197.26439666748047,,,
1.6595129100000003,420,9710,0.0003,0.009999999776482582,161.95441436767578,29,19.79,5606,190,0.02,-192.71183013916016,,,
-1.4790736599999996,424,9870,0.0003,0.009999999776482582,187.90808868408203,29,20.0,5686,194,0.0,-191.01007080078125,,,
-0.10723723000000014,428,10030,0.0003,0.009999999776482582,199.0786361694336,29,20.0,5766,197,0.0,-206.17179107666016,,,
1.64989168,432,10190,0.0003,0.009999999776482582,180.2495574951172,29,20.0,5846,200,0.0,-201.81503295898438,,,
3.119308169999999,436,10350,0.0003,0.009999999776482582,270.98822021484375,29,20.0,5926,203,0.0,-207.17705535888672,,,
4.0911553,440,10510,0.0003,0.009999999776482582,199.0854263305664,28,20.0,6006,213,0.0,-209.96395111083984,20.0,14.129355743194793,0.0
5.52769896,444,10670,0.0003,0.009999999776482582,158.03048706054688,28,20.0,6086,216,0.0,-212.4891357421875,,,
7.51871775,448,10830,0.0003,0.009999999776482582,188.88375854492188,28,20.0,6166,219,0.0,-212.18373107910156,,,
9.13750589,452,10990,0.0003,0.009999999776482582,180.51565551757812,28,20.0,6246,222,0.0,-207.59545135498047,,,
11.089465850000002,456,11150,0.0003,0.009999999776482582,220.5921401977539,28,20.0,6326,225,0.0,-209.60941314697266,,,
13.099656989999998,460,11310,0.0003,0.009999999776482582,155.37311553955078,27,20.0,6406,228,0.0,-210.91800689697266,,,
14.203346759999999,464,11470,0.0003,0.009999999776482582,162.8639907836914,27,20.0,6486,231,0.0,-219.63593292236328,,,
16.12740643,468,11630,0.0003,0.009999999776482582,192.04736328125,27,20.0,6566,234,0.0,-210.87033081054688,,,
17.13138306,472,11790,0.0003,0.009999999776482582,128.5887908935547,27,20.0,6646,238,0.0,-211.4838638305664,,,
18.599091310000002,476,11950,0.0003,0.009999999776482582,160.4149169921875,27,20.0,6726,241,0.0,-206.0429916381836,,,
20.07130938,480,12110,0.0003,0.009999999776482582,162.29566192626953,27,20.0,6806,244,0.0,-210.36969757080078,,,
21.66482439,484,12270,0.0003,0.009999999776482582,138.97364807128906,27,20.0,6886,247,0.0,-216.3534927368164,,,
23.16491191,488,12430,0.0003,0.009999999776482582,129.62159729003906,27,20.0,6966,250,0.0,-214.64957427978516,,,
24.14911607,492,12590,0.0003,0.009999999776482582,172.87432861328125,27,20.0,7046,254,0.0,-226.2074432373047,,,
25.664066750000003,496,12750,0.0003,0.009999999776482582,131.85902404785156,27,20.0,7126,257,0.0,-222.1695098876953,,,
25.62552106,500,12910,0.0003,0.009999999776482582,405.1502380371094,27,20.0,7206,260,0.0,-221.12805938720703,,,
26.668813049999997,504,13070,0.0003,0.009999999776482582,144.00392150878906,27,20.0,7286,263,0.0,-226.63182067871094,,,
27.670725669999996,508,13230,0.0003,0.009999999776482582,167.07421875,27,20.0,7366,266,0.0,-233.2206268310547,,,
28.7436824,512,13390,0.0003,0.009999999776482582,138.43173599243164,27,20.0,7446,269,0.0,-225.32366943359375,,,
29.430421840000005,516,13550,0.0003,0.009999999776482582,113.7200927734375,27,20.0,7526,272,0.0,-223.08222198486328,,,
30.000774200000002,520,13710,0.0003,0.009999999776482582,138.22142791748047,27,20.0,7606,275,0.0,-220.3744888305664,,,
30.076882689999998,524,13870,0.0003,0.009999999776482582,123.96531295776367,27,20.0,7686,278,0.0,-229.5782470703125,,,
30.184056020000003,528,14030,0.0003,0.009999999776482582,210.00859832763672,27,20.0,7766,281,0.0,-223.12056732177734,,,
30.73652215,532,14190,0.0003,0.009999999776482582,188.76780700683594,27,20.0,7846,284,0.0,-222.4888916015625,,,
30.750628120000002,536,14350,0.0003,0.009999999776482582,138.3291893005371,27,20.0,7926,287,0.0,-235.64981079101562,,,
31.8593129,540,14510,0.0003,0.009999999776482582,110.12060928344727,26,20.0,8006,297,0.0,-230.68802642822266,20.0,25.160002814064523,0.0
32.347591900000005,544,14670,0.0003,0.009999999776482582,137.25257110595703,26,20.0,8086,300,0.0,-229.6776885986328,,,
32.52841773,548,14830,0.0003,0.009999999776482582,166.02994537353516,26,20.0,8166,303,0.0,-231.52262115478516,,,
33.49437691999999,552,14990,0.0003,0.009999999776482582,110.81845474243164,26,20.0,8246,306,0.0,-229.07525634765625,,,
33.0834785,556,15150,0.0003,0.009999999776482582,174.90767669677734,26,20.0,8326,309,0.0,-233.09449768066406,,,
32.557154,560,15310,0.0003,0.009999999776482582,97.53873443603516,26,20.0,8406,312,0.0,-228.54629516601562,,,
32.56098531000001,564,15470,0.0003,0.009999999776482582,156.15475463867188,26,20.0,8486,315,0.0,-239.74613189697266,,,
30.87243583,568,15630,0.0003,0.009999999776482582,123.65460586547852,26,20.0,8566,318,0.0,-236.9527587890625,,,
30.638596410000005,572,15790,0.0003,0.009999999776482582,86.62771224975586,26,20.0,8646,321,0.0,-233.02208709716797,,,
29.544435759999995,576,15950,0.0003,0.009999999776482582,107.4077262878418,26,20.0,8726,325,0.0,-234.0472640991211,,,
28.94134018999999,580,16110,0.0003,0.009999999776482582,122.28414916992188,26,20.0,8806,328,0.0,-237.7577362060547,,,
30.103097869999996,584,16270,0.0003,0.009999999776482582,138.54367065429688,26,20.0,8886,331,0.0,-229.15928649902344,,,
30.1241651,588,16430,0.0003,0.009999999776482582,73.38397216796875,26,20.0,8966,334,0.0,-235.1304168701172,,,
31.56955756,592,16590,0.0003,0.009999999776482582,200.40040588378906,26,20.0,9046,337,0.0,-219.71327209472656,,,
32.09394753000001,596,16750,0.0003,0.009999999776482582,107.98200225830078,26,20.0,9126,340,0.0,-244.6007080078125,,,
33.162878930000005,600,16910,0.0003,0.009999999776482582,116.48741912841797,26,20.0,9206,343,0.0,-232.61009216308594,,,
34.56071532000001,604,17070,0.0003,0.009999999776482582,176.11154174804688,26,20.0,9286,346,0.0,-239.069091796875,,,
36.13540093,608,17230,0.0003,0.009999999776482582,149.13475036621094,26,20.0,9366,349,0.0,-232.38482666015625,,,
36.64030047,612,17390,0.0003,0.009999999776482582,108.17559432983398,26,20.0,9446,352,0.0,-230.05088806152344,,,
37.51650748,616,17550,0.0003,0.009999999776482582,213.71998596191406,26,20.0,9526,355,0.0,-239.21138763427734,,,
37.642874490000004,620,17710,0.0003,0.009999999776482582,125.68724822998047,26,20.0,9606,358,0.0,-242.5891876220703,,,
37.90374069000001,624,17870,0.0003,0.009999999776482582,130.76351928710938,26,20.0,9686,361,0.0,-239.2854995727539,,,
38.350421880000006,628,18030,0.0003,0.009999999776482582,111.98691177368164,26,20.0,9766,364,0.0,-231.06903076171875,,,
38.077475799999995,632,18190,0.0003,0.009999999776482582,130.1124610900879,26,20.0,9846,367,0.0,-234.55772399902344,,,
39.71646590999999,636,18340,0.0003,0.009999999776482582,167.54887008666992,26,19.95,9921,370,0.01,-236.49542236328125,,,
38.24789974,640,18500,0.0003,0.009999999776482582,115.84614181518555,26,19.95,10001,379,0.01,-235.3187026977539,20.0,30.343842425427123,0.0
37.8973564,644,18660,0.0003,0.009999999776482582,142.44657135009766,26,19.95,10081,383,0.01,-236.39833068847656,,,
37.262111250000004,648,18820,0.0003,0.009999999776482582,113.73987197875977,26,19.95,10161,385,0.01,-220.78701782226562,,,
35.93067042999999,652,18980,0.0003,0.009999999776482582,145.36103057861328,26,19.95,10241,388,0.01,-234.18360900878906,,,
36.121774429999995,656,19140,0.0003,0.009999999776482582,115.15685272216797,26,19.95,10321,391,0.01,-227.74578094482422,,,
36.40152484,660,19300,0.0003,0.009999999776482582,123.2412338256836,26,19.95,10401,394,0.01,-245.09173583984375,,,
37.315916730000005,664,19460,0.0003,0.009999999776482582,114.00764465332031,26,19.95,10481,398,0.01,-244.78775024414062,,,
38.12998254,668,19620,0.0003,0.009999999776482582,132.69086456298828,26,19.95,10561,401,0.01,-235.97552490234375,,,
39.47876408,672,19780,0.0003,0.009999999776482582,141.74645233154297,26,19.95,10641,404,0.01,-235.98095703125,,,
40.65300921,676,19940,0.0003,0.009999999776482582,96.5057601928711,26,19.95,10721,407,0.01,-242.16724395751953,,,
40.98760768,680,20100,0.0003,0.009999999776482582,159.68904876708984,26,19.95,10801,410,0.01,-240.17888641357422,,,
39.23715202,684,20260,0.0003,0.009999999776482582,112.2872200012207,26,19.95,10881,413,0.01,-241.07244873046875,,,
39.632905060000006,688,20420,0.0003,0.009999999776482582,97.10541152954102,26,19.95,10961,416,0.01,-243.42032623291016,,,
38.56041451,692,20580,0.0003,0.009999999776482582,98.4632797241211,26,19.95,11041,419,0.01,-233.68199920654297,,,
37.59071627,696,20740,0.0003,0.009999999776482582,157.84481811523438,26,19.95,11121,422,0.01,-244.98621368408203,,,
37.01645732,700,20900,0.0003,0.009999999776482582,118.03157806396484,26,19.95,11201,425,0.01,-238.89627838134766,,,
36.13167970000001,704,21060,0.0003,0.009999999776482582,139.5757293701172,26,19.95,11281,428,0.01,-242.12376403808594,,,
33.73162003,708,21220,0.0003,0.009999999776482582,124.28496932983398,26,19.95,11361,431,0.01,-239.52991485595703,,,
32.93638452,712,21380,0.0003,0.009999999776482582,120.87682342529297,26,19.95,11441,434,0.01,-239.0121841430664,,,
30.758531789999996,716,21540,0.0003,0.009999999776482582,137.80829620361328,26,19.95,11521,437,0.01,-233.4574432373047,,,
31.094091680000002,720,21700,0.0003,0.009999999776482582,112.103515625,26,19.95,11601,440,0.01,-242.9090576171875,,,
31.51199893,724,21860,0.0003,0.009999999776482582,132.09320068359375,26,19.95,11681,443,0.01,-238.2990264892578,,,
30.349433519999998,728,22020,0.0003,0.009999999776482582,136.58325958251953,26,19.95,11761,446,0.01,-234.21484375,,,
29.892774439999997,732,22180,0.0003,0.009999999776482582,115.93648910522461,26,19.95,11841,449,0.01,-241.26038360595703,,,
28.46084265,736,22340,0.0003,0.009999999776482582,139.81963348388672,26,20.0,11921,452,0.0,-241.4236602783203,,,
29.805269720000002,740,22500,0.0003,0.009999999776482582,157.72078704833984,25,20.0,12001,461,0.0,-241.71562957763672,20.0,25.048239928155027,0.0
29.75962099,744,22660,0.0003,0.009999999776482582,165.11270141601562,25,20.0,12081,464,0.0,-240.85590362548828,,,
29.99184373,748,22820,0.0003,0.009999999776482582,88.1586799621582,26,20.0,12161,467,0.0,-240.9113006591797,,,
29.799308010000004,752,22980,0.0003,0.009999999776482582,94.55891799926758,26,20.0,12241,470,0.0,-244.5334014892578,,,
29.537470639999995,756,23140,0.0003,0.009999999776482582,91.58810424804688,26,20.0,12321,473,0.0,-249.66455078125,,,
29.2378057,760,23300,0.0003,0.009999999776482582,119.58164978027344,26,20.0,12401,476,0.0,-236.98365020751953,,,
29.31623667,764,23460,0.0003,0.009999999776482582,107.77399063110352,26,20.0,12481,479,0.0,-242.6577606201172,,,
29.3778323,768,23620,0.0003,0.009999999776482582,112.63954544067383,26,20.0,12561,482,0.0,-234.97530364990234,,,
29.033333129999995,772,23780,0.0003,0.009999999776482582,115.85999298095703,26,20.0,12641,485,0.0,-241.61739349365234,,,
29.80850237,776,23940,0.0003,0.009999999776482582,151.1593894958496,26,20.0,12721,489,0.0,-244.8439178466797,,,
30.14731074,780,24100,0.0003,0.009999999776482582,153.3630142211914,26,20.0,12801,492,0.0,-243.52728271484375,,,
30.709567489999998,784,24260,0.0003,0.009999999776482582,117.48228454589844,26,20.0,12881,495,0.0,-233.73566436767578,,,
30.309139759999997,788,24420,0.0003,0.009999999776482582,106.74828338623047,26,20.0,12961,498,0.0,-238.57657623291016,,,
30.936675440000002,792,24580,0.0003,0.009999999776482582,62.148834228515625,26,20.0,13041,501,0.0,-253.73707580566406,,,
30.920440270000004,796,24740,0.0003,0.009999999776482582,136.14034271240234,26,20.0,13121,504,0.0,-242.51019287109375,,,
30.5248456,800,24900,0.0003,0.009999999776482582,111.28241729736328,26,20.0,13201,506,0.0,-241.80159759521484,,,
29.966840679999997,804,25060,0.0003,0.009999999776482582,120.71868896484375,26,20.0,13281,509,0.0,-255.91249084472656,,,
30.632362059999995,808,25220,0.0003,0.009999999776482582,129.16545486450195,26,20.0,13361,512,0.0,-243.99327850341797,,,
30.304353389999996,812,25380,0.0003,0.009999999776482582,160.87985610961914,26,20.0,13441,515,0.0,-251.7054214477539,,,
31.476638050000005,816,25540,0.0003,0.009999999776482582,165.3765869140625,26,20.0,13521,518,0.0,-244.45458221435547,,,
30.595613300000004,820,25700,0.0003,0.009999999776482582,82.54698181152344,26,20.0,13601,521,0.0,-247.45020294189453,,,
30.495214660000006,824,25860,0.0003,0.009999999776482582,112.08079528808594,26,20.0,13681,524,0.0,-247.81195068359375,,,
31.258850290000005,828,26020,0.0003,0.009999999776482582,119.72568130493164,26,20.0,13761,528,0.0,-248.9024887084961,,,
30.339748430000004,832,26180,0.0003,0.009999999776482582,85.1674690246582,26,20.0,13841,531,0.0,-247.70191955566406,,,
29.659299410000003,836,26340,0.0003,0.009999999776482582,152.3552474975586,26,20.0,13921,534,0.0,-242.57573699951172,,,
29.297057840000008,840,26500,0.0003,0.009999999776482582,128.248046875,25,20.0,14001,543,0.0,-236.1756134033203,20.0,19.309742886701947,0.0
29.089996629999995,844,26660,0.0003,0.009999999776482582,138.05540466308594,25,20.0,14081,546,0.0,-246.56478118896484,,,
29.00004951,848,26820,0.0003,0.009999999776482582,121.53748321533203,25,20.0,14161,549,0.0,-243.10323333740234,,,
29.42413572,852,26980,0.0003,0.009999999776482582,84.34111022949219,25,20.0,14241,552,0.0,-251.6194076538086,,,
31.62947408,856,27136,0.0003,0.009999999776482582,123.38105773925781,25,19.98,14319,555,0.01,-254.96273803710938,,,
31.92139711,860,27296,0.0003,0.009999999776482582,96.4712142944336,25,19.98,14399,558,0.01,-253.1055908203125,,,
31.67788277,864,27456,0.0003,0.009999999776482582,99.94361877441406,25,19.98,14479,561,0.01,-248.01539611816406,,,
32.35184460000001,868,27616,0.0003,0.009999999776482582,140.5583724975586,25,19.98,14559,564,0.01,-251.03439331054688,,,
32.302276500000005,872,27776,0.0003,0.009999999776482582,108.87140274047852,25,19.98,14639,567,0.01,-254.18372344970703,,,
32.18230351,876,27936,0.0003,0.009999999776482582,100.72447967529297,25,19.98,14719,570,0.01,-255.9978790283203,,,
32.376624150000005,880,28096,0.0003,0.009999999776482582,98.05712127685547,25,19.98,14799,573,0.01,-252.0804443359375,,,
32.90350645,884,28256,0.0003,0.009999999776482582,125.06236267089844,25,19.98,14879,576,0.01,-260.35060119628906,,,
33.520438399999996,888,28416,0.0003,0.009999999776482582,114.99644088745117,25,19.98,14959,579,0.01,-248.2106170654297,,,
33.28256869,892,28576,0.0003,0.009999999776482582,93.7836799621582,25,19.98,15039,582,0.01,-255.12387084960938,,,
33.181355870000004,896,28736,0.0003,0.009999999776482582,121.91300201416016,25,19.98,15119,585,0.01,-256.68289947509766,,,
33.12222284,900,28896,0.0003,0.009999999776482582,120.07133865356445,25,19.98,15199,588,0.01,-249.46434783935547,,,
33.29740948,904,29056,0.0003,0.009999999776482582,105.97470092773438,25,19.98,15279,591,0.01,-246.74683380126953,,,
33.600570659999995,908,29216,0.0003,0.009999999776482582,113.307861328125,25,19.98,15359,594,0.01,-257.33013916015625,,,
33.87746779,912,29376,0.0003,0.009999999776482582,70.28350448608398,25,19.98,15439,597,0.01,-253.92632293701172,,,
33.87635207,916,29536,0.0003,0.009999999776482582,103.89396667480469,25,19.98,15519,600,0.01,-245.48452758789062,,,
34.19206064,920,29696,0.0003,0.009999999776482582,123.27960968017578,25,19.98,15599,603,0.01,-259.78541564941406,,,
33.92728502000001,924,29856,0.0003,0.009999999776482582,95.25968551635742,25,19.98,15679,606,0.01,-243.5326690673828,,,
34.95965239,928,30016,0.0003,0.009999999776482582,90.48456954956055,25,19.98,15759,609,0.01,-249.70645904541016,,,
35.41242605,932,30176,0.0003,0.009999999776482582,142.32925033569336,25,19.98,15839,612,0.01,-257.5966033935547,,,
35.981681980000005,936,30336,0.0003,0.009999999776482582,265.74561309814453,25,19.98,15919,615,0.01,-256.6141357421875,,,
34.87202748,940,30496,0.0003,0.009999999776482582,88.93185234069824,25,19.98,15999,618,0.01,-253.83969116210938,,,
35.2184102,944,30656,0.0003,0.009999999776482582,111.94164657592773,25,19.98,16079,627,0.01,-252.63229370117188,20.0,20.600425733015122,0.0
35.301247739999994,948,30816,0.0003,0.009999999776482582,98.02350234985352,25,19.98,16159,630,0.01,-252.01282501220703,,,
35.32895022,952,30976,0.0003,0.009999999776482582,75.19816589355469,25,19.98,16239,633,0.01,-257.1106491088867,,,
33.546562630000004,956,31136,0.0003,0.009999999776482582,110.85077667236328,25,20.0,16319,636,0.0,-236.91139221191406,,,
33.583656579999996,960,31296,0.0003,0.009999999776482582,133.8804817199707,25,20.0,16399,639,0.0,-253.5589141845703,,,
33.77974857,964,31456,0.0003,0.009999999776482582,120.9760513305664,25,20.0,16479,642,0.0,-252.72350311279297,,,
33.97171378,968,31616,0.0003,0.009999999776482582,193.5887451171875,25,20.0,16559,645,0.0,-244.22655487060547,,,
33.66849331,972,31776,0.0003,0.009999999776482582,138.0673370361328,25,20.0,16639,648,0.0,-248.07192993164062,,,
33.30059317,976,31936,0.0003,0.009999999776482582,122.06829452514648,25,20.0,16719,652,0.0,-249.06822204589844,,,
32.77260054,980,32096,0.0003,0.009999999776482582,128.24182891845703,25,20.0,16799,655,0.0,-252.5387191772461,,,
32.29545221,984,32256,0.0003,0.009999999776482582,103.32401275634766,25,20.0,16879,658,0.0,-243.12665557861328,,,
31.196834259999996,988,32416,0.0003,0.009999999776482582,103.96891784667969,25,20.0,16959,660,0.0,-240.19817352294922,,,
30.561855660000003,992,32576,0.0003,0.009999999776482582,103.11570358276367,25,20.0,17039,664,0.0,-247.8455581665039,,,
31.091768169999995,996,32736,0.0003,0.009999999776482582,126.1859016418457,25,20.0,17119,667,0.0,-242.60751342773438,,,
31.97835259,1000,32896,0.0003,0.009999999776482582,122.99596405029297,25,20.0,17199,670,0.0,-254.14755249023438,,,
31.867635109999995,1004,33056,0.0003,0.009999999776482582,95.6761589050293,25,20.0,17279,673,0.0,-255.86239624023438,,,
31.926166329999997,1008,33216,0.0003,0.009999999776482582,102.57301712036133,25,20.0,17359,676,0.0,-254.70947265625,,,
32.35032753,1012,33376,0.0003,0.009999999776482582,128.5185317993164,25,20.0,17439,679,0.0,-246.00640869140625,,,
31.771594969999995,1016,33536,0.0003,0.009999999776482582,153.2853012084961,25,20.0,17519,682,0.0,-250.44175720214844,,,
30.962753160000002,1020,33696,0.0003,0.009999999776482582,128.72961807250977,25,20.0,17599,685,0.0,-243.63980865478516,,,
29.730747909999995,1024,33856,0.0003,0.009999999776482582,150.42237854003906,25,20.0,17679,688,0.0,-259.4081726074219,,,
28.080151950000005,1028,34016,0.0003,0.009999999776482582,80.7828140258789,25,20.0,17759,691,0.0,-249.01033782958984,,,
28.511113400000003,1032,34176,0.0003,0.009999999776482582,124.03586196899414,25,20.0,17839,694,0.0,-248.7638702392578,,,
27.54773667,1036,34336,0.0003,0.009999999776482582,121.886962890625,25,20.0,17919,697,0.0,-251.05504608154297,,,
29.139908329999994,1040,34496,0.0003,0.009999999776482582,122.6176528930664,25,20.0,17999,700,0.0,-249.85108184814453,,,
28.63047642,1044,34656,0.0003,0.009999999776482582,100.80649948120117,25,20.0,18079,710,0.0,-241.35362243652344,20.0,26.05792107872868,0.0
28.537417880000003,1048,34816,0.0003,0.009999999776482582,151.6365737915039,25,20.0,18159,713,0.0,-245.17145538330078,,,
29.1112905,1052,34976,0.0003,0.009999999776482582,144.57746124267578,25,20.0,18239,716,0.0,-242.26658630371094,,,
28.28135032,1056,35136,0.0003,0.009999999776482582,183.7615509033203,25,20.0,18319,719,0.0,-249.81678771972656,,,
28.000700269999996,1060,35296,0.0003,0.009999999776482582,175.91913604736328,25,20.0,18399,722,0.0,-241.15142822265625,,,
28.109303540000006,1064,35456,0.0003,0.009999999776482582,143.23565673828125,25,20.0,18479,725,0.0,-251.82836151123047,,,
27.778541750000002,1068,35616,0.0003,0.009999999776482582,103.50450134277344,25,20.0,18559,728,0.0,-253.93898010253906,,,
28.681872910000003,1072,35776,0.0003,0.009999999776482582,74.55940628051758,25,20.0,18639,731,0.0,-258.13294982910156,,,
28.875951760000003,1076,35936,0.0003,0.009999999776482582,70.79983139038086,25,20.0,18719,734,0.0,-254.29389190673828,,,
27.701269119999996,1080,36096,0.0003,0.009999999776482582,137.18901824951172,25,20.0,18799,737,0.0,-255.6680679321289,,,
27.076709179999998,1084,36256,0.0003,0.009999999776482582,91.76186752319336,25,20.0,18879,740,0.0,-247.70240783691406,,,
28.276901979999998,1088,36416,0.0003,0.009999999776482582,94.85060119628906,25,20.0,18959,743,0.0,-256.51273345947266,,,
28.658520060000004,1092,36576,0.0003,0.009999999776482582,134.06625747680664,25,20.0,19039,746,0.0,-253.56991577148438,,,
28.87740219,1096,36736,0.0003,0.009999999776482582,88.32785034179688,25,20.0,19119,749,0.0,-257.5313720703125,,,
27.403673530000006,1100,36896,0.0003,0.009999999776482582,159.9791488647461,25,20.0,19199,752,0.0,-256.91368103027344,,,
27.93450045,1104,37056,0.0003,0.009999999776482582,142.90731811523438,25,20.0,19279,755,0.0,-242.17386627197266,,,
28.20165269,1108,37216,0.0003,0.009999999776482582,179.8461456298828,25,20.0,19359,759,0.0,-251.0428466796875,,,
28.156341689999998,1112,37376,0.0003,0.009999999776482582,146.35950469970703,25,20.0,19439,762,0.0,-253.85850524902344,,,
28.50569164,1116,37536,0.0003,0.009999999776482582,178.24220275878906,25,20.0,19519,765,0.0,-253.32767486572266,,,
30.002179619999996,1120,37696,0.0003,0.009999999776482582,71.33585548400879,25,20.0,19599,768,0.0,-249.89083862304688,,,
31.554193140000002,1124,37856,0.0003,0.009999999776482582,128.89108276367188,25,20.0,19679,771,0.0,-264.20082092285156,,,
32.19388926,1128,38016,0.0003,0.009999999776482582,161.0387725830078,25,20.0,19759,774,0.0,-256.3841018676758,,,
32.41980377,1132,38176,0.0003,0.009999999776482582,109.45123291015625,25,20.0,19839,777,0.0,-255.62029266357422,,,
33.71355216999999,1136,38336,0.0003,0.009999999776482582,109.84883880615234,25,20.0,19919,780,0.0,-255.42493438720703,,,
33.24981347000001,1140,38496,0.0003,0.009999999776482582,146.40557861328125,25,20.0,19999,783,0.0,-253.25446319580078,,,
33.53664487,1144,38656,0.0003,0.009999999776482582,89.11510848999023,25,20.0,20079,792,0.0,-262.4875030517578,19.75,47.02773802102006,0.1
33.340200679999995,1148,38816,0.0003,0.009999999776482582,84.06185913085938,25,20.0,20159,795,0.0,-274.44354248046875,,,
32.68262946000001,1152,38976,0.0003,0.009999999776482582,141.86083221435547,25,20.0,20239,798,0.0,-265.5979766845703,,,
33.27319386,1156,39136,0.0003,0.009999999776482582,129.10010528564453,25,20.0,20319,801,0.0,-265.09478759765625,,,
33.67448218,1160,39296,0.0003,0.009999999776482582,111.16820526123047,25,20.0,20399,804,0.0,-257.25050354003906,,,
33.05138863999999,1164,39456,0.0003,0.009999999776482582,211.3931655883789,25,20.0,20479,807,0.0,-250.77112579345703,,,
33.377449340000005,1168,39616,0.0003,0.009999999776482582,88.52908706665039,25,20.0,20559,810,0.0,-252.21507263183594,,,
32.910852610000006,1172,39776,0.0003,0.009999999776482582,131.04571914672852,25,20.0,20639,813,0.0,-265.75108337402344,,,
32.37875535,1176,39936,0.0003,0.009999999776482582,126.79503631591797,25,20.0,20719,816,0.0,-256.3242874145508,,,
33.792758000000006,1180,40096,0.0003,0.009999999776482582,110.56190490722656,25,20.0,20799,819,0.0,-255.7739715576172,,,
34.35310261,1184,40256,0.0003,0.009999999776482582,151.24898147583008,25,20.0,20879,822,0.0,-265.35850524902344,,,
33.587799020000006,1188,40416,0.0003,0.009999999776482582,170.50594329833984,25,20.0,20959,826,0.0,-259.98876190185547,,,
33.81272839,1192,40576,0.0003,0.009999999776482582,199.7441177368164,25,20.0,21039,829,0.0,-265.88592529296875,,,
34.22160369999999,1196,40736,0.0003,0.009999999776482582,211.45809173583984,25,20.0,21119,832,0.0,-269.4089050292969,,,
35.20283965000001,1200,40896,0.0003,0.009999999776482582,111.4463882446289,25,20.0,21199,835,0.0,-260.2292022705078,,,
34.45030038,1204,41056,0.0003,0.009999999776482582,146.72573852539062,25,20.0,21279,839,0.0,-261.2343444824219,,,
33.97029536,1208,41216,0.0003,0.009999999776482582,99.90546417236328,25,20.0,21359,842,0.0,-264.4273986816406,,,
33.906239039999996,1212,41376,0.0003,0.009999999776482582,153.42761611938477,25,20.0,21439,845,0.0,-253.68921661376953,,,
33.14302539,1216,41536,0.0003,0.009999999776482582,133.67236709594727,25,20.0,21519,848,0.0,-263.82640075683594,,,
31.564699509999997,1220,41696,0.0003,0.009999999776482582,151.27719497680664,25,20.0,21599,851,0.0,-254.75887298583984,,,
30.80683195,1224,41856,0.0003,0.009999999776482582,90.89255905151367,25,20.0,21679,854,0.0,-265.9837341308594,,,
30.70462073,1228,42016,0.0003,0.009999999776482582,124.94548034667969,25,20.0,21759,858,0.0,-252.61425018310547,,,
29.91184896,1232,42176,0.0003,0.009999999776482582,136.6573715209961,25,20.0,21839,861,0.0,-268.7654113769531,,,
29.78269691000001,1236,42336,0.0003,0.009999999776482582,176.96755981445312,25,20.0,21919,864,0.0,-261.47669982910156,,,
30.810994110000003,1240,42496,0.0003,0.009999999776482582,110.90916442871094,25,20.0,21999,867,0.0,-258.9984436035156,,,
30.38102129,1244,42656,0.0003,0.009999999776482582,113.14307403564453,25,20.0,22079,877,0.0,-250.64102935791016,20.0,33.146757130800786,0.0
30.22811694,1248,42816,0.0003,0.009999999776482582,131.55896759033203,25,20.0,22159,880,0.0,-253.19485473632812,,,
30.791014070000003,1252,42976,0.0003,0.009999999776482582,79.47932434082031,25,20.0,22239,883,0.0,-255.38853454589844,,,
30.26203825,1256,43136,0.0003,0.009999999776482582,154.14499282836914,25,20.0,22319,886,0.0,-251.4840087890625,,,
29.997533450000002,1260,43296,0.0003,0.009999999776482582,111.5051040649414,25,20.0,22399,889,0.0,-257.7758560180664,,,
29.725510460000006,1264,43456,0.0003,0.009999999776482582,120.22570419311523,25,20.0,22479,893,0.0,-270.4436798095703,,,
28.791164,1268,43616,0.0003,0.009999999776482582,145.22637176513672,25,20.0,22559,896,0.0,-256.7577667236328,,,
28.415037949999995,1272,43776,0.0003,0.009999999776482582,130.59148406982422,25,20.0,22639,899,0.0,-258.3599090576172,,,
27.652084620000004,1276,43936,0.0003,0.009999999776482582,115.89079284667969,25,20.0,22719,902,0.0,-258.7144317626953,,,
27.178441520000007,1280,44096,0.0003,0.009999999776482582,119.37549209594727,25,20.0,22799,906,0.0,-263.2877655029297,,,
26.62172791,1284,44256,0.0003,0.009999999776482582,90.25853729248047,25,20.0,22879,909,0.0,-262.01177978515625,,,
26.910628700000004,1288,44416,0.0003,0.009999999776482582,106.62883758544922,25,20.0,22959,912,0.0,-279.31214904785156,,,
26.70508841000001,1292,44576,0.0003,0.009999999776482582,152.49171447753906,25,20.0,23039,915,0.0,-268.4456024169922,,,
26.194112869999998,1296,44736,0.0003,0.009999999776482582,104.64200592041016,25,20.0,23119,918,0.0,-274.8287353515625,,,
26.267599029999996,1300,44896,0.0003,0.009999999776482582,125.6702880859375,25,20.0,23199,921,0.0,-258.9505920410156,,,
26.496078810000007,1304,45056,0.0003,0.009999999776482582,184.85506439208984,25,20.0,23279,924,0.0,-248.22782135009766,,,
26.37017704,1308,45216,0.0003,0.009999999776482582,52.75764274597168,25,20.0,23359,927,0.0,-265.0691223144531,,,
25.873163630000004,1312,45376,0.0003,0.009999999776482582,159.0433692932129,25,20.0,23439,930,0.0,-253.7797393798828,,,
25.698599870000006,1316,45536,0.0003,0.009999999776482582,108.06129455566406,25,20.0,23519,934,0.0,-259.24998474121094,,,
27.42491953,1320,45696,0.0003,0.009999999776482582,98.24177932739258,25,20.0,23599,937,0.0,-266.6807556152344,,,
26.987001979999995,1324,45856,0.0003,0.009999999776482582,84.70689392089844,25,20.0,23679,940,0.0,-261.89485931396484,,,
26.04256746,1328,46016,0.0003,0.009999999776482582,100.40350341796875,25,20.0,23759,943,0.0,-260.9075469970703,,,
26.425375440000003,1332,46176,0.0003,0.009999999776482582,98.3309555053711,25,20.0,23839,946,0.0,-265.91404724121094,,,
25.701795090000005,1336,46336,0.0003,0.009999999776482582,178.0586700439453,25,20.0,23919,950,0.0,-260.19712829589844,,,
24.14291425,1340,46496,0.0003,0.009999999776482582,202.9871368408203,25,20.0,23999,953,0.0,-259.09771728515625,,,
24.844645269999997,1344,46656,0.0003,0.009999999776482582,83.85384178161621,25,20.0,24079,962,0.0,-252.2261505126953,20.0,17.224490807382132,0.0
24.03126386,1348,46816,0.0003,0.009999999776482582,161.00376892089844,25,20.0,24159,965,0.0,-266.1626892089844,,,
23.225807460000002,1352,46976,0.0003,0.009999999776482582,121.34380340576172,25,20.0,24239,969,0.0,-263.5591735839844,,,
23.202569289999996,1356,47136,0.0003,0.009999999776482582,171.77176666259766,25,20.0,24319,972,0.0,-260.307373046875,,,
22.660852230000003,1360,47296,0.0003,0.009999999776482582,210.97750091552734,25,20.0,24399,975,0.0,-264.39503479003906,,,
22.43199323,1364,47456,0.0003,0.009999999776482582,109.08019638061523,25,20.0,24479,978,0.0,-255.50257110595703,,,
23.517365249999997,1368,47616,0.0003,0.009999999776482582,131.62654876708984,25,20.0,24559,981,0.0,-265.434326171875,,,
23.375474259999997,1372,47776,0.0003,0.009999999776482582,126.99261474609375,25,20.0,24639,985,0.0,-256.5450439453125,,,
23.12595999,1376,47936,0.0003,0.009999999776482582,120.77974700927734,25,20.0,24719,988,0.0,-264.81114196777344,,,
22.185617070000003,1380,48096,0.0003,0.009999999776482582,82.48842239379883,25,20.0,24799,991,0.0,-250.0528335571289,,,
22.090766190000004,1384,48256,0.0003,0.009999999776482582,144.13282012939453,25,20.0,24879,994,0.0,-247.79220581054688,,,
22.566755510000004,1388,48416,0.0003,0.009999999776482582,120.32872772216797,25,20.0,24959,997,0.0,-267.5871887207031,,,
23.01631883,1392,48576,0.0003,0.009999999776482582,92.75259399414062,25,20.0,25039,1000,0.0,-263.21710205078125,,,
22.95963195,1396,48736,0.0003,0.009999999776482582,87.80613708496094,25,20.0,25119,1003,0.0,-265.33958435058594,,,
22.476600040000005,1400,48896,0.0003,0.009999999776482582,52.99466133117676,25,20.0,25199,1007,0.0,-269.57960510253906,,,
21.978127660000006,1404,49056,0.0003,0.009999999776482582,55.10770320892334,25,20.0,25279,1010,0.0,-256.2462921142578,,,
22.304076790000003,1408,49216,0.0003,0.009999999776482582,102.42422866821289,25,20.0,25359,1013,0.0,-266.4951171875,,,
22.182442320000003,1412,49376,0.0003,0.009999999776482582,80.1909294128418,25,20.0,25439,1016,0.0,-257.56825256347656,,,
22.83180397,1416,49536,0.0003,0.009999999776482582,79.28038215637207,25,20.0,25519,1019,0.0,-259.1583709716797,,,
22.420930710000004,1420,49696,0.0003,0.009999999776482582,69.7288990020752,25,20.0,25599,1023,0.0,-259.7179946899414,,,
23.439801900000006,1424,49856,0.0003,0.009999999776482582,119.77047729492188,25,20.0,25679,1026,0.0,-260.7833023071289,,,
24.377810129999993,1428,50016,0.0003,0.009999999776482582,97.63641357421875,25,20.0,25759,1029,0.0,-259.5788116455078,,,
24.54788403,1432,50176,0.0003,0.009999999776482582,87.21962356567383,25,20.0,25839,1032,0.0,-245.5767364501953,,,
25.97874637,1436,50336,0.0003,0.009999999776482582,156.72109985351562,25,20.0,25919,1035,0.0,-254.44940185546875,,,
26.732920749999998,1440,50496,0.0003,0.009999999776482582,87.77520751953125,25,20.0,25999,1038,0.0,-266.1913146972656,,,
26.610025810000003,1444,50656,0.0003,0.009999999776482582,69.02302169799805,24,20.0,26079,1048,0.0,-264.84698486328125,20.0,28.040262028954892,0.0
28.14269381,1448,50816,0.0003,0.009999999776482582,150.54261779785156,24,20.0,26159,1051,0.0,-256.859375,,,
29.553287069999996,1452,50976,0.0003,0.009999999776482582,108.59485244750977,24,20.0,26239,1054,0.0,-253.61132049560547,,,
30.371802589999998,1456,51136,0.0003,0.009999999776482582,93.25885772705078,24,20.0,26319,1057,0.0,-270.9160461425781,,,
31.901947749999998,1460,51296,0.0003,0.009999999776482582,57.22447204589844,24,20.0,26399,1060,0.0,-253.54640197753906,,,
32.802750440000004,1464,51456,0.0003,0.009999999776482582,92.50257110595703,24,20.0,26479,1063,0.0,-256.4019317626953,,,
32.28318075,1468,51616,0.0003,0.009999999776482582,81.2040901184082,24,20.0,26559,1066,0.0,-272.35321044921875,,,
32.45877826,1472,51776,0.0003,0.009999999776482582,77.26405334472656,24,20.0,26639,1069,0.0,-274.02349853515625,,,
33.407023980000005,1476,51936,0.0003,0.009999999776482582,85.35701560974121,24,20.0,26719,1072,0.0,-278.4324188232422,,,
34.816544629999996,1480,52096,0.0003,0.009999999776482582,130.50304412841797,24,20.0,26799,1076,0.0,-268.7911376953125,,,
35.862549529999995,1484,52256,0.0003,0.009999999776482582,160.42927169799805,24,20.0,26879,1079,0.0,-267.5302276611328,,,
35.19750543999999,1488,52416,0.0003,0.009999999776482582,99.95156860351562,24,20.0,26959,1082,0.0,-270.7300262451172,,,
35.72866126,1492,52576,0.0003,0.009999999776482582,124.1052131652832,24,20.0,27039,1085,0.0,-274.0502471923828,,,
35.62846857,1496,52736,0.0003,0.009999999776482582,106.52571105957031,24,20.0,27119,1088,0.0,-259.22654724121094,,,
36.40915245,1500,52896,0.0003,0.009999999776482582,93.34051132202148,24,20.0,27199,1091,0.0,-269.7787322998047,,,
37.397550700000004,1504,53056,0.0003,0.009999999776482582,125.95222282409668,24,20.0,27279,1094,0.0,-272.80133056640625,,,
36.5092367,1508,53216,0.0003,0.009999999776482582,138.27832794189453,24,20.0,27359,1097,0.0,-265.4908752441406,,,
37.19210942,1512,53376,0.0003,0.009999999776482582,106.80578231811523,24,20.0,27439,1100,0.0,-257.93487548828125,,,
37.91062943,1516,53536,0.0003,0.009999999776482582,90.05915832519531,24,20.0,27519,1103,0.0,-266.8820266723633,,,
37.55265344,1520,53696,0.0003,0.009999999776482582,131.6698455810547,24,20.0,27599,1106,0.0,-269.3063278198242,,,
38.40664103,1524,53856,0.0003,0.009999999776482582,61.90593719482422,24,20.0,27679,1110,0.0,-277.5462188720703,,,
37.416561109999996,1528,54016,0.0003,0.009999999776482582,145.55394744873047,24,20.0,27759,1113,0.0,-273.24635314941406,,,
39.15568303999999,1532,54176,0.0003,0.009999999776482582,89.68736267089844,24,20.0,27839,1116,0.0,-267.0292205810547,,,
37.67227784,1536,54336,0.0003,0.009999999776482582,65.34515380859375,24,20.0,27919,1119,0.0,-278.83660888671875,,,
37.33335689,1540,54496,0.0003,0.009999999776482582,128.35120391845703,24,20.0,27999,1122,0.0,-280.45452880859375,,,
38.13855290000001,1544,54656,0.0003,0.009999999776482582,85.32318878173828,24,20.0,28079,1131,0.0,-285.9387664794922,20.0,36.73464053153681,0.0
37.537043170000004,1548,54816,0.0003,0.009999999776482582,100.8605842590332,24,20.0,28159,1134,0.0,-275.5416564941406,,,
36.478410249999996,1552,54976,0.0003,0.009999999776482582,93.43821716308594,24,20.0,28239,1138,0.0,-270.26171875,,,
37.00854184,1556,55136,0.0003,0.009999999776482582,148.91200256347656,24,20.0,28319,1141,0.0,-262.5678176879883,,,
36.48705628,1560,55296,0.0003,0.009999999776482582,89.39567565917969,24,20.0,28399,1144,0.0,-268.3112030029297,,,
36.59095472,1564,55456,0.0003,0.009999999776482582,102.78888702392578,24,20.0,28479,1147,0.0,-266.51429748535156,,,
37.02203066,1568,55616,0.0003,0.009999999776482582,157.78273010253906,24,20.0,28559,1150,0.0,-260.6284942626953,,,
36.96691908,1572,55776,0.0003,0.009999999776482582,158.09540557861328,24,20.0,28639,1153,0.0,-275.6488494873047,,,
36.584382850000004,1576,55936,0.0003,0.009999999776482582,96.03071594238281,24,20.0,28719,1156,0.0,-265.52806091308594,,,
36.677627539999996,1580,56096,0.0003,0.009999999776482582,85.71739768981934,24,20.0,28799,1159,0.0,-279.5626678466797,,,
35.227356799999995,1584,56256,0.0003,0.009999999776482582,167.15121459960938,24,20.0,28879,1162,0.0,-274.565185546875,,,
36.784128349999996,1588,56416,0.0003,0.009999999776482582,145.65213012695312,24,20.0,28959,1166,0.0,-276.84144592285156,,,
36.18409517999999,1592,56576,0.0003,0.009999999776482582,173.19231414794922,24,20.0,29039,1169,0.0,-264.28135681152344,,,
35.7668353,1596,56736,0.0003,0.009999999776482582,128.3391876220703,24,20.0,29119,1172,0.0,-274.2621154785156,,,
34.50129001,1600,56896,0.0003,0.009999999776482582,94.90100479125977,24,20.0,29199,1175,0.0,-268.5828552246094,,,
34.410382139999996,1604,57056,0.0003,0.009999999776482582,97.54416275024414,24,20.0,29279,1178,0.0,-267.0848846435547,,,
35.2873038,1608,57216,0.0003,0.009999999776482582,142.66534042358398,24,20.0,29359,1182,0.0,-273.7051696777344,,,
34.73809847,1612,57376,0.0003,0.009999999776482582,112.72159957885742,24,20.0,29439,1185,0.0,-264.4010772705078,,,
34.53529734,1616,57536,0.0003,0.009999999776482582,86.62909698486328,24,20.0,29519,1187,0.0,-278.7046661376953,,,
35.015813089999995,1620,57696,0.0003,0.009999999776482582,69.62262916564941,24,20.0,29599,1190,0.0,-275.5495300292969,,,
33.68849916,1624,57856,0.0003,0.009999999776482582,68.28350067138672,24,20.0,29679,1193,0.0,-257.94103240966797,,,
34.54631787,1628,58016,0.0003,0.009999999776482582,139.13431549072266,24,20.0,29759,1197,0.0,-265.4088592529297,,,
33.00080734,1632,58176,0.0003,0.009999999776482582,82.01998138427734,24,20.0,29839,1200,0.0,-266.4608154296875,,,
33.39491414,1636,58336,0.0003,0.009999999776482582,103.04126739501953,24,20.0,29919,1203,0.0,-272.3643035888672,,,
34.14594391999999,1640,58496,0.0003,0.009999999776482582,93.61228561401367,24,20.0,29999,1206,0.0,-276.34129333496094,,,
