rollout/success_rate,rollout/ep_rew_mean,time/total_timesteps,time/time_elapsed,time/fps,rollout/ep_len_mean,time/episodes,train/actor_loss,train/critic_loss,train/ent_coef,train/learning_rate,train/n_updates,eval/mean_reward,eval/success_rate,eval/mean_ep_length
0.0,-6.4416,22,0,78,5.5,4,,,,,,,,
0.0,-3.702774625,42,0,82,5.25,8,,,,,,,,
0.0,-3.857648083333333,77,0,90,6.416666666666667,12,,,,,,,,
0.0,-4.9935080625,100,1,92,6.25,16,,,,,,,,
0.0,-6.24426455,120,1,92,6.0,20,,,,,,,,
0.0,-6.322090333333333,139,1,91,5.791666666666667,24,,,,,,,,
0.0,-5.3814648571428565,167,1,93,5.964285714285714,28,,,,,,,,
0.0,-5.78957109375,196,2,95,6.125,32,,,,,,,,
0.0,-5.263157083333334,231,2,96,6.416666666666667,36,,,,,,,,
0.0,-5.56922625,261,2,95,6.525,40,,,,,,,,
0.0,-5.68429425,279,2,93,6.340909090909091,44,,,,,,,,
0.0,-5.855199791666667,313,3,94,6.520833333333333,48,,,,,,,,
0.0,-6.0341464038461545,346,3,94,6.653846153846154,52,,,,,,,,
0.0,-6.700673000000001,373,3,94,6.660714285714286,56,,,,,,,,
0.0,-6.2550778000000005,390,4,94,6.5,60,,,,,,,,
0.0,-6.232671,408,4,93,6.375,64,,,,,,,,
0.0,-6.12593369117647,440,4,93,6.470588235294118,68,,,,,,,,
0.0,-6.218629319444444,463,4,93,6.430555555555555,72,,,,,,,,
0.0,-5.734373631578947,487,5,92,6.407894736842105,76,,,,,,,,
0.0,-6.0130873375,520,5,93,6.5,80,,,,,,,,
0.0,-5.626938392857143,541,5,92,6.440476190476191,84,,,,,,,,
0.0,-5.511977420454545,562,6,91,6.386363636363637,88,,,,,,,,
0.0,-6.087963380434783,591,6,92,6.423913043478261,92,,,,,,,,
0.0,-5.913486770833334,608,6,91,6.333333333333333,96,,,,,,,,
0.0,-5.79950117,628,6,91,6.28,100,,,,,,,,
0.0,-5.401666479999999,646,7,90,6.24,104,,,,,,,,
0.0,-5.419424879999999,666,7,90,6.24,108,,,,,,,,
0.0,-5.332174019999999,684,7,89,6.07,112,,,,,,,,
0.0,-5.296058810000001,715,7,90,6.15,116,,,,,,,,
0.0,-4.96692234,742,8,90,6.22,120,,,,,,,,
0.0,-4.749404559999999,764,8,90,6.25,124,,,,,,,,
0.0,-4.583793729999999,786,8,90,6.19,128,,,,,,,,
0.0,-4.31655455,805,8,90,6.09,132,,,,,,,,
0.0,-4.55234639,836,9,91,6.05,136,,,,,,,,
0.0,-4.226452699999999,855,9,91,5.94,140,,,,,,,,
0.0,-4.19850558,871,9,90,5.92,144,,,,,,,,
0.0,-4.242845599999999,903,9,91,5.9,148,,,,,,,,
0.0,-4.271213459999999,929,10,91,5.83,152,,,,,,,,
0.0,-3.91408684,949,10,91,5.76,156,,,,,,,,
0.0,-4.25066266,987,10,91,5.97,160,,,,,,,,
0.0,-4.6792668299999995,1017,14,71,6.09,164,0.1994345337152481,14.850570678710938,0.009999999776482582,0.0003,16,-20.037409261050577,0.0,16.0
0.0,-4.854145460000001,1035,14,70,5.95,168,0.40704697370529175,13.588031768798828,0.009999999776482582,0.0003,34,,,
0.0,-4.789806699999999,1052,15,70,5.89,172,0.4616769552230835,12.705589294433594,0.009999999776482582,0.0003,51,,,
0.0,-5.387552080000001,1068,15,69,5.81,176,0.46976935863494873,11.527448654174805,0.009999999776482582,0.0003,67,,,
0.0,-5.372825939999999,1084,15,69,5.64,180,0.44708940386772156,10.510896682739258,0.009999999776482582,0.0003,83,,,
0.0,-5.7010675100000014,1100,15,69,5.59,184,0.55900639295578,11.469179153442383,0.009999999776482582,0.0003,99,,,
0.0,-5.589264189999999,1116,16,68,5.54,188,0.6758232712745667,11.29875373840332,0.009999999776482582,0.0003,115,,,
0.0,-4.867187400000001,1132,16,68,5.41,192,0.38371923565864563,8.516998291015625,0.009999999776482582,0.0003,131,,,
0.0,-4.87560501,1148,16,67,5.4,196,0.6235125660896301,9.789730072021484,0.009999999776482582,0.0003,147,,,
0.0,-4.97747574,1164,17,67,5.36,200,0.46027296781539917,8.971090316772461,0.009999999776482582,0.0003,163,,,
0.0,-5.379959590000001,1180,17,67,5.34,204,0.41011562943458557,8.388360977172852,0.009999999776482582,0.0003,179,,,
0.0,-5.360459960000002,1196,17,66,5.3,208,0.40231385827064514,8.771778106689453,0.009999999776482582,0.0003,195,,,
0.0,-5.13566741,1212,18,66,5.28,212,0.808186948299408,8.92612361907959,0.009999999776482582,0.0003,211,,,
0.0,-5.178353039999999,1228,18,65,5.13,216,0.9032078981399536,9.395341873168945,0.009999999776482582,0.0003,227,,,
0.0,-5.50386281,1244,18,65,5.02,220,0.9559366106987,8.278463363647461,0.009999999776482582,0.0003,243,,,
0.0,-5.49390008,1260,19,65,4.96,224,1.0100725889205933,9.097139358520508,0.009999999776482582,0.0003,259,,,
0.0,-5.903662049999999,1276,19,64,4.9,228,0.694408118724823,7.245302200317383,0.009999999776482582,0.0003,275,,,
0.0,-6.071601820000001,1292,19,64,4.87,232,0.8059617280960083,8.170148849487305,0.009999999776482582,0.0003,291,,,
0.0,-5.649225180000001,1308,20,64,4.72,236,0.9110010862350464,8.736518859863281,0.009999999776482582,0.0003,307,,,
0.0,-5.6544870099999995,1324,20,64,4.69,240,0.7676723599433899,8.294313430786133,0.009999999776482582,0.0003,323,,,
0.0,-5.950155299999999,1340,20,63,4.69,244,0.5203210711479187,8.52410888671875,0.009999999776482582,0.0003,339,,,
0.0,-5.827202980000001,1356,21,63,4.53,248,0.7302074432373047,7.64585542678833,0.009999999776482582,0.0003,355,,,
0.0,-5.439054649999999,1372,21,63,4.43,252,0.8306187391281128,7.858691215515137,0.009999999776482582,0.0003,371,,,
0.0,-5.61514736,1388,21,63,4.39,256,0.8521090745925903,6.913752555847168,0.009999999776482582,0.0003,387,,,
0.0,-5.2910398899999995,1404,22,62,4.17,260,1.295846939086914,8.419387817382812,0.009999999776482582,0.0003,403,,,
0.0,-4.8459603,1432,22,62,4.15,264,1.082481026649475,7.9876909255981445,0.009999999776482582,0.0003,431,,,
0.0,-4.495191569999999,1448,23,62,4.13,268,0.9032268524169922,7.115785598754883,0.009999999776482582,0.0003,447,,,
0.0,-4.19642973,1464,23,62,4.12,272,0.7945991158485413,8.167800903320312,0.009999999776482582,0.0003,463,,,
0.0,-4.14841682,1480,23,61,4.12,276,1.228075385093689,7.678215980529785,0.009999999776482582,0.0003,479,,,
0.0,-3.7663733800000005,1496,24,61,4.12,280,1.532390832901001,8.286333084106445,0.009999999776482582,0.0003,495,,,
0.0,-3.9942346900000003,1524,24,61,4.24,284,1.340173602104187,7.643712520599365,0.009999999776482582,0.0003,523,,,
0.0,-4.15255256,1576,25,61,4.6,288,1.5951474905014038,8.018288612365723,0.009999999776482582,0.0003,575,,,
0.0,-4.824970120000001,1616,26,61,4.84,292,1.1509820222854614,8.281967163085938,0.009999999776482582,0.0003,615,,,
0.0,-4.525985989999999,1633,26,61,4.85,296,1.5246739387512207,6.799450874328613,0.009999999776482582,0.0003,632,,,
0.0,-4.359934769999999,1662,27,61,4.98,300,1.907955527305603,6.641267776489258,0.009999999776482582,0.0003,661,,,
0.0,-3.877465979999999,1678,27,60,4.98,304,1.2017464637756348,7.719551086425781,0.009999999776482582,0.0003,677,,,
0.0,-3.6450177999999998,1694,27,60,4.98,308,1.2753182649612427,9.315377235412598,0.009999999776482582,0.0003,693,,,
0.0,-4.436255899999999,1735,28,60,5.23,312,1.1854170560836792,8.824295043945312,0.009999999776482582,0.0003,734,,,
0.0,-3.892946399999999,1751,29,60,5.23,316,1.0772086381912231,8.669118881225586,0.009999999776482582,0.0003,750,,,
0.0,-3.50350626,1781,29,60,5.37,320,1.5352952480316162,9.297181129455566,0.009999999776482582,0.0003,780,,,
0.0,-3.89960965,1821,30,60,5.61,324,1.4227237701416016,8.397039413452148,0.009999999776482582,0.0003,820,,,
0.0,-3.87384405,1861,31,59,5.85,328,2.5443029403686523,6.468836307525635,0.009999999776482582,0.0003,860,,,
0.0,-3.86982877,1901,31,59,6.09,332,2.4632821083068848,7.385067939758301,0.009999999776482582,0.0003,900,,,
0.0,-4.071697889999999,1929,32,59,6.21,336,1.734132170677185,7.717830181121826,0.009999999776482582,0.0003,928,,,
0.0,-4.27707851,1957,32,59,6.33,340,2.08811092376709,7.8358259201049805,0.009999999776482582,0.0003,956,,,
0.0,-3.7508731999999996,1985,33,59,6.45,344,1.729449987411499,11.403762817382812,0.009999999776482582,0.0003,984,,,
0.0,-3.49495947,2015,35,55,6.59,348,1.3851200342178345,7.2645463943481445,0.009999999776482582,0.0003,1014,-5.56005658655981,0.0,7.85
0.0,-3.54786228,2043,36,55,6.71,352,2.0321123600006104,10.07381820678711,0.009999999776482582,0.0003,1042,,,
0.0,-3.3725157,2083,37,55,6.95,356,2.241856336593628,10.390951156616211,0.009999999776482582,0.0003,1082,,,
0.0,-3.5481979199999993,2123,37,55,7.19,360,2.517228364944458,7.4737548828125,0.009999999776482582,0.0003,1122,,,
0.0,-3.39169599,2152,38,55,7.2,364,1.4755756855010986,9.288236618041992,0.009999999776482582,0.0003,1151,,,
0.0,-3.30286655,2176,39,55,7.28,368,2.9550418853759766,10.464688301086426,0.009999999776482582,0.0003,1175,,,
0.0,-3.1382844800000003,2192,39,55,7.28,372,1.721648931503296,7.8943634033203125,0.009999999776482582,0.0003,1191,,,
0.0,-2.9600254200000005,2232,40,55,7.52,376,1.471630334854126,11.824116706848145,0.009999999776482582,0.0003,1231,,,
0.0,-3.0395257899999994,2260,40,55,7.64,380,2.800809860229492,9.73281192779541,0.009999999776482582,0.0003,1259,,,
0.0,-2.8253620399999995,2300,41,55,7.76,384,1.4105082750320435,8.733665466308594,0.009999999776482582,0.0003,1299,,,
0.0,-2.68601556,2328,41,55,7.52,388,2.253343343734741,10.748114585876465,0.009999999776482582,0.0003,1327,,,
0.0,-1.83148951,2345,42,55,7.29,392,2.263730049133301,9.766483306884766,0.009999999776482582,0.0003,1344,,,
0.0,-2.0990704,2374,42,55,7.41,396,3.0757410526275635,8.163318634033203,0.009999999776482582,0.0003,1373,,,
0.0,-2.01720674,2403,43,55,7.41,400,2.018773317337036,12.46525764465332,0.009999999776482582,0.0003,1402,,,
0.0,-2.89993842,2455,44,55,7.77,404,2.3138246536254883,11.038751602172852,0.009999999776482582,0.0003,1454,,,
0.0,-3.0973331099999997,2484,44,55,7.9,408,2.314409017562866,9.810737609863281,0.009999999776482582,0.0003,1483,,,
0.0,-2.32358181,2512,45,55,7.77,412,2.5706310272216797,8.984992027282715,0.009999999776482582,0.0003,1511,,,
0.0,-2.5532719900000003,2541,45,55,7.9,416,2.840768337249756,12.403636932373047,0.009999999776482582,0.0003,1540,,,
0.0,-2.5476515699999998,2569,46,55,7.88,420,2.215625524520874,9.031058311462402,0.009999999776482582,0.0003,1568,,,
0.0,-2.09812866,2597,47,55,7.76,424,2.2694218158721924,9.65684700012207,0.009999999776482582,0.0003,1596,,,
0.0,-1.89320998,2614,47,55,7.53,428,3.2137722969055176,7.545131683349609,0.009999999776482582,0.0003,1613,,,
0.0,-2.2388178400000003,2661,48,55,7.6,432,2.3703465461730957,10.921016693115234,0.009999999776482582,0.0003,1660,,,
0.0,-2.38745965,2689,48,55,7.6,436,2.820239543914795,10.205743789672852,0.009999999776482582,0.0003,1688,,,
0.0,-2.3654635199999996,2729,49,55,7.72,440,3.1424293518066406,7.777181148529053,0.009999999776482582,0.0003,1728,,,
0.0,-2.1970597599999997,2757,49,55,7.72,444,2.971064805984497,11.704517364501953,0.009999999776482582,0.0003,1756,,,
0.0,-2.01466135,2776,50,55,7.61,448,3.2170841693878174,8.867533683776855,0.009999999776482582,0.0003,1775,,,
0.0,-2.0500707100000004,2816,50,55,7.73,452,3.812962055206299,11.528817176818848,0.009999999776482582,0.0003,1815,,,
0.0,-2.0484241400000003,2844,51,55,7.61,456,3.848165512084961,9.609060287475586,0.009999999776482582,0.0003,1843,,,
0.0,-1.6853422300000003,2860,51,55,7.37,460,2.947662353515625,9.332436561584473,0.009999999776482582,0.0003,1859,,,
0.0,-1.4515950300000002,2876,52,55,7.24,464,2.9092440605163574,11.762470245361328,0.009999999776482582,0.0003,1875,,,
0.0,-1.76816171,2916,53,54,7.4,468,3.358954429626465,12.433516502380371,0.009999999776482582,0.0003,1915,,,
0.0,-2.25355827,2944,53,54,7.52,472,3.5587339401245117,10.457508087158203,0.009999999776482582,0.0003,1943,,,
0.0,-2.0090218300000005,2972,54,54,7.4,476,3.2622179985046387,8.713239669799805,0.009999999776482582,0.0003,1971,,,
0.0,-1.9564196899999997,3000,56,53,7.4,480,3.9975006580352783,9.764897346496582,0.009999999776482582,0.0003,1999,-1.9336735591764107,0.0,6.5
0.0,-1.6986017399999997,3016,56,53,7.16,484,2.614285707473755,9.105703353881836,0.009999999776482582,0.0003,2015,,,
0.0,-1.4678423199999997,3032,57,53,7.04,488,2.4791500568389893,10.509111404418945,0.009999999776482582,0.0003,2031,,,
0.0,-1.6380256399999995,3060,57,53,7.15,492,3.0044538974761963,10.439517974853516,0.009999999776482582,0.0003,2059,,,
0.0,-1.6901856000000002,3088,58,53,7.14,496,3.3308534622192383,8.580224990844727,0.009999999776482582,0.0003,2087,,,
0.0,-1.7575736500000003,3128,58,53,7.25,500,3.4587562084198,11.101714134216309,0.009999999776482582,0.0003,2127,,,
0.0,-1.3164845400000003,3156,59,53,7.01,504,4.007442951202393,10.236007690429688,0.009999999776482582,0.0003,2155,,,
0.0,-1.5024900200000002,3196,60,53,7.12,508,3.3712477684020996,9.499480247497559,0.009999999776482582,0.0003,2195,,,
0.0,-1.4092476100000004,3224,60,53,7.12,512,4.050322532653809,10.902694702148438,0.009999999776482582,0.0003,2223,,,
0.0,-1.6573143499999998,3264,61,53,7.23,516,3.91117000579834,11.096755981445312,0.009999999776482582,0.0003,2263,,,
0.0,-1.3934737199999998,3281,61,53,7.12,520,2.902894973754883,11.866460800170898,0.009999999776482582,0.0003,2280,,,
0.0,-1.7579467300000002,3333,62,53,7.36,524,2.0606400966644287,11.865153312683105,0.009999999776482582,0.0003,2332,,,
0.0,-2.0478220300000007,3349,62,53,7.35,528,4.1012864112854,9.016958236694336,0.009999999776482582,0.0003,2348,,,
0.0,-1.2541759199999998,3365,63,53,7.04,532,3.721557140350342,10.032448768615723,0.009999999776482582,0.0003,2364,,,
0.0,-1.3152521900000003,3405,64,53,7.16,536,2.6240901947021484,10.181500434875488,0.009999999776482582,0.0003,2404,,,
0.0,-1.4234645799999999,3433,64,53,7.04,540,4.4980669021606445,8.297372817993164,0.009999999776482582,0.0003,2432,,,
0.0,-1.6703359,3449,65,53,6.92,544,3.3937296867370605,10.459884643554688,0.009999999776482582,0.0003,2448,,,
0.0,-1.9305526300000002,3477,65,53,7.01,548,4.969961166381836,9.94354248046875,0.009999999776482582,0.0003,2476,,,
0.0,-2.3152123700000007,3520,66,53,7.04,552,3.186561346054077,11.3607177734375,0.009999999776482582,0.0003,2519,,,
0.0,-1.85243503,3536,66,52,6.92,556,3.7323341369628906,10.005205154418945,0.009999999776482582,0.0003,2535,,,
0.0,-2.5507460500000003,3564,67,52,7.04,560,4.459798336029053,9.26434326171875,0.009999999776482582,0.0003,2563,,,
0.0,-3.0224994400000003,3593,67,53,7.17,564,4.00721549987793,10.619983673095703,0.009999999776482582,0.0003,2592,,,
0.0,-2.867042340000001,3621,68,53,7.05,568,3.682577610015869,12.697198867797852,0.009999999776482582,0.0003,2620,,,
0.0,-2.644063070000001,3649,68,53,7.05,572,4.384390830993652,7.870548248291016,0.009999999776482582,0.0003,2648,,,
0.0,-3.0550002000000003,3685,69,53,7.13,576,4.05952262878418,13.83377456665039,0.009999999776482582,0.0003,2684,,,
0.0,-3.0688000099999995,3713,70,53,7.13,580,4.085023880004883,10.252042770385742,0.009999999776482582,0.0003,2712,,,
0.0,-3.3005040299999995,3753,70,53,7.37,584,4.454122543334961,9.425848960876465,0.009999999776482582,0.0003,2752,,,
0.0,-3.6982620600000002,3793,71,53,7.61,588,5.060546875,8.907405853271484,0.009999999776482582,0.0003,2792,,,
0.0,-3.4805865600000008,3810,71,53,7.5,592,4.040841579437256,11.227677345275879,0.009999999776482582,0.0003,2809,,,
0.0,-3.45347151,3839,72,53,7.51,596,4.346184730529785,8.068480491638184,0.009999999776482582,0.0003,2838,,,
0.0,-3.9315843200000007,3867,72,53,7.39,600,4.892841339111328,10.11943531036377,0.009999999776482582,0.0003,2866,,,
0.0,-3.766034360000001,3883,73,53,7.27,604,4.867509841918945,10.945600509643555,0.009999999776482582,0.0003,2882,,,
0.0,-3.6235856200000005,3912,73,53,7.16,608,4.388184547424316,8.160903930664062,0.009999999776482582,0.0003,2911,,,
0.0,-3.8313067300000005,3940,74,53,7.16,612,5.500903129577637,7.151060581207275,0.009999999776482582,0.0003,2939,,,
0.0,-3.70888852,3980,74,53,7.16,616,5.507629871368408,8.963695526123047,0.009999999776482582,0.0003,2979,,,
0.0,-3.891503469999999,4008,77,51,7.27,620,4.671388149261475,9.598485946655273,0.009999999776482582,0.0003,3007,-3.7727638106117496,0.0,7.05
0.0,-3.36498574,4024,77,51,6.91,624,4.533120632171631,9.93630313873291,0.009999999776482582,0.0003,3023,,,
0.0,-2.8957137099999994,4040,77,51,6.91,628,4.421652793884277,10.074199676513672,0.009999999776482582,0.0003,3039,,,
0.0,-3.3078561899999994,4080,78,51,7.15,632,4.910938262939453,9.724546432495117,0.009999999776482582,0.0003,3079,,,
0.0,-3.23139692,4121,79,51,7.16,636,4.86947774887085,9.542516708374023,0.009999999776482582,0.0003,3120,,,
0.0,-3.2087280400000004,4149,79,52,7.16,640,5.169995307922363,9.437509536743164,0.009999999776482582,0.0003,3148,,,
0.0,-3.1072292500000005,4177,80,52,7.28,644,5.384261131286621,8.875272750854492,0.009999999776482582,0.0003,3176,,,
0.0,-3.28692895,4217,80,52,7.4,648,5.38156270980835,8.142436981201172,0.009999999776482582,0.0003,3216,,,
0.0,-3.0922895599999998,4258,81,52,7.38,652,4.970647811889648,10.63236141204834,0.009999999776482582,0.0003,3257,,,
0.0,-3.4912764099999998,4286,82,52,7.5,656,3.567180871963501,9.955694198608398,0.009999999776482582,0.0003,3285,,,
0.0,-3.2347928300000013,4326,83,52,7.62,660,5.071369647979736,11.820953369140625,0.009999999776482582,0.0003,3325,,,
0.0,-2.7847551800000003,4342,83,52,7.49,664,5.53508996963501,8.79185962677002,0.009999999776482582,0.0003,3341,,,
0.0,-3.1053442700000007,4370,83,52,7.49,668,5.288333892822266,8.821762084960938,0.009999999776482582,0.0003,3369,,,
0.0,-3.0671472,4398,84,52,7.49,672,5.039373874664307,9.622095108032227,0.009999999776482582,0.0003,3397,,,
0.0,-2.8576295600000003,4427,85,52,7.42,676,4.999542236328125,10.229941368103027,0.009999999776482582,0.0003,3426,,,
0.0,-2.8482015300000008,4455,85,52,7.42,680,5.903614044189453,9.520606994628906,0.009999999776482582,0.0003,3454,,,
0.0,-2.840471670000001,4483,86,52,7.3,684,4.971231937408447,11.631317138671875,0.009999999776482582,0.0003,3482,,,
0.0,-2.6475922599999997,4511,86,52,7.18,688,4.832623481750488,8.118159294128418,0.009999999776482582,0.0003,3510,,,
0.0,-2.91211405,4527,86,52,7.17,692,6.010174751281738,10.005598068237305,0.009999999776482582,0.0003,3526,,,
0.0,-2.8355210900000003,4557,87,52,7.18,696,6.9468889236450195,9.046823501586914,0.009999999776482582,0.0003,3556,,,
0.0,-2.4687512,4598,88,52,7.31,700,6.673011302947998,9.010992050170898,0.009999999776482582,0.0003,3597,,,
0.0,-2.82910557,4638,88,52,7.55,704,6.088955879211426,8.634869575500488,0.009999999776482582,0.0003,3637,,,
0.0,-2.5912473599999992,4656,89,52,7.44,708,6.16791296005249,10.003679275512695,0.009999999776482582,0.0003,3655,,,
0.0,-2.7936142599999996,4697,89,52,7.57,712,7.154262065887451,8.255373001098633,0.009999999776482582,0.0003,3696,,,
0.0,-2.77883245,4715,90,52,7.35,716,6.628157138824463,8.423416137695312,0.009999999776482582,0.0003,3714,,,
0.0,-3.2130631200000006,4757,90,52,7.49,720,5.026481628417969,8.209437370300293,0.009999999776482582,0.0003,3756,,,
0.0,-3.9054596599999996,4787,91,52,7.63,724,6.346771717071533,9.676843643188477,0.009999999776482582,0.0003,3786,,,
0.0,-4.0547273399999995,4816,92,52,7.76,728,5.309854507446289,10.379816055297852,0.009999999776482582,0.0003,3815,,,
0.0,-3.9845325299999996,4834,92,52,7.54,732,6.483306884765625,8.507692337036133,0.009999999776482582,0.0003,3833,,,
0.0,-4.2178919399999995,4887,93,52,7.66,736,6.573930740356445,8.407800674438477,0.009999999776482582,0.0003,3886,,,
0.0,-3.7658527999999993,4905,93,52,7.56,740,5.5512776374816895,8.927024841308594,0.009999999776482582,0.0003,3904,,,
0.0,-3.5775525100000003,4923,94,52,7.46,744,5.821143627166748,8.501214981079102,0.009999999776482582,0.0003,3922,,,
0.0,-3.3733570399999997,4941,94,52,7.24,748,5.095183849334717,9.091456413269043,0.009999999776482582,0.0003,3940,,,
0.0,-3.3927858200000007,4962,94,52,7.04,752,5.422802925109863,10.559316635131836,0.009999999776482582,0.0003,3961,,,
0.0,-3.21283438,4979,95,52,6.93,756,5.759193420410156,9.30313491821289,0.009999999776482582,0.0003,3978,,,
0.0,-2.77954039,4996,95,52,6.7,760,6.261247634887695,10.453441619873047,0.009999999776482582,0.0003,3995,,,
0.0,-2.7583866,5012,97,51,6.7,764,6.088772296905518,8.456608772277832,0.009999999776482582,0.0003,4011,-2.9709177657516284,0.0,4.7
0.0,-3.1567436000000004,5030,97,51,6.6,768,5.334589958190918,7.763193130493164,0.009999999776482582,0.0003,4029,,,
0.0,-3.4606746800000003,5048,97,51,6.5,772,5.651050567626953,9.650866508483887,0.009999999776482582,0.0003,4047,,,
0.0,-3.7177925899999997,5067,98,51,6.4,776,5.964413166046143,9.912590026855469,0.009999999776482582,0.0003,4066,,,
0.0,-3.4839216000000004,5085,98,51,6.3,780,5.791232585906982,8.622232437133789,0.009999999776482582,0.0003,4084,,,
0.0,-3.60482596,5104,98,51,6.21,784,6.101517677307129,9.288464546203613,0.009999999776482582,0.0003,4103,,,
0.0,-3.6224190200000006,5123,99,51,6.12,788,5.961613655090332,8.044257164001465,0.009999999776482582,0.0003,4122,,,
0.0,-3.35832669,5140,99,51,6.13,792,5.528172492980957,10.135897636413574,0.009999999776482582,0.0003,4139,,,
0.0,-3.5913377000000004,5158,100,51,6.01,796,5.584927558898926,11.380815505981445,0.009999999776482582,0.0003,4157,,,
0.0,-3.266229579999999,5175,100,51,5.77,800,7.315792560577393,7.8566179275512695,0.009999999776482582,0.0003,4174,,,
0.0,-2.7234922200000007,5191,100,51,5.53,804,6.2746357917785645,9.399682998657227,0.009999999776482582,0.0003,4190,,,
0.0,-3.0174563200000004,5208,101,51,5.52,808,5.50193452835083,8.549474716186523,0.009999999776482582,0.0003,4207,,,
0.0,-3.285835619999999,5226,101,51,5.29,812,5.541384220123291,9.390796661376953,0.009999999776482582,0.0003,4225,,,
0.0,-3.62096976,5245,101,51,5.3,816,5.96693754196167,7.338422775268555,0.009999999776482582,0.0003,4244,,,
0.0,-3.6518776599999994,5265,102,51,5.08,820,6.116303443908691,9.715810775756836,0.009999999776482582,0.0003,4264,,,
0.0,-3.02129778,5285,102,51,4.98,824,5.75896692276001,11.348993301391602,0.009999999776482582,0.0003,4284,,,
0.0,-3.3045188299999997,5305,102,51,4.89,828,6.066768169403076,8.97097396850586,0.009999999776482582,0.0003,4304,,,
0.0,-3.19675534,5323,103,51,4.89,832,5.7023820877075195,8.537195205688477,0.009999999776482582,0.0003,4322,,,
0.0,-2.6086706899999994,5340,103,51,4.53,836,6.962231159210205,8.90402603149414,0.009999999776482582,0.0003,4339,,,
0.0,-2.8435016399999995,5358,103,51,4.53,840,6.170529365539551,8.509342193603516,0.009999999776482582,0.0003,4357,,,
0.0,-2.85318955,5375,104,51,4.52,844,6.951570510864258,8.95608139038086,0.009999999776482582,0.0003,4374,,,
0.0,-3.0434941199999996,5393,104,51,4.52,848,5.694758415222168,8.845176696777344,0.009999999776482582,0.0003,4392,,,
0.0,-2.8335164200000005,5410,105,51,4.48,852,7.677420616149902,8.265193939208984,0.009999999776482582,0.0003,4409,,,
0.0,-3.08306217,5429,105,51,4.5,856,5.877497673034668,9.201225280761719,0.009999999776482582,0.0003,4428,,,
0.0,-3.0756330899999993,5447,105,51,4.51,860,4.785689353942871,9.55737590789795,0.009999999776482582,0.0003,4446,,,
0.0,-3.546998289999999,5465,106,51,4.53,864,5.210170745849609,8.397575378417969,0.009999999776482582,0.0003,4464,,,
0.0,-2.8373686599999997,5483,106,51,4.53,868,5.797668933868408,7.363153457641602,0.009999999776482582,0.0003,4482,,,
0.0,-2.53576615,5501,106,51,4.53,872,6.870909214019775,8.561838150024414,0.009999999776482582,0.0003,4500,,,
0.0,-2.07351598,5519,107,51,4.52,876,5.680655479431152,8.364506721496582,0.009999999776482582,0.0003,4518,,,
0.0,-2.2539173299999997,5538,107,51,4.53,880,4.738108158111572,9.112714767456055,0.009999999776482582,0.0003,4537,,,
0.0,-1.7317030699999998,5554,108,51,4.5,884,6.49798583984375,7.9833526611328125,0.009999999776482582,0.0003,4553,,,
0.0,-1.76507311,5571,108,51,4.48,888,5.413463592529297,8.911983489990234,0.009999999776482582,0.0003,4570,,,
0.0,-2.0759747100000006,5590,108,51,4.5,892,4.951133728027344,8.125299453735352,0.009999999776482582,0.0003,4589,,,
0.0,-2.10142898,5608,109,51,4.5,896,5.639104843139648,8.491828918457031,0.009999999776482582,0.0003,4607,,,
0.0,-2.33491171,5624,109,51,4.49,900,5.452253341674805,9.621583938598633,0.009999999776482582,0.0003,4623,,,
0.0,-2.71414682,5642,109,51,4.51,904,6.331077575683594,7.582181930541992,0.009999999776482582,0.0003,4641,,,
0.0,-2.44118828,5659,110,51,4.51,908,5.938874244689941,9.5405912399292,0.009999999776482582,0.0003,4658,,,
0.0,-2.0618632100000003,5677,110,51,4.51,912,4.791677474975586,8.479757308959961,0.009999999776482582,0.0003,4676,,,
0.0,-1.6251510900000006,5696,110,51,4.51,916,4.845343112945557,10.136054992675781,0.009999999776482582,0.0003,4695,,,
0.0,-1.2159514400000002,5715,111,51,4.5,920,6.464398384094238,9.54701042175293,0.009999999776482582,0.0003,4714,,,
0.0,-1.3424505299999998,5731,111,51,4.46,924,6.042298316955566,10.894540786743164,0.009999999776482582,0.0003,4730,,,
0.0,-1.1746435999999998,5750,112,51,4.45,928,5.039775848388672,9.814916610717773,0.009999999776482582,0.0003,4749,,,
0.0,-1.00178696,5770,112,51,4.47,932,5.713289737701416,8.100340843200684,0.009999999776482582,0.0003,4769,,,
0.0,-1.46660941,5787,112,51,4.47,936,5.632333755493164,7.754491329193115,0.009999999776482582,0.0003,4786,,,
0.0,-1.2462513100000003,5803,113,51,4.45,940,6.121012210845947,8.274170875549316,0.009999999776482582,0.0003,4802,,,
0.0,-1.2732973,5820,113,51,4.45,944,5.755712509155273,9.366538047790527,0.009999999776482582,0.0003,4819,,,
0.0,-1.6499985599999996,5836,113,51,4.43,948,6.434877872467041,8.084432601928711,0.009999999776482582,0.0003,4835,,,
0.0,-1.5947503399999996,5854,114,51,4.44,952,6.044244766235352,9.841987609863281,0.009999999776482582,0.0003,4853,,,
0.0,-1.42251365,5871,114,51,4.42,956,5.258354187011719,8.619134902954102,0.009999999776482582,0.0003,4870,,,
0.0,-1.6516356300000004,5890,115,51,4.43,960,6.240988254547119,9.381193161010742,0.009999999776482582,0.0003,4889,,,
0.0,-1.1622080499999996,5908,115,51,4.43,964,5.669857501983643,9.66635799407959,0.009999999776482582,0.0003,4907,,,
0.0,-1.2521950499999999,5927,115,51,4.44,968,5.844894886016846,9.842921257019043,0.009999999776482582,0.0003,4926,,,
0.0,-1.2919747999999998,5945,116,51,4.44,972,5.8107380867004395,8.084723472595215,0.009999999776482582,0.0003,4944,,,
0.0,-1.2515595399999997,5963,116,51,4.44,976,4.9195051193237305,10.360063552856445,0.009999999776482582,0.0003,4962,,,
0.0,-1.0851200699999999,5981,117,51,4.43,980,5.808687210083008,8.703176498413086,0.009999999776482582,0.0003,4980,,,
0.0,-1.0728443699999997,5998,117,51,4.44,984,6.657232761383057,8.591989517211914,0.009999999776482582,0.0003,4997,,,
0.0,-1.25572835,6016,118,50,4.45,988,6.82295036315918,9.042192459106445,0.009999999776482582,0.0003,5015,-2.6804118931493166,0.0,4.4
0.0,-1.3876775600000002,6034,119,50,4.44,992,6.7184834480285645,8.556466102600098,0.009999999776482582,0.0003,5033,,,
0.0,-1.10537054,6052,119,50,4.44,996,5.458644866943359,10.521012306213379,0.009999999776482582,0.0003,5051,,,
0.0,-0.9058525699999999,6070,120,50,4.46,1000,6.246647834777832,7.5552592277526855,0.009999999776482582,0.0003,5069,,,
0.0,-0.88482146,6087,120,50,4.45,1004,5.82063102722168,9.348867416381836,0.009999999776482582,0.0003,5086,,,
0.0,-1.1066874900000006,6105,120,50,4.46,1008,5.767764091491699,9.961957931518555,0.009999999776482582,0.0003,5104,,,
0.0,-1.0775475000000005,6122,121,50,4.45,1012,5.441544055938721,9.816625595092773,0.009999999776482582,0.0003,5121,,,
0.0,-0.87016954,6139,121,50,4.43,1016,5.742504119873047,8.828375816345215,0.009999999776482582,0.0003,5138,,,
0.0,-0.8837934000000003,6156,121,50,4.41,1020,5.881841659545898,8.902347564697266,0.009999999776482582,0.0003,5155,,,
0.0,-0.8878053500000002,6174,122,50,4.43,1024,5.490603923797607,8.275957107543945,0.009999999776482582,0.0003,5173,,,
0.0,-0.6471033000000002,6193,122,50,4.43,1028,6.1076340675354,7.757086753845215,0.009999999776482582,0.0003,5192,,,
0.0,-1.0232548100000003,6211,122,50,4.41,1032,5.39423942565918,9.622042655944824,0.009999999776482582,0.0003,5210,,,
0.0,-0.98204837,6230,123,50,4.43,1036,6.427617073059082,7.987789154052734,0.009999999776482582,0.0003,5229,,,
0.0,-0.9760751800000002,6248,123,50,4.45,1040,6.103762626647949,9.094647407531738,0.009999999776482582,0.0003,5247,,,
0.0,-1.3600392900000002,6265,123,50,4.45,1044,6.3391265869140625,7.279810905456543,0.009999999776482582,0.0003,5264,,,
0.0,-0.5947617100000001,6283,124,50,4.47,1048,5.919588565826416,9.254642486572266,0.009999999776482582,0.0003,5282,,,
0.0,-0.6352593100000001,6300,124,50,4.46,1052,6.208092212677002,10.017341613769531,0.009999999776482582,0.0003,5299,,,
0.0,-0.5592286500000001,6318,125,50,4.47,1056,5.039916038513184,9.1378812789917,0.009999999776482582,0.0003,5317,,,
0.0,-0.5547558300000001,6335,125,50,4.45,1060,5.50492525100708,9.23274040222168,0.009999999776482582,0.0003,5334,,,
0.0,-0.7662282400000002,6354,125,50,4.46,1064,5.882498741149902,7.935207366943359,0.009999999776482582,0.0003,5353,,,
0.0,-0.6114070600000001,6371,126,50,4.44,1068,5.758066654205322,9.257214546203613,0.009999999776482582,0.0003,5370,,,
0.0,-0.66888552,6389,126,50,4.44,1072,4.238968372344971,11.402278900146484,0.009999999776482582,0.0003,5388,,,
0.0,-0.8140662599999999,6412,127,50,4.49,1076,5.777365684509277,6.6223649978637695,0.009999999776482582,0.0003,5411,,,
0.0,-0.96081526,6429,127,50,4.48,1080,4.452744960784912,11.043744087219238,0.009999999776482582,0.0003,5428,,,
0.0,-1.6276339999999996,6447,127,50,4.49,1084,5.711967468261719,8.326313018798828,0.009999999776482582,0.0003,5446,,,
0.0,-1.4056125700000004,6469,128,50,4.53,1088,4.597264289855957,10.797974586486816,0.009999999776482582,0.0003,5468,,,
0.0,-0.9917231500000001,6485,128,50,4.51,1092,4.469770908355713,8.969270706176758,0.009999999776482582,0.0003,5484,,,
0.0,-1.3270115799999997,6502,128,50,4.5,1096,4.852017402648926,10.334041595458984,0.009999999776482582,0.0003,5501,,,
0.0,-1.35171821,6520,129,50,4.5,1100,6.139042377471924,9.365884780883789,0.009999999776482582,0.0003,5519,,,
0.0,-1.40063108,6537,129,50,4.5,1104,4.937623977661133,7.87459135055542,0.009999999776482582,0.0003,5536,,,
0.0,-1.4766718999999997,6553,129,50,4.48,1108,6.194063186645508,6.885566234588623,0.009999999776482582,0.0003,5552,,,
0.0,-1.5476156799999998,6572,130,50,4.5,1112,5.665831089019775,7.201389789581299,0.009999999776482582,0.0003,5571,,,
0.0,-1.7274950999999998,6590,130,50,4.51,1116,5.403331279754639,7.649903297424316,0.009999999776482582,0.0003,5589,,,
0.0,-1.5702209399999998,6610,130,50,4.54,1120,5.525341033935547,7.770063877105713,0.009999999776482582,0.0003,5609,,,
0.0,-1.5918369199999998,6652,131,50,4.78,1124,5.249451160430908,9.280532836914062,0.009999999776482582,0.0003,5651,,,
0.0,-1.6645358400000003,6681,132,50,4.88,1128,4.777454853057861,8.527925491333008,0.009999999776482582,0.0003,5680,,,
0.0,-1.48637329,6705,132,50,4.94,1132,5.325606822967529,10.877555847167969,0.009999999776482582,0.0003,5704,,,
0.0,-1.4471121100000004,6723,132,50,4.93,1136,4.945456027984619,7.239800453186035,0.009999999776482582,0.0003,5722,,,
0.0,-1.6468923400000002,6740,133,50,4.92,1140,6.698646545410156,7.7253594398498535,0.009999999776482582,0.0003,5739,,,
0.0,-1.2593848099999996,6756,133,50,4.91,1144,4.364147186279297,9.788169860839844,0.009999999776482582,0.0003,5755,,,
0.0,-1.2491656699999998,6773,133,50,4.9,1148,5.643651008605957,7.940094947814941,0.009999999776482582,0.0003,5772,,,
0.0,-1.7496845099999998,6803,134,50,5.03,1152,5.189074516296387,8.071660995483398,0.009999999776482582,0.0003,5802,,,
0.0,-2.2633375,6832,135,50,5.14,1156,4.993457317352295,8.081345558166504,0.009999999776482582,0.0003,5831,,,
0.0,-2.0968720499999995,6859,135,50,5.24,1160,4.8303093910217285,9.309122085571289,0.009999999776482582,0.0003,5858,,,
0.0,-1.9199119899999995,6875,135,50,5.21,1164,5.173309326171875,8.422111511230469,0.009999999776482582,0.0003,5874,,,
0.0,-1.7030357599999997,6892,136,50,5.21,1168,5.172698974609375,8.15999984741211,0.009999999776482582,0.0003,5891,,,
0.0,-2.039099239999999,6911,136,50,5.22,1172,5.080410957336426,8.709070205688477,0.009999999776482582,0.0003,5910,,,
0.0,-1.99056804,6929,136,50,5.17,1176,5.299899578094482,7.824101448059082,0.009999999776482582,0.0003,5928,,,
0.0,-1.8219995,6945,137,50,5.16,1180,4.352807998657227,9.859199523925781,0.009999999776482582,0.0003,5944,,,
0.0,-1.6283839199999994,6963,137,50,5.16,1184,4.393558025360107,8.382085800170898,0.009999999776482582,0.0003,5962,,,
0.0,-1.4974114500000002,6979,137,50,5.1,1188,5.319810390472412,7.224365234375,0.009999999776482582,0.0003,5978,,,
0.0,-1.90232492,6997,138,50,5.12,1192,4.798528671264648,8.786712646484375,0.009999999776482582,0.0003,5996,,,
0.0,-1.4191282600000001,7018,140,50,5.16,1196,5.2131805419921875,9.631893157958984,0.009999999776482582,0.0003,6017,-3.0465769381279495,0.0,4.75
0.0,-1.83068615,7036,140,50,5.16,1200,4.688431262969971,9.174983024597168,0.009999999776482582,0.0003,6035,,,
0.0,-1.5570555699999997,7054,140,50,5.17,1204,5.157295227050781,7.416799068450928,0.009999999776482582,0.0003,6053,,,
0.0,-1.4860975399999998,7072,141,50,5.19,1208,5.507265090942383,9.010642051696777,0.009999999776482582,0.0003,6071,,,
0.0,-1.6013677099999999,7090,141,50,5.18,1212,5.670453071594238,8.291874885559082,0.009999999776482582,0.0003,6089,,,
0.0,-1.63603984,7108,141,50,5.18,1216,5.240139484405518,9.96159553527832,0.009999999776482582,0.0003,6107,,,
0.0,-1.5739099599999997,7124,142,50,5.14,1220,5.929704189300537,8.362048149108887,0.009999999776482582,0.0003,6123,,,
0.0,-1.8336371999999996,7142,142,50,4.9,1224,5.40499210357666,8.603658676147461,0.009999999776482582,0.0003,6141,,,
0.0,-2.16657684,7159,142,50,4.78,1228,5.359606742858887,8.911020278930664,0.009999999776482582,0.0003,6158,,,
0.0,-2.1751665200000003,7177,143,50,4.72,1232,5.234255313873291,8.181800842285156,0.009999999776482582,0.0003,6176,,,
0.0,-1.7722956800000005,7193,143,50,4.7,1236,5.3393635749816895,8.102272987365723,0.009999999776482582,0.0003,6192,,,
0.0,-1.9904217899999999,7211,144,50,4.71,1240,5.569175720214844,7.152210235595703,0.009999999776482582,0.0003,6210,,,
0.0,-2.44003843,7227,144,50,4.71,1244,4.050216197967529,10.065828323364258,0.009999999776482582,0.0003,6226,,,
0.0,-2.86199839,7245,144,50,4.72,1248,5.36836576461792,8.7822904586792,0.009999999776482582,0.0003,6244,,,
0.0,-2.60900872,7262,145,50,4.59,1252,6.311870098114014,7.164213180541992,0.009999999776482582,0.0003,6261,,,
0.0,-2.10010245,7281,145,50,4.49,1256,5.552045822143555,9.354642868041992,0.009999999776482582,0.0003,6280,,,
0.0,-2.1702367900000006,7298,145,50,4.39,1260,5.990036964416504,8.543170928955078,0.009999999776482582,0.0003,6297,,,
0.0,-2.13181629,7314,146,50,4.39,1264,4.91728401184082,7.096678733825684,0.009999999776482582,0.0003,6313,,,
0.0,-2.61646275,7332,146,50,4.4,1268,5.197917461395264,9.432879447937012,0.009999999776482582,0.0003,6331,,,
0.0,-2.20762056,7349,147,49,4.38,1272,4.722733497619629,8.91734504699707,0.009999999776482582,0.0003,6348,,,
0.0,-2.03094231,7365,147,49,4.36,1276,5.986629009246826,7.4225172996521,0.009999999776482582,0.0003,6364,,,
0.0,-2.02430679,7382,147,49,4.37,1280,5.5244646072387695,8.093118667602539,0.009999999776482582,0.0003,6381,,,
0.0,-2.18784476,7401,148,49,4.38,1284,5.030541896820068,8.261307716369629,0.009999999776482582,0.0003,6400,,,
0.0,-2.55664627,7419,148,49,4.4,1288,5.145174503326416,9.424596786499023,0.009999999776482582,0.0003,6418,,,
0.0,-2.3351783100000008,7436,148,49,4.39,1292,5.500510215759277,8.49244499206543,0.009999999776482582,0.0003,6435,,,
0.0,-2.5629069400000004,7452,149,49,4.34,1296,6.132537841796875,7.726941108703613,0.009999999776482582,0.0003,6451,,,
0.0,-1.9997141499999997,7468,149,49,4.32,1300,5.376213073730469,8.307878494262695,0.009999999776482582,0.0003,6467,,,
0.0,-2.2774659999999995,7485,149,49,4.31,1304,4.285429000854492,8.753043174743652,0.009999999776482582,0.0003,6484,,,
0.0,-2.7281513799999995,7503,150,49,4.31,1308,4.9647722244262695,9.584192276000977,0.009999999776482582,0.0003,6502,,,
0.0,-2.81573726,7521,150,49,4.31,1312,5.095599174499512,10.875082015991211,0.009999999776482582,0.0003,6520,,,
0.0,-2.798533140000001,7538,150,49,4.3,1316,5.191961288452148,10.087703704833984,0.009999999776482582,0.0003,6537,,,
0.0,-3.4390019499999998,7557,151,49,4.33,1320,5.2620930671691895,8.98063850402832,0.009999999776482582,0.0003,6556,,,
0.0,-3.19848501,7576,151,49,4.34,1324,6.570280075073242,7.775399684906006,0.009999999776482582,0.0003,6575,,,
0.0,-3.1875706000000004,7594,152,49,4.35,1328,5.724214553833008,7.891870498657227,0.009999999776482582,0.0003,6593,,,
0.0,-2.87324291,7610,152,49,4.33,1332,5.064111232757568,7.960309982299805,0.009999999776482582,0.0003,6609,,,
0.0,-2.8415446700000007,7626,152,49,4.33,1336,4.0847368240356445,10.702402114868164,0.009999999776482582,0.0003,6625,,,
0.0,-3.07714251,7643,153,49,4.32,1340,5.010335922241211,9.586423873901367,0.009999999776482582,0.0003,6642,,,
0.0,-2.76296272,7659,153,49,4.32,1344,5.438211917877197,8.625889778137207,0.009999999776482582,0.0003,6658,,,
0.0,-2.58219751,7677,153,49,4.32,1348,5.990807056427002,8.331428527832031,0.009999999776482582,0.0003,6676,,,
0.0,-2.3054718999999992,7694,154,49,4.32,1352,4.114696025848389,7.876797676086426,0.009999999776482582,0.0003,6693,,,
0.0,-2.759682249999999,7711,154,49,4.3,1356,3.652752637863159,8.270523071289062,0.009999999776482582,0.0003,6710,,,
0.0,-2.82246705,7727,155,49,4.29,1360,6.673022270202637,7.818795204162598,0.009999999776482582,0.0003,6726,,,
0.0,-3.0549605799999995,7744,155,49,4.3,1364,5.126194953918457,8.437307357788086,0.009999999776482582,0.0003,6743,,,
0.0,-3.03858033,7762,155,49,4.3,1368,4.860991477966309,9.787725448608398,0.009999999776482582,0.0003,6761,,,
0.0,-3.2485716199999994,7780,156,49,4.31,1372,6.594013690948486,7.579578876495361,0.009999999776482582,0.0003,6779,,,
0.0,-3.8402102999999994,7797,156,49,4.32,1376,5.746345043182373,8.024063110351562,0.009999999776482582,0.0003,6796,,,
0.0,-4.02679027,7814,156,49,4.32,1380,5.552608489990234,7.550847053527832,0.009999999776482582,0.0003,6813,,,
0.0,-3.765823739999999,7830,157,49,4.29,1384,4.101258277893066,10.506010055541992,0.009999999776482582,0.0003,6829,,,
0.0,-3.5498209999999997,7847,157,49,4.28,1388,4.583193302154541,9.16118049621582,0.009999999776482582,0.0003,6846,,,
0.0,-3.8313660400000007,7863,157,49,4.27,1392,4.779840469360352,8.60175609588623,0.009999999776482582,0.0003,6862,,,
0.0,-3.576391520000001,7879,158,49,4.27,1396,5.100738525390625,8.92177963256836,0.009999999776482582,0.0003,6878,,,
0.0,-4.12091544,7895,158,49,4.27,1400,5.566262245178223,9.799904823303223,0.009999999776482582,0.0003,6894,,,
0.0,-4.091421080000001,7912,158,49,4.27,1404,5.401010036468506,6.973734378814697,0.009999999776482582,0.0003,6911,,,
0.0,-3.392964470000001,7929,159,49,4.26,1408,5.616055965423584,8.978445053100586,0.009999999776482582,0.0003,6928,,,
0.0,-3.3434052100000002,7946,159,49,4.25,1412,4.805851936340332,9.478937149047852,0.009999999776482582,0.0003,6945,,,
0.0,-3.37365457,7962,159,49,4.24,1416,5.667792320251465,7.761845588684082,0.009999999776482582,0.0003,6961,,,
0.0,-2.9171345400000006,7978,160,49,4.21,1420,5.028074741363525,9.926401138305664,0.009999999776482582,0.0003,6977,,,
0.0,-2.6721831000000003,7994,160,49,4.18,1424,4.527540683746338,8.55562686920166,0.009999999776482582,0.0003,6993,,,
0.0,-2.640370839999999,8011,162,49,4.17,1428,5.451895236968994,9.615026473999023,0.009999999776482582,0.0003,7010,-2.2441950861200106,0.0,4.05
0.0,-2.7242062899999997,8027,162,49,4.17,1432,5.118636608123779,9.670804023742676,0.009999999776482582,0.0003,7026,,,
0.0,-2.7892527999999994,8043,162,49,4.17,1436,5.545134544372559,8.631708145141602,0.009999999776482582,0.0003,7042,,,
0.0,-2.56469806,8059,163,49,4.16,1440,5.518091201782227,9.287527084350586,0.009999999776482582,0.0003,7058,,,
0.0,-2.6314317500000004,8076,163,49,4.17,1444,6.093742847442627,8.370408058166504,0.009999999776482582,0.0003,7075,,,
0.0,-3.0376764199999995,8093,163,49,4.16,1448,4.679479122161865,9.815120697021484,0.009999999776482582,0.0003,7092,,,
0.0,-3.0695070199999996,8109,164,49,4.15,1452,5.263999938964844,8.41145133972168,0.009999999776482582,0.0003,7108,,,
0.0,-2.3980951499999996,8126,164,49,4.15,1456,4.404850959777832,8.203022956848145,0.009999999776482582,0.0003,7125,,,
0.0,-2.39252,8143,164,49,4.16,1460,4.724769592285156,8.33198356628418,0.009999999776482582,0.0003,7142,,,
0.0,-2.6338235199999995,8159,165,49,4.15,1464,5.927028179168701,7.296905517578125,0.009999999776482582,0.0003,7158,,,
0.0,-2.17599616,8177,165,49,4.15,1468,6.202804088592529,8.60706901550293,0.009999999776482582,0.0003,7176,,,
0.0,-1.9707740499999997,8193,165,49,4.13,1472,5.022082328796387,8.251931190490723,0.009999999776482582,0.0003,7192,,,
0.0,-1.51102054,8210,166,49,4.13,1476,5.794986248016357,9.290669441223145,0.009999999776482582,0.0003,7209,,,
0.0,-1.3288626099999998,8226,166,49,4.12,1480,5.5652570724487305,8.798234939575195,0.009999999776482582,0.0003,7225,,,
0.0,-1.4179324500000001,8242,166,49,4.12,1484,5.342972755432129,8.387434005737305,0.009999999776482582,0.0003,7241,,,
0.0,-1.6282221400000003,8258,167,49,4.11,1488,5.461880683898926,9.174202919006348,0.009999999776482582,0.0003,7257,,,
0.0,-1.4230467500000001,8274,167,49,4.11,1492,4.500726699829102,8.788854598999023,0.009999999776482582,0.0003,7273,,,
0.0,-1.6444676699999996,8290,168,49,4.11,1496,6.410898685455322,7.802215576171875,0.009999999776482582,0.0003,7289,,,
0.0,-1.4490186600000001,8308,168,49,4.13,1500,4.234793663024902,8.467094421386719,0.009999999776482582,0.0003,7307,,,
0.0,-1.46975865,8324,168,49,4.12,1504,5.74938440322876,8.467785835266113,0.009999999776482582,0.0003,7323,,,
0.0,-1.8945777299999997,8340,169,49,4.11,1508,5.59874153137207,7.829944610595703,0.009999999776482582,0.0003,7339,,,
0.0,-1.4062489599999999,8356,169,49,4.1,1512,4.802277088165283,7.174434661865234,0.009999999776482582,0.0003,7355,,,
0.0,-1.3887867699999996,8373,169,49,4.11,1516,4.7077860832214355,10.345939636230469,0.009999999776482582,0.0003,7372,,,
0.0,-1.57342626,8389,170,49,4.11,1520,6.430937767028809,9.47300910949707,0.009999999776482582,0.0003,7388,,,
0.0,-1.8074995,8406,170,49,4.12,1524,5.246023178100586,7.910515785217285,0.009999999776482582,0.0003,7405,,,
0.0,-1.87153755,8422,170,49,4.11,1528,6.623446464538574,8.820175170898438,0.009999999776482582,0.0003,7421,,,
0.0,-2.2518150400000003,8438,171,49,4.11,1532,4.9329118728637695,8.643993377685547,0.009999999776482582,0.0003,7437,,,
0.0,-2.42270192,8454,171,49,4.11,1536,5.268898010253906,7.507530212402344,0.009999999776482582,0.0003,7453,,,
0.0,-2.37074528,8470,171,49,4.11,1540,5.063459396362305,7.712592601776123,0.009999999776482582,0.0003,7469,,,
0.0,-2.36015268,8486,172,49,4.1,1544,5.2052764892578125,9.935247421264648,0.009999999776482582,0.0003,7485,,,
0.0,-1.64506033,8502,172,49,4.09,1548,4.415088653564453,9.473100662231445,0.009999999776482582,0.0003,7501,,,
0.0,-1.4582353799999999,8519,172,49,4.1,1552,4.172147750854492,9.607845306396484,0.009999999776482582,0.0003,7518,,,
0.0,-1.72977703,8535,173,49,4.09,1556,5.019983768463135,9.403072357177734,0.009999999776482582,0.0003,7534,,,
0.0,-1.7637225899999998,8551,173,49,4.08,1560,5.4632744789123535,8.534934997558594,0.009999999776482582,0.0003,7550,,,
0.0,-1.4757662499999997,8567,173,49,4.08,1564,4.248823165893555,9.25478458404541,0.009999999776482582,0.0003,7566,,,
0.0,-1.70447691,8583,174,49,4.06,1568,4.821052551269531,8.96715259552002,0.009999999776482582,0.0003,7582,,,
0.0,-1.71727444,8599,174,49,4.06,1572,6.067503929138184,8.089282989501953,0.009999999776482582,0.0003,7598,,,
0.0,-1.5497333999999998,8615,175,49,4.05,1576,4.8141632080078125,8.635442733764648,0.009999999776482582,0.0003,7614,,,
0.0,-2.008031,8632,175,49,4.06,1580,3.985812187194824,8.740249633789062,0.009999999776482582,0.0003,7631,,,
0.0,-1.7919780299999999,8648,175,49,4.06,1584,4.614976406097412,9.68078327178955,0.009999999776482582,0.0003,7647,,,
0.0,-1.8299755300000005,8664,176,49,4.06,1588,4.8699750900268555,8.334575653076172,0.009999999776482582,0.0003,7663,,,
0.0,-1.9966223100000002,8680,176,49,4.06,1592,4.978196144104004,8.929725646972656,0.009999999776482582,0.0003,7679,,,
0.0,-2.000195889999999,8696,176,49,4.06,1596,5.558868885040283,7.750340461730957,0.009999999776482582,0.0003,7695,,,
0.0,-1.87290122,8712,177,49,4.04,1600,6.209043025970459,9.606344223022461,0.009999999776482582,0.0003,7711,,,
0.0,-1.56871969,8728,177,49,4.04,1604,4.382826805114746,8.388063430786133,0.009999999776482582,0.0003,7727,,,
0.0,-1.38781124,8745,177,49,4.05,1608,4.790938854217529,9.464295387268066,0.009999999776482582,0.0003,7744,,,
0.0,-1.48655114,8761,178,49,4.05,1612,4.559971809387207,8.285454750061035,0.009999999776482582,0.0003,7760,,,
0.0,-1.6923975100000002,8777,178,49,4.04,1616,5.086977481842041,8.51995849609375,0.009999999776482582,0.0003,7776,,,
0.0,-1.54474374,8793,178,49,4.04,1620,5.0691752433776855,8.277799606323242,0.009999999776482582,0.0003,7792,,,
0.0,-1.7394952200000002,8809,179,49,4.03,1624,4.847700119018555,9.578726768493652,0.009999999776482582,0.0003,7808,,,
0.0,-1.6649662600000001,8825,179,49,4.03,1628,5.263853073120117,9.721054077148438,0.009999999776482582,0.0003,7824,,,
0.0,-1.74942914,8841,180,49,4.03,1632,4.807953834533691,9.12076187133789,0.009999999776482582,0.0003,7840,,,
0.0,-2.21150422,8857,180,49,4.03,1636,4.818881034851074,8.986237525939941,0.009999999776482582,0.0003,7856,,,
0.0,-2.53395041,8873,180,49,4.03,1640,4.5705342292785645,9.099447250366211,0.009999999776482582,0.0003,7872,,,
0.0,-2.2915194100000003,8889,181,49,4.03,1644,4.694806098937988,10.21757698059082,0.009999999776482582,0.0003,7888,,,
0.0,-2.61856768,8905,181,49,4.03,1648,4.891389846801758,8.442794799804688,0.009999999776482582,0.0003,7904,,,
0.0,-2.7715392599999995,8921,181,49,4.02,1652,4.819718837738037,9.157530784606934,0.009999999776482582,0.0003,7920,,,
0.0,-2.95325452,8937,181,49,4.02,1656,3.789322853088379,9.958990097045898,0.009999999776482582,0.0003,7936,,,
0.0,-3.157192400000001,8954,182,49,4.03,1660,5.039934158325195,8.510644912719727,0.009999999776482582,0.0003,7953,,,
0.0,-3.6118544800000008,8970,182,49,4.03,1664,4.783763885498047,8.083526611328125,0.009999999776482582,0.0003,7969,,,
0.0,-3.5571749200000005,8987,183,49,4.04,1668,4.072275161743164,9.885477066040039,0.009999999776482582,0.0003,7986,,,
0.0,-3.98077747,9003,184,48,4.04,1672,5.038568496704102,9.192384719848633,0.009999999776482582,0.0003,8002,-2.2659442669692513,0.0,4.05
0.0,-4.576856179999999,9019,184,48,4.04,1676,5.168455123901367,10.533733367919922,0.009999999776482582,0.0003,8018,,,
0.0,-4.50879791,9035,185,48,4.03,1680,4.089067459106445,8.317220687866211,0.009999999776482582,0.0003,8034,,,
0.0,-4.5139501200000005,9051,185,48,4.03,1684,4.524928569793701,8.824944496154785,0.009999999776482582,0.0003,8050,,,
0.0,-4.21106753,9067,185,48,4.03,1688,4.795495510101318,10.387256622314453,0.009999999776482582,0.0003,8066,,,
0.0,-4.40645635,9083,186,48,4.03,1692,5.92370080947876,9.076974868774414,0.009999999776482582,0.0003,8082,,,
0.0,-4.36779528,9099,186,48,4.03,1696,4.733358383178711,10.203187942504883,0.009999999776482582,0.0003,8098,,,
0.0,-4.186658920000001,9115,186,48,4.03,1700,5.7306365966796875,8.906580924987793,0.009999999776482582,0.0003,8114,,,
0.0,-4.26687875,9131,187,48,4.03,1704,3.660831928253174,8.779718399047852,0.009999999776482582,0.0003,8130,,,
0.0,-3.9747410100000007,9148,187,48,4.03,1708,5.836267471313477,8.665654182434082,0.009999999776482582,0.0003,8147,,,
0.0,-4.32295564,9164,187,48,4.03,1712,5.969468116760254,9.417530059814453,0.009999999776482582,0.0003,8163,,,
0.0,-4.28835707,9180,187,48,4.03,1716,4.241037368774414,7.748630523681641,0.009999999776482582,0.0003,8179,,,
0.0,-4.1102615600000005,9197,188,48,4.04,1720,5.15897274017334,9.475114822387695,0.009999999776482582,0.0003,8196,,,
0.0,-3.6334798799999994,9214,188,48,4.05,1724,5.8662285804748535,8.74094009399414,0.009999999776482582,0.0003,8213,,,
0.0,-3.2608094199999997,9230,189,48,4.05,1728,4.4936652183532715,8.919912338256836,0.009999999776482582,0.0003,8229,,,
0.0,-2.7723906400000002,9246,189,48,4.05,1732,5.420858860015869,8.70827865600586,0.009999999776482582,0.0003,8245,,,
0.0,-2.7114619400000004,9262,189,48,4.05,1736,3.873623847961426,8.554305076599121,0.009999999776482582,0.0003,8261,,,
0.0,-2.5916624800000005,9278,189,48,4.05,1740,4.489384174346924,10.754402160644531,0.009999999776482582,0.0003,8277,,,
0.0,-2.63132109,9294,190,48,4.05,1744,4.165349006652832,9.42264175415039,0.009999999776482582,0.0003,8293,,,
0.0,-2.8068134,9310,190,48,4.05,1748,4.5718584060668945,9.788559913635254,0.009999999776482582,0.0003,8309,,,
0.0,-2.84580947,9327,191,48,4.06,1752,4.995007038116455,7.939215660095215,0.009999999776482582,0.0003,8326,,,
0.0,-3.02226224,9343,191,48,4.06,1756,4.746098518371582,8.254638671875,0.009999999776482582,0.0003,8342,,,
0.0,-2.7462465199999997,9359,191,48,4.05,1760,6.533326148986816,8.988195419311523,0.009999999776482582,0.0003,8358,,,
0.0,-2.74909526,9376,192,48,4.06,1764,5.178463459014893,10.604795455932617,0.009999999776482582,0.0003,8375,,,
0.0,-3.09317946,9392,192,48,4.05,1768,5.266061305999756,8.208066940307617,0.009999999776482582,0.0003,8391,,,
0.0,-2.87087316,9408,192,48,4.05,1772,5.2137451171875,9.639045715332031,0.009999999776482582,0.0003,8407,,,
0.0,-2.49403242,9424,193,48,4.05,1776,5.8008131980896,8.90658187866211,0.009999999776482582,0.0003,8423,,,
0.0,-2.23866944,9440,193,48,4.05,1780,5.6554646492004395,8.503557205200195,0.009999999776482582,0.0003,8439,,,
0.0,-2.1661316299999998,9456,193,48,4.05,1784,4.446932315826416,10.248647689819336,0.009999999776482582,0.0003,8455,,,
0.0,-2.2677846500000003,9472,194,48,4.05,1788,4.995729923248291,7.908782005310059,0.009999999776482582,0.0003,8471,,,
0.0,-1.84256535,9488,194,48,4.05,1792,4.653680324554443,8.718643188476562,0.009999999776482582,0.0003,8487,,,
0.0,-2.3267828100000005,9504,194,48,4.05,1796,5.439016342163086,8.926712036132812,0.009999999776482582,0.0003,8503,,,
0.0,-2.60248897,9520,195,48,4.05,1800,4.916337013244629,8.394525527954102,0.009999999776482582,0.0003,8519,,,
0.0,-2.6024806999999996,9536,195,48,4.05,1804,4.615786552429199,9.56990909576416,0.009999999776482582,0.0003,8535,,,
0.0,-3.0693604499999996,9552,195,48,4.04,1808,5.927802562713623,9.62557315826416,0.009999999776482582,0.0003,8551,,,
0.0,-3.0786324399999994,9568,196,48,4.04,1812,5.062563419342041,8.556112289428711,0.009999999776482582,0.0003,8567,,,
0.0,-2.9326915099999997,9584,196,48,4.04,1816,5.350254535675049,9.153536796569824,0.009999999776482582,0.0003,8583,,,
0.0,-2.9266631500000004,9600,196,48,4.03,1820,5.266712188720703,9.08371639251709,0.009999999776482582,0.0003,8599,,,
0.0,-3.1717204500000005,9616,197,48,4.02,1824,4.351164817810059,9.724647521972656,0.009999999776482582,0.0003,8615,,,
0.0,-3.35613397,9632,197,48,4.02,1828,5.801992416381836,8.243499755859375,0.009999999776482582,0.0003,8631,,,
0.0,-3.81396751,9648,197,48,4.02,1832,4.045424461364746,9.929128646850586,0.009999999776482582,0.0003,8647,,,
0.0,-3.41252699,9664,198,48,4.02,1836,4.2319135665893555,11.822696685791016,0.009999999776482582,0.0003,8663,,,
0.0,-3.0695655099999994,9680,198,48,4.02,1840,5.141160488128662,9.76537036895752,0.009999999776482582,0.0003,8679,,,
0.0,-3.26785126,9696,199,48,4.02,1844,5.713596820831299,8.762984275817871,0.009999999776482582,0.0003,8695,,,
0.0,-2.8400530299999995,9712,199,48,4.02,1848,4.549795150756836,10.380505561828613,0.009999999776482582,0.0003,8711,,,
0.0,-2.83217651,9728,199,48,4.01,1852,5.736424922943115,8.301552772521973,0.009999999776482582,0.0003,8727,,,
0.0,-2.6360213,9744,200,48,4.01,1856,4.604813575744629,9.509587287902832,0.009999999776482582,0.0003,8743,,,
0.0,-2.60992506,9760,200,48,4.01,1860,4.107258319854736,9.776485443115234,0.009999999776482582,0.0003,8759,,,
0.0,-1.9647248399999997,9776,200,48,4.0,1864,5.416257858276367,8.255714416503906,0.009999999776482582,0.0003,8775,,,
0.0,-1.6672623999999998,9792,201,48,4.0,1868,4.716074466705322,10.211055755615234,0.009999999776482582,0.0003,8791,,,
0.0,-1.9106585800000002,9808,201,48,4.0,1872,5.095115661621094,7.706775665283203,0.009999999776482582,0.0003,8807,,,
0.0,-1.7060007,9825,201,48,4.01,1876,5.612436294555664,8.683919906616211,0.009999999776482582,0.0003,8824,,,
0.0,-1.9557024,9841,201,48,4.01,1880,4.698668003082275,9.731246948242188,0.009999999776482582,0.0003,8840,,,
0.0,-2.20283528,9857,202,48,4.01,1884,5.433999538421631,8.774744987487793,0.009999999776482582,0.0003,8856,,,
0.0,-2.3601862199999997,9874,202,48,4.02,1888,5.9892578125,9.222041130065918,0.009999999776482582,0.0003,8873,,,
0.0,-2.57963024,9890,202,48,4.02,1892,5.513505458831787,7.488438606262207,0.009999999776482582,0.0003,8889,,,
0.0,-1.9376277900000003,9907,203,48,4.03,1896,5.490687847137451,8.162071228027344,0.009999999776482582,0.0003,8906,,,
0.0,-1.8686893599999999,9923,203,48,4.03,1900,4.615023136138916,10.660028457641602,0.009999999776482582,0.0003,8922,,,
0.0,-2.04922262,9939,203,48,4.03,1904,4.25434684753418,10.386215209960938,0.009999999776482582,0.0003,8938,,,
0.0,-1.87504098,9955,204,48,4.03,1908,4.781868934631348,9.216617584228516,0.009999999776482582,0.0003,8954,,,
0.0,-1.64667682,9971,204,48,4.03,1912,6.028936386108398,8.35125732421875,0.009999999776482582,0.0003,8970,,,
0.0,-1.4047088000000003,9987,204,48,4.03,1916,5.320010185241699,9.742631912231445,0.009999999776482582,0.0003,8986,,,
