rollout/ep_len_mean,rollout/ep_rew_mean,curriculum/stage_index,time/fps,time/time_elapsed,time/total_timesteps,time/episodes,curriculum/randomize_probability,rollout/success_rate,train/ent_coef,train/n_updates,train/critic_loss,train/learning_rate,train/actor_loss,eval/success_rate,eval/mean_ep_length,eval/mean_reward
16.5,60.083805000000005,0.0,60,1,66,4,0.0,0.25,,,,,,,,
18.25,29.24747225,0.0,68,2,146,8,0.0,0.125,,,,,,,,
18.833333333333332,19.078998083333335,0.0,71,3,226,12,0.0,0.08333333333333333,,,,,,,,
19.125,13.908926312500002,0.0,71,4,306,16,0.0,0.0625,,,,,,,,
18.65,21.3990137,0.0,71,5,373,20,0.0,0.1,,,,,,,,
18.875,20.12757625,0.0,70,6,453,24,0.0,0.08333333333333333,,,,,,,,
19.035714285714285,16.379711642857142,0.0,71,7,533,28,0.0,0.07142857142857142,,,,,,,,
19.15625,13.4986041875,0.0,73,8,613,32,0.0,0.0625,,,,,,,,
19.25,11.563694638888888,0.0,73,9,693,36,0.0,0.05555555555555555,,,,,,,,
19.325,10.205966675000003,0.0,73,10,773,40,0.0,0.05,,,,,,,,
19.386363636363637,8.723659340909093,0.0,74,11,853,44,0.0,0.045454545454545456,,,,,,,,
19.4375,7.4712224166666665,0.0,75,12,933,48,0.0,0.041666666666666664,,,,,,,,
19.48076923076923,7.415052865384616,0.0,73,13,1013,52,0.0,0.038461538461538464,0.009999999776482582,24,0.8196166157722473,0.0003,-0.18747010827064514,,,
19.517857142857142,6.259616196428572,0.0,66,16,1093,56,0.0,0.03571428571428571,0.009999999776482582,184,80.72299772500992,0.0003,-1.7937568426132202,,,
18.966666666666665,12.8116504,0.0,62,18,1138,60,0.0,0.06666666666666667,0.009999999776482582,274,74.82370924949646,0.0003,-3.190116763114929,,,
17.90625,25.47627678125,0.0,61,18,1146,64,0.0,0.125,0.009999999776482582,290,5.503612995147705,0.0003,-5.3674633502960205,,,
18.029411764705884,23.446491985294116,0.0,57,21,1226,68,0.0,0.11764705882352941,0.009999999776482582,450,199.4529571533203,0.0003,-22.731197357177734,,,
18.13888888888889,21.644173125,0.0,54,24,1306,72,0.0,0.1111111111111111,0.009999999776482582,610,145.22956085205078,0.0003,-20.55399990081787,,,
17.789473684210527,26.169388289473684,0.0,52,25,1352,76,0.0,0.13157894736842105,0.009999999776482582,702,209.19994354248047,0.0003,-37.76034736633301,,,
17.05,36.329692662499994,0.0,51,26,1364,80,0.0,0.175,0.009999999776482582,726,371.52667236328125,0.0003,-45.141075134277344,,,
16.38095238095238,45.520560380952375,0.0,50,27,1376,84,0.0,0.21428571428571427,0.009999999776482582,750,324.0065002441406,0.0003,-50.00593566894531,,,
15.761363636363637,53.649009,0.0,50,27,1387,88,0.0,0.25,0.009999999776482582,772,420.9971008300781,0.0003,-54.579349517822266,,,
15.391304347826088,58.72718048913043,0.0,48,28,1416,92,0.0,0.2717391304347826,0.009999999776482582,830,335.17616271972656,0.0003,-70.34807205200195,,,
14.875,65.7574075,0.0,48,29,1428,96,0.0,0.3020833333333333,0.009999999776482582,854,417.8601989746094,0.0003,-67.80338668823242,,,
14.57,69.84477217,0.0,47,30,1457,100,0.0,0.32,0.009999999776482582,912,371.9791717529297,0.0003,-82.08863830566406,,,
14.02,76.48056578,0.0,46,31,1468,104,0.0,0.35,0.009999999776482582,934,333.5699768066406,0.0003,-83.59300994873047,,,
13.34,85.69065555000002,0.0,46,32,1480,108,0.0,0.39,0.009999999776482582,958,287.1498260498047,0.0003,-90.32157135009766,,,
12.66,94.86059211000001,0.0,45,32,1492,112,0.0,0.43,0.009999999776482582,982,302.51878356933594,0.0003,-98.27034378051758,,,
11.98,104.11946028,0.0,45,33,1504,116,0.0,0.47,0.009999999776482582,1006,322.17529296875,0.0003,-99.54005813598633,,,
11.77,106.38002097999997,0.0,43,35,1550,120,0.0,0.48,0.009999999776482582,1098,355.6016387939453,0.0003,-108.56005477905273,,,
11.08,114.78169997,0.0,43,35,1561,124,0.0,0.52,0.009999999776482582,1120,296.0852355957031,0.0003,-111.441162109375,,,
10.38,123.85768460999999,0.0,43,36,1571,128,0.0,0.56,0.009999999776482582,1140,496.17478942871094,0.0003,-117.72774505615234,,,
9.86,130.75181937000002,0.0,42,37,1599,132,0.0,0.59,0.009999999776482582,1196,398.0463562011719,0.0003,-119.48512268066406,,,
9.18,140.02593473000002,0.0,42,38,1611,136,0.0,0.63,0.009999999776482582,1220,393.78883361816406,0.0003,-121.63779067993164,,,
8.49,149.14007021999998,0.0,41,38,1622,140,0.0,0.67,0.009999999776482582,1242,337.37108612060547,0.0003,-124.07658386230469,,,
7.8,158.42268124000003,0.0,41,39,1633,144,0.0,0.71,0.009999999776482582,1264,386.935546875,0.0003,-127.67227554321289,,,
7.29,165.50565420000004,0.0,40,40,1662,148,0.0,0.74,0.009999999776482582,1322,364.8535614013672,0.0003,-127.57495880126953,,,
6.61,174.46236874,0.0,40,41,1674,152,0.0,0.78,0.009999999776482582,1346,260.11558532714844,0.0003,-137.48953247070312,,,
5.93,184.03598646999995,0.0,39,42,1686,156,0.0,0.82,0.009999999776482582,1370,477.85435485839844,0.0003,-139.61676025390625,,,
5.6,189.06785083000003,0.0,39,42,1698,160,0.0,0.84,0.009999999776482582,1394,405.4080505371094,0.0003,-141.7268829345703,,,
5.8,187.01704034000005,0.0,39,44,1726,164,0.0,0.83,0.009999999776482582,1450,376.71563720703125,0.0003,-140.95687103271484,,,
5.11,196.39163679,0.0,38,44,1737,168,0.0,0.87,0.009999999776482582,1472,334.02618408203125,0.0003,-148.73605346679688,,,
4.42,205.69580269000002,0.0,38,45,1748,172,0.0,0.91,0.009999999776482582,1494,308.68882751464844,0.0003,-146.2119369506836,,,
4.23,207.76142649000002,0.0,38,46,1775,176,0.0,0.92,0.009999999776482582,1548,292.1572570800781,0.0003,-153.22528839111328,,,
4.2,207.19147069,0.0,37,47,1784,180,0.0,0.92,0.009999999776482582,1566,365.0801086425781,0.0003,-155.81807708740234,,,
4.35,204.45911894999998,0.0,37,48,1811,184,0.0,0.91,0.009999999776482582,1620,245.38697814941406,0.0003,-153.98477172851562,,,
4.51,201.91913401,0.0,37,49,1838,188,0.0,0.9,0.009999999776482582,1674,204.6770782470703,0.0003,-164.81780242919922,,,
4.31,203.72091069,0.0,36,49,1847,192,0.0,0.91,0.009999999776482582,1692,189.06134033203125,0.0003,-165.93771362304688,,,
4.3,203.46695422000002,0.0,36,50,1858,196,0.0,0.91,0.009999999776482582,1714,162.42572021484375,0.0003,-165.34158325195312,,,
4.46,200.95269470000002,0.0,36,52,1903,200,0.0,0.9,0.009999999776482582,1804,148.9797134399414,0.0003,-170.75074005126953,,,
4.64,198.43396926000003,0.0,36,53,1932,204,0.0,0.89,0.009999999776482582,1862,162.59622192382812,0.0003,-174.23326110839844,,,
4.62,197.93277554,0.0,35,54,1942,208,0.0,0.89,0.009999999776482582,1882,125.36289978027344,0.0003,-175.20128631591797,,,
4.58,197.26351382000001,0.0,35,54,1950,212,0.0,0.89,0.009999999776482582,1898,133.0017852783203,0.0003,-174.4742202758789,,,
4.57,196.74588523,0.0,35,55,1961,216,0.0,0.89,0.009999999776482582,1920,135.8244171142578,0.0003,-180.18305206298828,,,
4.23,201.23651911000002,0.0,35,55,1973,220,0.0,0.91,0.009999999776482582,1944,114.42565155029297,0.0003,-177.86448669433594,,,
4.42,199.03673966000005,0.0,33,59,2003,224,0.0,0.9,0.009999999776482582,2004,134.508544921875,0.0003,-184.3425064086914,0.85,5.9,188.11826176948668
4.45,198.93410976999996,0.0,33,60,2016,228,0.0,0.9,0.009999999776482582,2030,111.50393676757812,0.0003,-186.4792251586914,,,
4.3,201.19694542999997,0.0,33,60,2029,232,0.0,0.91,0.009999999776482582,2056,103.36004257202148,0.0003,-187.88026428222656,,,
4.29,200.77408557,0.0,33,61,2040,236,0.0,0.91,0.009999999776482582,2078,103.40736770629883,0.0003,-192.0388412475586,,,
4.31,200.60747026,0.0,33,62,2053,240,0.0,0.91,0.009999999776482582,2104,107.47855377197266,0.0003,-193.9631118774414,,,
4.34,200.33473562999998,0.0,32,62,2067,244,0.0,0.91,0.009999999776482582,2132,71.326416015625,0.0003,-192.9531707763672,,,
4.33,200.01855545,0.0,32,63,2095,248,0.0,0.91,0.009999999776482582,2188,81.37264633178711,0.0003,-192.18243408203125,,,
4.31,199.44275298,0.0,32,64,2105,252,0.0,0.91,0.009999999776482582,2208,64.80782699584961,0.0003,-194.569091796875,,,
4.31,198.93028166,0.0,32,64,2117,256,0.0,0.91,0.009999999776482582,2232,61.19636535644531,0.0003,-192.03351593017578,,,
4.3,198.38314294999998,0.0,32,65,2128,260,0.0,0.91,0.009999999776482582,2254,73.86886024475098,0.0003,-199.22437286376953,,,
4.13,200.4084561,0.0,32,66,2139,264,0.0,0.92,0.009999999776482582,2276,72.97928619384766,0.0003,-197.22295379638672,,,
4.29,197.76009401999997,0.0,32,67,2166,268,0.0,0.91,0.009999999776482582,2330,83.75911331176758,0.0003,-198.36772918701172,,,
4.34,197.89266886999997,0.0,32,68,2182,272,0.0,0.91,0.009999999776482582,2362,77.4189682006836,0.0003,-200.96710968017578,,,
4.17,200.20854521,0.0,31,68,2192,276,0.0,0.92,0.009999999776482582,2382,59.99937057495117,0.0003,-203.09754180908203,,,
4.2,200.42540637,0.0,31,69,2204,280,0.0,0.92,0.009999999776482582,2406,69.05651664733887,0.0003,-202.3436279296875,,,
4.37,198.2893581,0.0,31,71,2248,284,0.0,0.91,0.009999999776482582,2494,68.14899826049805,0.0003,-202.57176971435547,,,
4.42,198.35562704000003,0.0,31,72,2280,288,0.0,0.91,0.009999999776482582,2558,60.72859001159668,0.0003,-201.43669891357422,,,
4.59,196.11289440000002,0.0,31,73,2306,292,0.0,0.9,0.009999999776482582,2610,50.18867301940918,0.0003,-202.13410186767578,,,
4.56,195.87949797000002,0.0,31,74,2314,296,0.0,0.9,0.009999999776482582,2626,51.33068656921387,0.0003,-200.87337493896484,,,
4.23,200.21292066,0.0,31,74,2326,300,0.0,0.92,0.009999999776482582,2650,53.51962852478027,0.0003,-200.14327239990234,,,
4.02,202.32005294,0.0,31,75,2334,304,0.0,0.93,0.009999999776482582,2666,42.99020004272461,0.0003,-202.71001434326172,,,
4.08,202.74144674,0.0,30,76,2350,308,0.0,0.93,0.009999999776482582,2698,52.2009334564209,0.0003,-202.23504638671875,,,
4.26,200.67178991000003,0.0,30,77,2376,312,0.0,0.92,0.009999999776482582,2750,51.45403289794922,0.0003,-204.45671844482422,,,
4.27,200.64708396000003,0.0,30,77,2388,316,0.0,0.92,0.009999999776482582,2774,62.13881874084473,0.0003,-206.47525787353516,,,
4.23,200.45772867,0.0,30,78,2396,320,0.0,0.92,0.009999999776482582,2790,64.24552917480469,0.0003,-200.80189514160156,,,
4.01,202.33291900999996,0.0,30,78,2404,324,0.0,0.93,0.009999999776482582,2806,58.24684143066406,0.0003,-200.8330841064453,,,
3.96,202.21141237,0.0,30,79,2412,328,0.0,0.93,0.009999999776482582,2822,56.23659133911133,0.0003,-205.61819458007812,,,
3.91,201.95336043999998,0.0,30,79,2420,332,0.0,0.93,0.009999999776482582,2838,63.97214317321777,0.0003,-203.1849136352539,,,
3.9,201.91142223999995,0.0,30,80,2430,336,0.0,0.93,0.009999999776482582,2858,64.22147941589355,0.0003,-202.89517974853516,,,
4.08,199.57331622,0.0,30,81,2461,340,0.0,0.92,0.009999999776482582,2920,86.2017593383789,0.0003,-207.83929443359375,,,
4.26,199.89728209999998,0.0,29,83,2493,344,0.0,0.92,0.009999999776482582,2984,84.8595962524414,0.0003,-209.31796264648438,,,
4.28,202.44980614999997,0.0,29,84,2523,348,0.0,0.93,0.009999999776482582,3044,87.57416915893555,0.0003,-209.01158142089844,,,
4.44,202.80875421000002,0.0,29,85,2549,352,0.0,0.93,0.009999999776482582,3096,70.82612228393555,0.0003,-211.28927612304688,,,
4.64,200.71130309,0.0,29,87,2581,356,0.0,0.92,0.009999999776482582,3160,74.76128768920898,0.0003,-208.23519134521484,,,
4.82,200.79330154,0.0,29,88,2610,360,0.0,0.92,0.009999999776482582,3218,74.06174850463867,0.0003,-212.4341049194336,,,
4.91,201.01273677000006,0.0,29,89,2630,364,0.0,0.92,0.009999999776482582,3258,82.51964950561523,0.0003,-209.17840576171875,,,
4.78,203.39268016999998,0.0,29,90,2644,368,0.0,0.93,0.009999999776482582,3286,84.72118377685547,0.0003,-212.0802001953125,,,
4.82,203.08904868000005,0.0,29,91,2664,372,0.0,0.93,0.009999999776482582,3326,106.16225814819336,0.0003,-213.29580688476562,,,
4.85,203.06146764000002,0.0,29,91,2677,376,0.0,0.93,0.009999999776482582,3352,111.82692337036133,0.0003,-215.0396499633789,,,
4.91,203.04303883,0.0,29,92,2695,380,0.0,0.93,0.009999999776482582,3388,102.71855926513672,0.0003,-216.64583587646484,,,
4.62,207.43204901000001,0.0,28,93,2710,384,0.0,0.95,0.009999999776482582,3418,104.07492065429688,0.0003,-213.44939422607422,,,
4.53,209.80793577,0.0,28,94,2733,388,0.0,0.96,0.009999999776482582,3464,101.135986328125,0.0003,-212.30789184570312,,,
4.47,212.24078274,0.0,28,95,2753,392,0.0,0.97,0.009999999776482582,3504,78.27291870117188,0.0003,-212.51139068603516,,,
4.51,212.18795952,0.0,28,96,2765,396,0.0,0.97,0.009999999776482582,3528,117.35470581054688,0.0003,-213.51931762695312,,,
4.64,212.31527344999995,0.0,28,97,2790,400,0.0,0.97,0.009999999776482582,3578,84.99687957763672,0.0003,-216.97286987304688,,,
4.72,212.56916939,0.0,28,98,2806,404,0.0,0.97,0.009999999776482582,3610,103.15039825439453,0.0003,-209.6211395263672,,,
4.72,212.39552874,0.0,28,99,2822,408,0.0,0.97,0.009999999776482582,3642,94.89517211914062,0.0003,-215.64417266845703,,,
4.64,214.93024718,0.0,28,99,2840,412,0.0,0.98,0.009999999776482582,3678,108.74848175048828,0.0003,-216.19776916503906,,,
5.04,215.98245571000004,0.0,28,101,2892,416,0.0,0.98,0.009999999776482582,3782,77.30948257446289,0.0003,-212.9829864501953,,,
5.74,211.14841216000005,0.0,28,105,2970,420,0.0,0.95,0.009999999776482582,3938,80.56797409057617,0.0003,-213.71835327148438,,,
6.39,208.22114217,0.0,28,107,3043,424,0.0,0.93,0.009999999776482582,4084,77.7376708984375,0.0003,-215.72542572021484,,,
6.6,209.06614646000003,0.0,28,109,3072,428,0.0,0.93,0.009999999776482582,4142,83.28746795654297,0.0003,-216.72445678710938,,,
6.74,209.55601692,0.0,28,110,3094,432,0.0,0.93,0.009999999776482582,4186,98.87467956542969,0.0003,-216.46090698242188,,,
7.01,207.67269617999997,0.0,28,111,3131,436,0.0,0.92,0.009999999776482582,4260,95.66919326782227,0.0003,-216.29750061035156,,,
6.99,210.39806563000002,0.0,28,112,3160,440,0.0,0.93,0.009999999776482582,4318,74.56573104858398,0.0003,-213.17247772216797,,,
7.01,210.65352517,0.0,27,114,3194,444,0.0,0.93,0.009999999776482582,4386,102.62426376342773,0.0003,-218.0941925048828,,,
7.08,211.10987989999998,0.0,27,115,3231,448,0.0,0.93,0.009999999776482582,4460,66.35923194885254,0.0003,-215.6978759765625,,,
7.32,209.89688185,0.0,27,117,3281,452,0.0,0.92,0.009999999776482582,4560,77.28279113769531,0.0003,-219.11190032958984,,,
7.8,204.91475641,0.0,27,120,3361,456,0.0,0.89,0.009999999776482582,4720,66.88793182373047,0.0003,-224.66268157958984,,,
8.31,197.29887148,0.0,27,124,3441,460,0.0,0.85,0.009999999776482582,4880,52.052391052246094,0.0003,-229.48914337158203,,,
8.91,189.12531740999998,0.0,27,127,3521,464,0.0,0.81,0.009999999776482582,5040,53.23408317565918,0.0003,-229.10348510742188,,,
9.57,181.98034223000002,0.0,27,130,3601,468,0.0,0.77,0.009999999776482582,5200,59.846391677856445,0.0003,-232.76397705078125,,,
10.17,173.88622930000002,0.0,27,133,3681,472,0.0,0.73,0.009999999776482582,5360,44.74643135070801,0.0003,-232.8270263671875,,,
10.84,164.96390296,0.0,27,136,3761,476,0.0,0.69,0.009999999776482582,5520,42.57756996154785,0.0003,-237.33824157714844,,,
11.46,156.00128533999998,0.0,27,139,3841,480,0.0,0.65,0.009999999776482582,5680,46.60878944396973,0.0003,-243.06460571289062,,,
12.11,147.09959128,0.0,27,142,3921,484,0.0,0.61,0.009999999776482582,5840,80.12737655639648,0.0003,-242.55855560302734,,,
12.68,138.01881740000002,0.0,26,151,4001,488,0.0,0.57,0.009999999776482582,6000,66.369140625,0.0003,-248.80613708496094,0.0,20.0,-5.4361639517219995
13.28,129.31347468,0.0,26,154,4081,492,0.0,0.53,0.009999999776482582,6160,52.686485290527344,0.0003,-249.7254638671875,,,
13.96,120.53508003000003,0.0,26,157,4161,496,0.0,0.49,0.009999999776482582,6320,56.7639102935791,0.0003,-249.45254516601562,,,
14.51,111.94043821000002,0.0,26,161,4241,500,0.0,0.45,0.009999999776482582,6480,77.46420288085938,0.0003,-247.9454116821289,,,
15.15,102.87928583000001,0.0,26,164,4321,504,0.0,0.41,0.009999999776482582,6640,80.51567840576172,0.0003,-254.44247436523438,,,
15.79,94.22671558000002,0.0,26,167,4401,508,0.0,0.37,0.009999999776482582,6800,86.89916229248047,0.0003,-255.94386291503906,,,
16.41,86.47860694,0.0,26,170,4481,512,0.0,0.33,0.009999999776482582,6960,90.71234893798828,0.0003,-259.4066162109375,,,
16.69,78.37391634000001,0.0,26,174,4561,516,0.0,0.29,0.009999999776482582,7120,78.18798446655273,0.0003,-258.1826477050781,,,
16.71,75.67326196,0.0,26,177,4641,520,0.0,0.28,0.009999999776482582,7280,88.81952285766602,0.0003,-262.03875732421875,,,
16.78,71.02697445,0.0,26,180,4721,524,0.0,0.26,0.009999999776482582,7440,91.51836776733398,0.0003,-260.3809814453125,,,
17.29,62.70507514,0.0,26,183,4801,528,0.0,0.22,0.009999999776482582,7600,95.98829650878906,0.0003,-264.0821990966797,,,
17.87,54.713488129999995,0.0,26,186,4881,532,0.0,0.18,0.009999999776482582,7760,98.63215255737305,0.0003,-265.69891357421875,,,
18.3,49.07437807,0.0,26,189,4961,536,0.0,0.15,0.009999999776482582,7920,102.05256271362305,0.0003,-265.1091003417969,,,
18.81,41.420137860000004,0.0,26,193,5041,540,0.0,0.11,0.009999999776482582,8080,66.07569122314453,0.0003,-267.204345703125,,,
19.27,33.65352516,0.0,26,196,5121,544,0.0,0.07,0.009999999776482582,8240,115.00038528442383,0.0003,-269.21055603027344,,,
19.7,25.708447170000003,0.0,26,199,5201,548,0.0,0.03,0.009999999776482582,8400,87.94681930541992,0.0003,-271.0190124511719,,,
20.0,19.51194436,0.0,25,203,5281,552,0.0,0.0,0.009999999776482582,8560,120.18505096435547,0.0003,-270.63067626953125,,,
20.0,19.47414903,0.0,25,206,5361,556,0.0,0.0,0.009999999776482582,8720,106.45193481445312,0.0003,-271.3059539794922,,,
20.0,19.94170469,0.0,25,210,5441,560,0.0,0.0,0.009999999776482582,8880,93.86759185791016,0.0003,-271.6739807128906,,,
20.0,20.435870330000004,0.0,25,213,5521,564,0.0,0.0,0.009999999776482582,9040,104.50728225708008,0.0003,-273.3483428955078,,,
20.0,20.4471086,0.0,25,216,5601,568,0.0,0.0,0.009999999776482582,9200,70.79281044006348,0.0003,-275.36985778808594,,,
20.0,20.42128579,0.0,25,219,5681,572,0.0,0.0,0.009999999776482582,9360,97.85125732421875,0.0003,-277.99571228027344,,,
20.0,20.65994956,0.0,25,222,5761,576,0.0,0.0,0.009999999776482582,9520,103.22637939453125,0.0003,-280.08221435546875,,,
20.0,20.80303548,0.0,25,226,5841,580,0.0,0.0,0.009999999776482582,9680,124.4888916015625,0.0003,-279.9591979980469,,,
20.0,21.010008289999995,0.0,25,229,5921,584,0.0,0.0,0.009999999776482582,9840,86.91439819335938,0.0003,-281.25059509277344,,,
20.0,21.404256930000003,0.0,25,237,6001,588,0.0,0.0,0.009999999776482582,10000,108.18049621582031,0.0003,-283.0939178466797,0.0,20.0,-3.3468749182369435
20.0,21.231800599999996,0.0,25,240,6081,592,0.0,0.0,0.009999999776482582,10160,85.3483657836914,0.0003,-283.86631774902344,,,
20.0,21.379452190000002,0.0,25,243,6161,596,0.0,0.0,0.009999999776482582,10320,98.95069122314453,0.0003,-284.9506072998047,,,
20.0,21.30625814,0.0,25,246,6241,600,0.0,0.0,0.009999999776482582,10480,73.24413299560547,0.0003,-285.48406982421875,,,
20.0,21.521255839999995,0.0,25,249,6321,604,0.0,0.0,0.009999999776482582,10640,107.47077941894531,0.0003,-288.02711486816406,,,
20.0,21.195610570000003,0.0,25,252,6401,608,0.0,0.0,0.009999999776482582,10800,131.04217529296875,0.0003,-285.76580810546875,,,
20.0,20.257853559999997,0.0,25,255,6481,612,0.0,0.0,0.009999999776482582,10960,144.44813537597656,0.0003,-287.5548553466797,,,
20.0,20.31484766,0.0,25,258,6561,616,0.0,0.0,0.009999999776482582,11120,77.08638000488281,0.0003,-286.66705322265625,,,
20.0,20.03585275,0.0,25,262,6641,620,0.0,0.0,0.009999999776482582,11280,76.32654571533203,0.0003,-288.71348571777344,,,
20.0,20.245234850000003,0.0,25,265,6721,624,0.0,0.0,0.009999999776482582,11440,92.72236442565918,0.0003,-292.1547546386719,,,
20.0,20.537318759999998,0.0,25,268,6801,628,0.0,0.0,0.009999999776482582,11600,112.70201873779297,0.0003,-291.80474853515625,,,
20.0,20.91688674,0.0,25,271,6881,632,0.0,0.0,0.009999999776482582,11760,98.65970039367676,0.0003,-292.07066345214844,,,
20.0,20.494276449999997,0.0,25,275,6961,636,0.0,0.0,0.009999999776482582,11920,115.9200439453125,0.0003,-295.0317687988281,,,
20.0,20.053048990000004,0.0,25,278,7041,640,0.0,0.0,0.009999999776482582,12080,107.79558563232422,0.0003,-294.9324951171875,,,
20.0,20.08154459,0.0,25,281,7121,644,0.0,0.0,0.009999999776482582,12240,82.0206413269043,0.0003,-294.9547882080078,,,
20.0,19.682247359999998,0.0,25,284,7201,648,0.0,0.0,0.009999999776482582,12400,120.57243728637695,0.0003,-296.11456298828125,,,
20.0,19.68526184,0.0,25,287,7281,652,0.0,0.0,0.009999999776482582,12560,105.2645034790039,0.0003,-295.412841796875,,,
20.0,19.72213022,0.0,25,290,7361,656,0.0,0.0,0.009999999776482582,12720,124.30489349365234,0.0003,-296.2146759033203,,,
20.0,19.27310406,0.0,25,293,7441,660,0.0,0.0,0.009999999776482582,12880,119.08712005615234,0.0003,-296.08094787597656,,,
20.0,19.695420749999997,0.0,25,297,7521,664,0.0,0.0,0.009999999776482582,13040,124.71602630615234,0.0003,-297.71311950683594,,,
20.0,19.15936063,0.0,25,300,7601,668,0.0,0.0,0.009999999776482582,13200,128.67734146118164,0.0003,-300.82757568359375,,,
20.0,20.10621177,0.0,25,303,7681,672,0.0,0.0,0.009999999776482582,13360,120.75617599487305,0.0003,-299.25938415527344,,,
20.0,21.68525564,0.0,25,307,7761,676,0.0,0.0,0.009999999776482582,13520,102.81965255737305,0.0003,-301.0518493652344,,,
20.0,23.301291760000005,0.0,25,310,7841,680,0.0,0.0,0.009999999776482582,13680,120.03224182128906,0.0003,-302.9135284423828,,,
20.0,24.4115345,0.0,25,312,7921,684,0.0,0.0,0.009999999776482582,13840,167.43035888671875,0.0003,-304.40484619140625,,,
20.0,25.820676439999996,0.0,24,322,8001,688,0.0,0.0,0.009999999776482582,14000,105.80135917663574,0.0003,-305.81640625,0.0,20.0,11.087315734010811
20.0,27.01282661,0.0,24,325,8081,692,0.0,0.0,0.009999999776482582,14160,88.45552444458008,0.0003,-307.5297546386719,,,
20.0,28.38220973,0.0,24,328,8161,696,0.0,0.0,0.009999999776482582,14320,104.57379150390625,0.0003,-311.35569763183594,,,
20.0,29.986024290000003,0.0,24,332,8241,700,0.0,0.0,0.009999999776482582,14480,112.42171478271484,0.0003,-309.2020721435547,,,
20.0,31.550730380000005,0.0,24,335,8321,704,0.0,0.0,0.009999999776482582,14640,113.6082878112793,0.0003,-310.08705139160156,,,
20.0,33.212985550000006,0.0,24,339,8401,708,0.0,0.0,0.009999999776482582,14800,94.46118927001953,0.0003,-313.6101837158203,,,
20.0,34.560444200000006,0.0,24,342,8481,712,0.0,0.0,0.009999999776482582,14960,120.33663940429688,0.0003,-315.20689392089844,,,
20.0,34.01103231,0.0,24,346,8561,716,0.0,0.0,0.009999999776482582,15120,147.5473861694336,0.0003,-315.3498992919922,,,
20.0,34.33139369,0.0,24,349,8641,720,0.0,0.0,0.009999999776482582,15280,184.8448486328125,0.0003,-315.46702575683594,,,
20.0,34.622877450000004,0.0,24,353,8721,724,0.0,0.0,0.009999999776482582,15440,137.48207092285156,0.0003,-318.6288146972656,,,
20.0,34.93652173,0.0,24,356,8801,728,0.0,0.0,0.009999999776482582,15600,155.42791748046875,0.0003,-319.45506286621094,,,
20.0,35.007594059999995,0.0,24,359,8881,732,0.0,0.0,0.009999999776482582,15760,184.00233459472656,0.0003,-320.39015197753906,,,
20.0,35.38586785,0.0,24,362,8961,736,0.0,0.0,0.009999999776482582,15920,115.07125473022461,0.0003,-323.59828186035156,,,
20.0,35.333891109999996,0.0,24,366,9041,740,0.0,0.0,0.009999999776482582,16080,122.52544784545898,0.0003,-324.05499267578125,,,
20.0,35.32668296,0.0,24,369,9121,744,0.0,0.0,0.009999999776482582,16240,134.34554290771484,0.0003,-323.95265197753906,,,
20.0,35.258505910000004,0.0,24,372,9201,748,0.0,0.0,0.009999999776482582,16400,220.72662734985352,0.0003,-324.20420837402344,,,
20.0,34.24650795,0.0,24,375,9281,752,0.0,0.0,0.009999999776482582,16560,133.0908432006836,0.0003,-327.8480987548828,,,
20.0,34.19343687,0.0,24,378,9361,756,0.0,0.0,0.009999999776482582,16720,184.85906219482422,0.0003,-327.5048065185547,,,
20.0,34.72798056,0.0,24,382,9441,760,0.0,0.0,0.009999999776482582,16880,129.2635040283203,0.0003,-328.8557434082031,,,
20.0,33.80082941,0.0,24,385,9521,764,0.0,0.0,0.009999999776482582,17040,92.81201553344727,0.0003,-328.7150115966797,,,
20.0,34.32565126,0.0,24,388,9601,768,0.0,0.0,0.009999999776482582,17200,120.54924011230469,0.0003,-332.3435821533203,,,
20.0,34.23693294,0.0,24,391,9681,772,0.0,0.0,0.009999999776482582,17360,184.17841339111328,0.0003,-331.8770294189453,,,
20.0,34.28270209,0.0,24,394,9761,776,0.0,0.0,0.009999999776482582,17520,151.20954132080078,0.0003,-332.2807922363281,,,
20.0,34.28270209,0.0,24,397,9841,780,0.0,0.0,0.009999999776482582,17680,152.25184631347656,0.0003,-333.95811462402344,,,
20.0,33.608937329999996,0.0,24,400,9921,784,0.0,0.0,0.009999999776482582,17840,104.11044311523438,0.0003,-341.2588348388672,,,
20.0,31.997188689999994,0.0,24,410,10001,788,0.0,0.0,0.009999999776482582,18000,117.32403182983398,0.0003,-343.6632843017578,0.0,20.0,-3.7149457325110795
20.0,30.732872440000005,0.0,24,414,10081,792,0.0,0.0,0.009999999776482582,18160,172.07359313964844,0.0003,-343.4009552001953,,,
20.0,29.51452469,0.0,24,417,10161,796,0.0,0.0,0.009999999776482582,18320,179.44590759277344,0.0003,-343.0140075683594,,,
20.0,28.00495863,0.0,24,420,10241,800,0.0,0.0,0.009999999776482582,18480,124.54483032226562,0.0003,-342.39463806152344,,,
20.0,26.43094893,0.0,24,423,10321,804,0.0,0.0,0.009999999776482582,18640,198.5046844482422,0.0003,-341.590087890625,,,
20.0,24.89445786,0.0,24,427,10401,808,0.0,0.0,0.009999999776482582,18800,91.5139274597168,0.0003,-343.4441833496094,,,
20.0,23.21458029,0.0,24,430,10481,812,0.0,0.0,0.009999999776482582,18960,134.47933959960938,0.0003,-340.98046875,,,
20.0,22.03783988,0.0,24,433,10561,816,0.0,0.0,0.009999999776482582,19120,201.63819885253906,0.0003,-342.19801330566406,,,
20.0,21.046108359999998,0.0,24,436,10641,820,0.0,0.0,0.009999999776482582,19280,116.17300415039062,0.0003,-340.7443389892578,,,
20.0,19.79914923,0.0,24,440,10721,824,0.0,0.0,0.009999999776482582,19440,132.0535430908203,0.0003,-339.2844696044922,,,
20.0,18.06474468,0.0,24,443,10801,828,0.0,0.0,0.009999999776482582,19600,151.98360443115234,0.0003,-338.56031799316406,,,
20.0,16.89483597,0.0,24,446,10881,832,0.0,0.0,0.009999999776482582,19760,74.92205810546875,0.0003,-335.6210174560547,,,
20.0,16.16170433,0.0,24,450,10961,836,0.0,0.0,0.009999999776482582,19920,107.23444366455078,0.0003,-335.5873718261719,,,
20.0,15.30461649,0.0,24,453,11041,840,0.0,0.0,0.009999999776482582,20080,88.88648223876953,0.0003,-335.33616638183594,,,
20.0,14.124295589999997,0.0,24,456,11121,844,0.0,0.0,0.009999999776482582,20240,117.23028564453125,0.0003,-334.4038391113281,,,
20.0,13.296380640000002,0.0,24,460,11201,848,0.0,0.0,0.009999999776482582,20400,84.06131744384766,0.0003,-332.5874938964844,,,
20.0,13.15366222,0.0,24,463,11281,852,0.0,0.0,0.009999999776482582,20560,120.56501007080078,0.0003,-331.9787139892578,,,
20.0,12.245251119999999,0.0,24,467,11361,856,0.0,0.0,0.009999999776482582,20720,86.21356201171875,0.0003,-332.4585876464844,,,
20.0,11.32369727,0.0,24,470,11441,860,0.0,0.0,0.009999999776482582,20880,55.27474784851074,0.0003,-328.1893310546875,,,
20.0,11.35575771,0.0,24,473,11521,864,0.0,0.0,0.009999999776482582,21040,94.29729080200195,0.0003,-329.8005065917969,,,
20.0,10.42025997,0.0,24,477,11601,868,0.0,0.0,0.009999999776482582,21200,123.10533905029297,0.0003,-328.34913635253906,,,
20.0,9.726077230000001,0.0,24,480,11681,872,0.0,0.0,0.009999999776482582,21360,81.15483856201172,0.0003,-325.8471984863281,,,
20.0,8.980733180000001,0.0,24,484,11761,876,0.0,0.0,0.009999999776482582,21520,109.5783462524414,0.0003,-325.2594451904297,,,
20.0,7.4423232200000005,0.0,24,487,11841,880,0.0,0.0,0.009999999776482582,21680,63.839111328125,0.0003,-324.3942565917969,,,
20.0,7.23708515,0.0,24,490,11921,884,0.0,0.0,0.009999999776482582,21840,83.20829391479492,0.0003,-324.8911590576172,,,
20.0,8.02523388,0.0,24,499,12001,888,0.0,0.0,0.009999999776482582,22000,87.37821960449219,0.0003,-325.4283447265625,0.0,20.0,10.319100367591139
20.0,9.320832460000002,0.0,24,502,12081,892,0.0,0.0,0.009999999776482582,22160,58.01183891296387,0.0003,-325.77049255371094,,,
20.0,10.096674179999999,0.0,24,505,12161,896,0.0,0.0,0.009999999776482582,22320,112.5691909790039,0.0003,-324.6825256347656,,,
20.0,11.385262149999999,0.0,24,508,12241,900,0.0,0.0,0.009999999776482582,22480,87.27727508544922,0.0003,-325.72816467285156,,,
20.0,12.922265730000001,0.0,24,511,12321,904,0.0,0.0,0.009999999776482582,22640,82.01381301879883,0.0003,-323.4095153808594,,,
20.0,14.534000530000004,0.0,24,515,12401,908,0.0,0.0,0.009999999776482582,22800,90.0991096496582,0.0003,-327.33616638183594,,,
20.0,16.2859484,0.0,24,518,12481,912,0.0,0.0,0.009999999776482582,22960,72.73937225341797,0.0003,-326.20440673828125,,,
20.0,18.049583839999997,0.0,24,521,12561,916,0.0,0.0,0.009999999776482582,23120,119.84225463867188,0.0003,-327.53565979003906,,,
20.0,20.01605934,0.0,24,524,12641,920,0.0,0.0,0.009999999776482582,23280,95.66204452514648,0.0003,-328.1212615966797,,,
20.0,21.476642860000002,0.0,24,527,12721,924,0.0,0.0,0.009999999776482582,23440,53.05190849304199,0.0003,-326.2419891357422,,,
20.0,23.02363588,0.0,24,530,12801,928,0.0,0.0,0.009999999776482582,23600,90.08413314819336,0.0003,-330.0673828125,,,
20.0,24.40121382,0.0,24,533,12881,932,0.0,0.0,0.009999999776482582,23760,82.73885345458984,0.0003,-330.59584045410156,,,
20.0,24.708145350000006,0.0,24,536,12961,936,0.0,0.0,0.009999999776482582,23920,66.27795219421387,0.0003,-330.4416198730469,,,
20.0,26.54049332,0.0,24,539,13041,940,0.0,0.0,0.009999999776482582,24080,93.95538330078125,0.0003,-327.62640380859375,,,
20.0,28.467893590000003,0.0,24,543,13121,944,0.0,0.0,0.009999999776482582,24240,115.87454223632812,0.0003,-331.11029052734375,,,
20.0,29.997427369999997,0.0,24,546,13201,948,0.0,0.0,0.009999999776482582,24400,56.6613883972168,0.0003,-328.82171630859375,,,
20.0,31.330739180000005,0.0,24,549,13281,952,0.0,0.0,0.009999999776482582,24560,102.8282241821289,0.0003,-330.2441711425781,,,
20.0,31.878774559999997,0.0,24,551,13361,956,0.0,0.0,0.009999999776482582,24720,90.46296310424805,0.0003,-329.56951904296875,,,
20.0,32.88003644,0.0,24,555,13441,960,0.0,0.0,0.009999999776482582,24880,54.83147621154785,0.0003,-328.6390838623047,,,
20.0,34.01318909,0.0,24,558,13521,964,0.0,0.0,0.009999999776482582,25040,87.04641342163086,0.0003,-326.715576171875,,,
20.0,34.60809461,0.0,24,561,13601,968,0.0,0.0,0.009999999776482582,25200,52.07143211364746,0.0003,-329.2986145019531,,,
20.0,35.6226484,0.0,24,565,13681,972,0.0,0.0,0.009999999776482582,25360,96.22666931152344,0.0003,-328.6162109375,,,
20.0,36.788464770000004,0.0,24,568,13761,976,0.0,0.0,0.009999999776482582,25520,102.59078979492188,0.0003,-326.72503662109375,,,
20.0,38.91086826,0.0,24,572,13841,980,0.0,0.0,0.009999999776482582,25680,101.12652587890625,0.0003,-328.3085479736328,,,
20.0,40.53417096,0.0,24,575,13921,984,0.0,0.0,0.009999999776482582,25840,91.39673233032227,0.0003,-327.3069610595703,,,
20.0,41.64023998999999,0.0,23,586,14001,988,0.0,0.0,0.009999999776482582,26000,117.38356399536133,0.0003,-328.7073211669922,0.0,20.0,37.360298481000875
20.0,41.81518421,0.0,23,589,14081,992,0.0,0.0,0.009999999776482582,26160,90.4511489868164,0.0003,-325.9049072265625,,,
20.0,42.862433929999995,0.0,23,593,14161,996,0.0,0.0,0.009999999776482582,26320,89.08087348937988,0.0003,-326.5294647216797,,,
20.0,43.48798279,0.0,23,596,14241,1000,0.0,0.0,0.009999999776482582,26480,79.87153816223145,0.0003,-326.13133239746094,,,
20.0,43.82165247,0.0,23,600,14321,1004,0.0,0.0,0.009999999776482582,26640,66.53963470458984,0.0003,-325.8375549316406,,,
20.0,44.090669940000005,0.0,23,603,14401,1008,0.0,0.0,0.009999999776482582,26800,121.26507949829102,0.0003,-324.33770751953125,,,
20.0,44.69364880999999,0.0,23,606,14481,1012,0.0,0.0,0.009999999776482582,26960,99.7318115234375,0.0003,-324.80194091796875,,,
20.0,44.84782499999999,0.0,23,610,14561,1016,0.0,0.0,0.009999999776482582,27120,57.612735748291016,0.0003,-323.34971618652344,,,
20.0,44.6941796,0.0,23,613,14641,1020,0.0,0.0,0.009999999776482582,27280,85.09728240966797,0.0003,-323.06016540527344,,,
20.0,44.76554967999999,0.0,23,617,14721,1024,0.0,0.0,0.009999999776482582,27440,114.11119842529297,0.0003,-321.5550994873047,,,
20.0,45.09403106000001,0.0,23,620,14801,1028,0.0,0.0,0.009999999776482582,27600,101.97589111328125,0.0003,-321.89837646484375,,,
20.0,45.157012449999996,0.0,23,623,14881,1032,0.0,0.0,0.009999999776482582,27760,107.53455352783203,0.0003,-319.7278594970703,,,
20.0,46.361353769999994,0.0,23,627,14961,1036,0.0,0.0,0.009999999776482582,27920,92.95283699035645,0.0003,-321.5921173095703,,,
20.0,46.124022479999994,0.0,23,630,15041,1040,0.0,0.0,0.009999999776482582,28080,52.428914070129395,0.0003,-319.8316345214844,,,
19.95,47.568280529999996,0.0,23,633,15116,1044,0.0,0.01,0.009999999776482582,28230,114.02845764160156,0.0003,-319.82489013671875,,,
19.95,47.59421992999999,0.0,23,636,15196,1048,0.0,0.01,0.009999999776482582,28390,43.051520347595215,0.0003,-317.9623718261719,,,
19.95,47.91710828000001,0.0,23,639,15276,1052,0.0,0.01,0.009999999776482582,28550,96.9076156616211,0.0003,-317.7704620361328,,,
19.95,48.53115961000001,0.0,23,643,15356,1056,0.0,0.01,0.009999999776482582,28710,82.31781005859375,0.0003,-316.3019104003906,,,
19.95,48.62971787999999,0.0,23,646,15436,1060,0.0,0.01,0.009999999776482582,28870,87.77844619750977,0.0003,-315.1595001220703,,,
19.95,48.705015599999996,0.0,23,650,15516,1064,0.0,0.01,0.009999999776482582,29030,92.76805877685547,0.0003,-314.59596252441406,,,
19.95,48.10910712,0.0,23,653,15596,1068,0.0,0.01,0.009999999776482582,29190,64.26614761352539,0.0003,-316.30091857910156,,,
19.95,47.8929508,0.0,23,657,15676,1072,0.0,0.01,0.009999999776482582,29350,37.538002490997314,0.0003,-317.2932434082031,,,
19.95,47.33937715,0.0,23,660,15756,1076,0.0,0.01,0.009999999776482582,29510,43.40421009063721,0.0003,-316.41778564453125,,,
19.95,46.77483395,0.0,23,664,15836,1080,0.0,0.01,0.009999999776482582,29670,57.11140060424805,0.0003,-316.1546630859375,,,
19.95,46.54586818,0.0,23,668,15916,1084,0.0,0.01,0.009999999776482582,29830,84.10199356079102,0.0003,-316.75244140625,,,
19.95,46.46175496,0.0,23,671,15996,1088,0.0,0.01,0.009999999776482582,29990,94.8530387878418,0.0003,-314.83905029296875,,,
19.85,48.1780945,0.0,23,680,16066,1092,0.0,0.02,0.009999999776482582,30130,94.77009010314941,0.0003,-315.48240661621094,0.0,20.0,37.264137960360536
19.73,49.2992021,0.0,23,683,16134,1096,0.0,0.03,0.009999999776482582,30266,96.69974517822266,0.0003,-313.9955596923828,,,
19.73,48.937730409999986,0.0,23,687,16214,1100,0.0,0.03,0.009999999776482582,30426,150.05501556396484,0.0003,-313.4732360839844,,,
19.62,51.228373530000006,0.0,23,690,16283,1104,0.0,0.04,0.009999999776482582,30564,30.06601619720459,0.0003,-313.8522644042969,,,
19.62,50.42060387000001,0.0,23,693,16363,1108,0.0,0.04,0.009999999776482582,30724,69.9183177947998,0.0003,-316.5792236328125,,,
19.62,49.80222815000001,0.0,23,696,16443,1112,0.0,0.04,0.009999999776482582,30884,62.56569290161133,0.0003,-313.2003631591797,,,
19.62,49.88139047999999,0.0,23,700,16523,1116,0.0,0.04,0.009999999776482582,31044,113.03348159790039,0.0003,-313.6138153076172,,,
19.62,49.661743560000005,0.0,23,703,16603,1120,0.0,0.04,0.009999999776482582,31204,85.4833869934082,0.0003,-312.5822448730469,,,
19.51,51.815899120000005,0.0,23,706,16672,1124,0.0,0.05,0.009999999776482582,31342,86.55107879638672,0.0003,-314.6410675048828,,,
19.42,55.96137242999999,0.0,23,709,16743,1128,0.0,0.07,0.009999999776482582,31484,60.29627227783203,0.0003,-313.8546447753906,,,
19.42,56.26147167999999,0.0,23,712,16823,1132,0.0,0.07,0.009999999776482582,31644,138.1766357421875,0.0003,-315.5701141357422,,,
19.4,58.29732664,0.0,23,716,16901,1136,0.0,0.08,0.009999999776482582,31800,51.86439895629883,0.0003,-314.56744384765625,,,
19.4,58.05974568,0.0,23,719,16981,1140,0.0,0.08,0.009999999776482582,31960,131.22259140014648,0.0003,-316.48394775390625,,,
19.45,56.080122810000006,0.0,23,722,17061,1144,0.0,0.07,0.009999999776482582,32120,107.07746887207031,0.0003,-315.4845886230469,,,
19.45,55.35936771000001,0.0,23,725,17141,1148,0.0,0.07,0.009999999776482582,32280,85.53498077392578,0.0003,-317.89573669433594,,,
19.45,54.30506750000001,0.0,23,729,17221,1152,0.0,0.07,0.009999999776482582,32440,67.47823333740234,0.0003,-317.2109832763672,,,
19.45,54.73549656000001,0.0,23,732,17301,1156,0.0,0.07,0.009999999776482582,32600,87.62591934204102,0.0003,-319.23194885253906,,,
19.45,54.67111965,0.0,23,735,17381,1160,0.0,0.07,0.009999999776482582,32760,95.75539779663086,0.0003,-320.5374755859375,,,
19.45,55.0193339,0.0,23,739,17461,1164,0.0,0.07,0.009999999776482582,32920,72.71031951904297,0.0003,-319.7394256591797,,,
19.45,55.88848127,0.0,23,742,17541,1168,0.0,0.07,0.009999999776482582,33080,45.68279266357422,0.0003,-320.165771484375,,,
19.45,55.88272559,0.0,23,746,17621,1172,0.0,0.07,0.009999999776482582,33240,49.33858108520508,0.0003,-318.94329833984375,,,
19.45,56.016036269999994,0.0,23,749,17701,1176,0.0,0.07,0.009999999776482582,33400,71.62184143066406,0.0003,-321.0127868652344,,,
19.45,55.96276551000001,0.0,23,752,17781,1180,0.0,0.07,0.009999999776482582,33560,56.09139060974121,0.0003,-318.2949676513672,,,
19.45,55.952167120000006,0.0,23,756,17861,1184,0.0,0.07,0.009999999776482582,33720,52.01495361328125,0.0003,-321.90150451660156,,,
19.45,55.63431202999999,0.0,23,759,17941,1188,0.0,0.07,0.009999999776482582,33880,83.15998840332031,0.0003,-321.7107238769531,,,
19.55,53.78004471,1.0,23,769,18021,1192,0.15,0.06,0.009999999776482582,34040,56.74699592590332,0.0003,-318.20472717285156,0.0,20.0,41.906509389383906
19.67,52.416372179999996,1.0,23,772,18101,1196,0.15,0.05,0.009999999776482582,34200,91.90776443481445,0.0003,-321.7872619628906,,,
19.67,52.40663237,1.0,23,776,18181,1200,0.15,0.05,0.009999999776482582,34360,46.220205307006836,0.0003,-320.9537658691406,,,
19.78,49.895444879999985,1.0,23,779,18261,1204,0.15,0.04,0.009999999776482582,34520,77.38273239135742,0.0003,-319.41273498535156,,,
19.78,50.423383439999995,1.0,23,783,18341,1208,0.15,0.04,0.009999999776482582,34680,98.85472106933594,0.0003,-320.378173828125,,,
19.78,50.432096890000004,1.0,23,786,18421,1212,0.15,0.04,0.009999999776482582,34840,47.339263916015625,0.0003,-322.96722412109375,,,
19.78,49.66976423,1.0,23,789,18501,1216,0.15,0.04,0.009999999776482582,35000,46.09128475189209,0.0003,-322.7686309814453,,,
19.78,49.12210869,1.0,23,793,18581,1220,0.15,0.04,0.009999999776482582,35160,181.6755256652832,0.0003,-321.7515411376953,,,
19.89,46.79214870999999,1.0,23,796,18661,1224,0.15,0.03,0.009999999776482582,35320,29.34091567993164,0.0003,-322.6784210205078,,,
19.98,41.915148529999996,1.0,23,799,18741,1228,0.15,0.01,0.009999999776482582,35480,79.25575637817383,0.0003,-322.6110382080078,,,
19.98,41.38803107,1.0,23,803,18821,1232,0.15,0.01,0.009999999776482582,35640,52.836456298828125,0.0003,-326.61883544921875,,,
20.0,38.15434674,1.0,23,806,18901,1236,0.15,0.0,0.009999999776482582,35800,90.23062515258789,0.0003,-323.81298828125,,,
20.0,38.19056581,1.0,23,809,18981,1240,0.15,0.0,0.009999999776482582,35960,59.35700225830078,0.0003,-325.5273742675781,,,
20.0,38.00324871,1.0,23,812,19061,1244,0.15,0.0,0.009999999776482582,36120,128.1928482055664,0.0003,-321.66065979003906,,,
20.0,38.87575211,1.0,23,815,19141,1248,0.15,0.0,0.009999999776482582,36280,88.81474685668945,0.0003,-325.2864685058594,,,
19.83,41.17830669,1.0,23,818,19204,1252,0.15,0.01,0.009999999776482582,36406,82.40360260009766,0.0003,-324.02967834472656,,,
19.83,40.53295536,1.0,23,821,19284,1256,0.15,0.01,0.009999999776482582,36566,72.58965682983398,0.0003,-325.5650177001953,,,
19.83,40.881231240000005,1.0,23,825,19364,1260,0.15,0.01,0.009999999776482582,36726,73.507080078125,0.0003,-324.83644104003906,,,
19.83,40.46889882,1.0,23,828,19444,1264,0.15,0.01,0.009999999776482582,36886,49.898118019104004,0.0003,-325.0714874267578,,,
19.83,40.4045933,1.0,23,832,19524,1268,0.15,0.01,0.009999999776482582,37046,106.19460678100586,0.0003,-326.61598205566406,,,
19.82,42.282615830000005,1.0,23,835,19603,1272,0.15,0.02,0.009999999776482582,37204,59.92612075805664,0.0003,-325.6467742919922,,,
19.82,42.28240648,1.0,23,839,19683,1276,0.15,0.02,0.009999999776482582,37364,46.83321762084961,0.0003,-326.75054931640625,,,
19.82,42.31622691,1.0,23,842,19763,1280,0.15,0.02,0.009999999776482582,37524,136.31863403320312,0.0003,-326.9890594482422,,,
19.82,42.30184295,1.0,23,846,19843,1284,0.15,0.02,0.009999999776482582,37684,36.606733322143555,0.0003,-328.67799377441406,,,
19.82,42.422697480000004,1.0,23,849,19923,1288,0.15,0.02,0.009999999776482582,37844,96.84320068359375,0.0003,-328.2781982421875,,,
19.82,42.83027845000001,1.0,23,860,20003,1292,0.15,0.02,0.009999999776482582,38004,69.40542602539062,0.0003,-326.91932678222656,0.0,20.0,39.30620875108892
19.82,42.77236512,1.0,23,863,20083,1296,0.15,0.02,0.009999999776482582,38164,125.25618743896484,0.0003,-327.8275604248047,,,
19.82,43.135983800000005,1.0,23,867,20163,1300,0.15,0.02,0.009999999776482582,38324,50.51527404785156,0.0003,-328.68360900878906,,,
19.82,43.05986461,1.0,23,870,20243,1304,0.15,0.02,0.009999999776482582,38484,102.34112548828125,0.0003,-327.7666015625,,,
19.82,42.55256345,1.0,23,874,20323,1308,0.15,0.02,0.009999999776482582,38644,65.5351448059082,0.0003,-327.50889587402344,,,
19.82,42.90543353,1.0,23,877,20403,1312,0.15,0.02,0.009999999776482582,38804,58.753658294677734,0.0003,-329.0849151611328,,,
19.82,42.409995660000014,1.0,23,881,20483,1316,0.15,0.02,0.009999999776482582,38964,78.36725997924805,0.0003,-327.84381103515625,,,
19.82,43.187459710000006,1.0,23,884,20563,1320,0.15,0.02,0.009999999776482582,39124,45.163394927978516,0.0003,-326.3474426269531,,,
19.82,42.659049519999996,1.0,23,888,20643,1324,0.15,0.02,0.009999999776482582,39284,58.37892150878906,0.0003,-327.3204040527344,,,
19.82,42.63310727,1.0,23,891,20723,1328,0.15,0.02,0.009999999776482582,39444,54.886322021484375,0.0003,-326.3359069824219,,,
19.82,42.42723856999999,1.0,23,895,20803,1332,0.15,0.02,0.009999999776482582,39604,126.00648498535156,0.0003,-327.86009216308594,,,
19.82,42.80874094000001,1.0,23,898,20883,1336,0.15,0.02,0.009999999776482582,39764,45.91932678222656,0.0003,-328.18128967285156,,,
19.82,42.76883200000001,1.0,23,902,20963,1340,0.15,0.02,0.009999999776482582,39924,82.1487808227539,0.0003,-328.40345764160156,,,
19.82,42.75117226000001,1.0,23,905,21043,1344,0.15,0.02,0.009999999776482582,40084,83.20332336425781,0.0003,-328.56866455078125,,,
19.82,42.41782671,1.0,23,909,21123,1348,0.15,0.02,0.009999999776482582,40244,84.03911590576172,0.0003,-328.72857666015625,,,
19.99,41.32787319,1.0,23,912,21203,1352,0.15,0.01,0.009999999776482582,40404,44.27192687988281,0.0003,-329.9601287841797,,,
19.99,40.888525339999994,1.0,23,916,21283,1356,0.15,0.01,0.009999999776482582,40564,56.011329650878906,0.0003,-328.3758239746094,,,
19.99,40.43092658999999,1.0,23,919,21363,1360,0.15,0.01,0.009999999776482582,40724,103.90900039672852,0.0003,-326.93951416015625,,,
19.99,40.3044832,1.0,23,922,21443,1364,0.15,0.01,0.009999999776482582,40884,99.66504287719727,0.0003,-327.7844696044922,,,
19.99,39.51763721,1.0,23,926,21523,1368,0.15,0.01,0.009999999776482582,41044,43.772804260253906,0.0003,-328.38880920410156,,,
20.0,37.89898909,1.0,23,929,21603,1372,0.15,0.0,0.009999999776482582,41204,68.85077667236328,0.0003,-328.5026397705078,,,
20.0,37.896598839999996,1.0,23,932,21683,1376,0.15,0.0,0.009999999776482582,41364,61.900434494018555,0.0003,-330.6486511230469,,,
20.0,38.650459999999995,1.0,23,935,21763,1380,0.15,0.0,0.009999999776482582,41524,43.43236541748047,0.0003,-331.1174774169922,,,
20.0,39.628546979999996,1.0,23,939,21843,1384,0.15,0.0,0.009999999776482582,41684,72.2335147857666,0.0003,-330.63768005371094,,,
20.0,40.39071288,1.0,23,942,21923,1388,0.15,0.0,0.009999999776482582,41844,69.47465133666992,0.0003,-331.79441833496094,,,
20.0,40.84157859,1.0,23,951,22003,1392,0.15,0.0,0.009999999776482582,42004,46.69688034057617,0.0003,-335.1592102050781,0.0,20.0,54.46231172564866
20.0,40.79832775,1.0,23,955,22083,1396,0.15,0.0,0.009999999776482582,42164,60.2620735168457,0.0003,-332.38108825683594,,,
20.0,41.42554137,1.0,23,958,22163,1400,0.15,0.0,0.009999999776482582,42324,89.71403503417969,0.0003,-332.80621337890625,,,
20.0,42.30095622000001,1.0,23,961,22243,1404,0.15,0.0,0.009999999776482582,42484,53.20867919921875,0.0003,-332.91978454589844,,,
20.0,44.18478515999999,1.0,23,965,22323,1408,0.15,0.0,0.009999999776482582,42644,70.37460327148438,0.0003,-335.07672119140625,,,
20.0,43.37774136,1.0,23,968,22403,1412,0.15,0.0,0.009999999776482582,42804,39.92704963684082,0.0003,-337.47117614746094,,,
20.0,45.578314989999996,1.0,23,971,22483,1416,0.15,0.0,0.009999999776482582,42964,72.4720344543457,0.0003,-332.66729736328125,,,
20.0,45.51465549,1.0,23,974,22563,1420,0.15,0.0,0.009999999776482582,43124,56.73625564575195,0.0003,-333.62278747558594,,,
20.0,46.61763583,1.0,23,977,22643,1424,0.15,0.0,0.009999999776482582,43284,89.35979461669922,0.0003,-336.1936798095703,,,
20.0,47.65436023,1.0,23,980,22723,1428,0.15,0.0,0.009999999776482582,43444,43.312387466430664,0.0003,-335.7809143066406,,,
20.0,48.094601710000006,1.0,23,984,22803,1432,0.15,0.0,0.009999999776482582,43604,67.78955841064453,0.0003,-338.2759246826172,,,
20.0,49.5866733,1.0,23,987,22883,1436,0.15,0.0,0.009999999776482582,43764,68.56614303588867,0.0003,-337.16966247558594,,,
20.0,49.75633092,1.0,23,990,22963,1440,0.15,0.0,0.009999999776482582,43924,115.71086502075195,0.0003,-337.86891174316406,,,
20.0,49.677647029999996,1.0,23,994,23043,1444,0.15,0.0,0.009999999776482582,44084,118.33612060546875,0.0003,-337.30409240722656,,,
20.0,49.63717729999999,1.0,23,997,23123,1448,0.15,0.0,0.009999999776482582,44244,69.51927185058594,0.0003,-335.73280334472656,,,
20.0,49.699854880000004,1.0,23,1000,23203,1452,0.15,0.0,0.009999999776482582,44404,112.70790481567383,0.0003,-337.4618225097656,,,
20.0,50.196110520000005,1.0,23,1004,23283,1456,0.15,0.0,0.009999999776482582,44564,50.72980499267578,0.0003,-334.1448211669922,,,
20.0,51.014209599999994,1.0,23,1007,23363,1460,0.15,0.0,0.009999999776482582,44724,111.015869140625,0.0003,-339.5884094238281,,,
20.0,50.64226614000001,1.0,23,1010,23443,1464,0.15,0.0,0.009999999776482582,44884,53.54518127441406,0.0003,-338.9087371826172,,,
20.0,51.343352970000005,1.0,23,1013,23523,1468,0.15,0.0,0.009999999776482582,45044,77.40433502197266,0.0003,-337.91925048828125,,,
20.0,51.42950535000001,1.0,23,1017,23603,1472,0.15,0.0,0.009999999776482582,45204,118.03369522094727,0.0003,-337.41770935058594,,,
20.0,51.64165546000001,1.0,23,1020,23683,1476,0.15,0.0,0.009999999776482582,45364,185.16226959228516,0.0003,-335.924560546875,,,
20.0,51.77159083000001,1.0,23,1023,23763,1480,0.15,0.0,0.009999999776482582,45524,39.86805820465088,0.0003,-337.7805480957031,,,
20.0,51.55036473,1.0,23,1027,23843,1484,0.15,0.0,0.009999999776482582,45684,163.13858795166016,0.0003,-336.8934020996094,,,
20.0,50.49829853,1.0,23,1030,23923,1488,0.15,0.0,0.009999999776482582,45844,91.92557144165039,0.0003,-338.66380310058594,,,
20.0,51.21402779,1.0,23,1039,24003,1492,0.15,0.0,0.009999999776482582,46004,114.77645874023438,0.0003,-339.82383728027344,0.05,19.55,81.63979038402172
20.0,53.539029469999996,1.0,23,1042,24083,1496,0.15,0.0,0.009999999776482582,46164,61.37541198730469,0.0003,-338.73687744140625,,,
20.0,53.46574654000001,1.0,23,1045,24163,1500,0.15,0.0,0.009999999776482582,46324,93.39577865600586,0.0003,-340.710205078125,,,
20.0,53.89618813,1.0,23,1048,24243,1504,0.15,0.0,0.009999999776482582,46484,62.47431564331055,0.0003,-345.13609313964844,,,
20.0,54.275053879999994,1.0,23,1051,24323,1508,0.15,0.0,0.009999999776482582,46644,83.22299575805664,0.0003,-341.193359375,,,
20.0,56.83794296999999,1.0,23,1055,24403,1512,0.15,0.0,0.009999999776482582,46804,81.30072021484375,0.0003,-345.55418395996094,,,
20.0,57.70076279,1.0,23,1057,24483,1516,0.15,0.0,0.009999999776482582,46964,35.128238677978516,0.0003,-341.9410095214844,,,
20.0,59.622840050000015,1.0,23,1060,24563,1520,0.15,0.0,0.009999999776482582,47124,136.00320434570312,0.0003,-345.33213806152344,,,
20.0,60.8182635,1.0,23,1063,24643,1524,0.15,0.0,0.009999999776482582,47284,84.14763259887695,0.0003,-346.6287536621094,,,
20.0,61.81001212000001,1.0,23,1065,24723,1528,0.15,0.0,0.009999999776482582,47444,142.16780853271484,0.0003,-349.7120361328125,,,
20.0,62.80576931,1.0,23,1068,24803,1532,0.15,0.0,0.009999999776482582,47604,105.24495315551758,0.0003,-349.62232971191406,,,
20.0,62.62902936,1.0,23,1070,24883,1536,0.15,0.0,0.009999999776482582,47764,63.146427154541016,0.0003,-348.8948669433594,,,
20.0,63.33135781,1.0,23,1073,24963,1540,0.15,0.0,0.009999999776482582,47924,77.62582015991211,0.0003,-351.9224090576172,,,
20.0,64.85127603,1.0,23,1076,25043,1544,0.15,0.0,0.009999999776482582,48084,111.69101524353027,0.0003,-356.2418670654297,,,
20.0,65.62250632,1.0,23,1078,25123,1548,0.15,0.0,0.009999999776482582,48244,52.985697746276855,0.0003,-355.2257385253906,,,
20.0,65.86892850999999,1.0,23,1081,25203,1552,0.15,0.0,0.009999999776482582,48404,146.5955810546875,0.0003,-356.4933624267578,,,
20.0,66.43925968,1.0,23,1084,25283,1556,0.15,0.0,0.009999999776482582,48564,77.7481575012207,0.0003,-354.6383361816406,,,
20.0,66.49836538,1.0,23,1086,25363,1560,0.15,0.0,0.009999999776482582,48724,117.40700912475586,0.0003,-357.5971984863281,,,
19.93,69.19498118000001,1.0,23,1089,25436,1564,0.15,0.01,0.009999999776482582,48870,187.5193328857422,0.0003,-356.1512145996094,,,
19.93,70.15695475000001,1.0,23,1091,25516,1568,0.15,0.01,0.009999999776482582,49030,80.39176559448242,0.0003,-360.34266662597656,,,
19.93,70.03000876000002,1.0,23,1094,25596,1572,0.15,0.01,0.009999999776482582,49190,89.41813278198242,0.0003,-357.03680419921875,,,
19.93,70.84112723000001,1.0,23,1096,25676,1576,0.15,0.01,0.009999999776482582,49350,130.8784637451172,0.0003,-360.31959533691406,,,
19.93,70.5550632,1.0,23,1099,25756,1580,0.15,0.01,0.009999999776482582,49510,120.00408935546875,0.0003,-362.74974060058594,,,
19.93,69.91280672,1.0,23,1102,25836,1584,0.15,0.01,0.009999999776482582,49670,145.90284156799316,0.0003,-363.1869201660156,,,
19.93,71.04926356,1.0,23,1104,25916,1588,0.15,0.01,0.009999999776482582,49830,47.53146934509277,0.0003,-363.78297424316406,,,
19.93,72.19705566,1.0,23,1107,25996,1592,0.15,0.01,0.009999999776482582,49990,72.4390697479248,0.0003,-366.48048400878906,,,
19.93,71.40545918000001,1.0,23,1114,26076,1596,0.15,0.01,0.009999999776482582,50150,80.7460994720459,0.0003,-364.93788146972656,0.05,19.2,100.84475939955286
19.93,73.54856505000001,1.0,23,1117,26156,1600,0.15,0.01,0.009999999776482582,50310,192.4792251586914,0.0003,-367.4400329589844,,,
19.93,75.30005689000001,1.0,23,1119,26236,1604,0.15,0.01,0.009999999776482582,50470,141.5730438232422,0.0003,-366.5860900878906,,,
19.93,76.70391309,1.0,23,1122,26316,1608,0.15,0.01,0.009999999776482582,50630,168.6376190185547,0.0003,-365.9837341308594,,,
19.93,75.57666030000001,1.0,23,1124,26396,1612,0.15,0.01,0.009999999776482582,50790,105.41644287109375,0.0003,-367.7298126220703,,,
19.93,75.51856053000002,1.0,23,1127,26476,1616,0.15,0.01,0.009999999776482582,50950,110.97611999511719,0.0003,-367.0974426269531,,,
19.93,76.22827344,1.0,23,1130,26556,1620,0.15,0.01,0.009999999776482582,51110,155.4722900390625,0.0003,-367.06187438964844,,,
19.93,77.57294834,1.0,23,1132,26636,1624,0.15,0.01,0.009999999776482582,51270,234.30254364013672,0.0003,-368.9114227294922,,,
19.93,79.14458395,1.0,23,1134,26716,1628,0.15,0.01,0.009999999776482582,51430,142.98929977416992,0.0003,-366.68309020996094,,,
19.93,81.20167281,1.0,23,1137,26796,1632,0.15,0.01,0.009999999776482582,51590,116.6868896484375,0.0003,-372.01763916015625,,,
19.93,83.85644010000001,1.0,23,1139,26876,1636,0.15,0.01,0.009999999776482582,51750,170.46168518066406,0.0003,-372.3271942138672,,,
19.93,86.38849658,1.0,23,1142,26956,1640,0.15,0.01,0.009999999776482582,51910,67.43289375305176,0.0003,-368.4514617919922,,,
19.93,88.47211102999998,1.0,23,1144,27036,1644,0.15,0.01,0.009999999776482582,52070,90.06341361999512,0.0003,-372.20375061035156,,,
19.93,91.26305848,1.0,23,1146,27116,1648,0.15,0.01,0.009999999776482582,52230,88.31651496887207,0.0003,-373.31170654296875,,,
19.86,95.33677034999997,1.0,23,1148,27189,1652,0.15,0.02,0.009999999776482582,52376,149.18396759033203,0.0003,-373.53985595703125,,,
19.86,98.29505579999999,1.0,23,1151,27269,1656,0.15,0.02,0.009999999776482582,52536,204.09281158447266,0.0003,-376.05934143066406,,,
19.86,100.99481717,1.0,23,1153,27349,1660,0.15,0.02,0.009999999776482582,52696,137.30936813354492,0.0003,-376.8492736816406,,,
19.93,102.20971895000002,1.0,23,1156,27429,1664,0.15,0.01,0.009999999776482582,52856,69.77474975585938,0.0003,-378.189208984375,,,
19.93,103.05584703999999,1.0,23,1158,27509,1668,0.15,0.01,0.009999999776482582,53016,117.18091201782227,0.0003,-382.14732360839844,,,
19.91,108.00721239,1.0,23,1161,27587,1672,0.15,0.02,0.009999999776482582,53172,73.67056846618652,0.0003,-381.0991516113281,,,
19.91,110.29770841,1.0,23,1164,27667,1676,0.15,0.02,0.009999999776482582,53332,86.86249542236328,0.0003,-380.75840759277344,,,
19.91,112.62174083,1.0,23,1167,27747,1680,0.15,0.02,0.009999999776482582,53492,162.7126922607422,0.0003,-384.5728759765625,,,
19.91,115.262997,1.0,23,1169,27827,1684,0.15,0.02,0.009999999776482582,53652,159.3739471435547,0.0003,-387.25872802734375,,,
19.91,117.98084982000002,1.0,23,1172,27907,1688,0.15,0.02,0.009999999776482582,53812,115.91194534301758,0.0003,-383.3941955566406,,,
19.91,119.30980635,1.0,23,1174,27987,1692,0.15,0.02,0.009999999776482582,53972,203.35083770751953,0.0003,-388.0459899902344,,,
19.91,120.11486218000002,1.0,23,1182,28067,1696,0.15,0.02,0.009999999776482582,54132,75.71138763427734,0.0003,-387.85601806640625,0.0,20.0,77.19582284490966
19.91,120.60340633000004,1.0,23,1185,28147,1700,0.15,0.02,0.009999999776482582,54292,193.3216094970703,0.0003,-389.1203918457031,,,
19.91,121.12416680999999,1.0,23,1187,28227,1704,0.15,0.02,0.009999999776482582,54452,183.0002212524414,0.0003,-390.3991394042969,,,
19.91,120.13095218000001,1.0,23,1190,28307,1708,0.15,0.02,0.009999999776482582,54612,65.34039115905762,0.0003,-392.7664337158203,,,
19.91,122.90547162000001,1.0,23,1193,28387,1712,0.15,0.02,0.009999999776482582,54772,287.73038482666016,0.0003,-393.9557342529297,,,
19.91,124.45533361000001,1.0,23,1195,28467,1716,0.15,0.02,0.009999999776482582,54932,290.032470703125,0.0003,-396.04844665527344,,,
19.91,124.68549360000002,1.0,23,1198,28547,1720,0.15,0.02,0.009999999776482582,55092,152.7642822265625,0.0003,-397.45936584472656,,,
19.91,124.41676339000003,1.0,23,1200,28627,1724,0.15,0.02,0.009999999776482582,55252,121.61177825927734,0.0003,-399.70794677734375,,,
19.91,124.9262544,1.0,23,1203,28707,1728,0.15,0.02,0.009999999776482582,55412,160.66657257080078,0.0003,-399.5746765136719,,,
19.91,124.93370357999999,1.0,23,1206,28787,1732,0.15,0.02,0.009999999776482582,55572,214.9412612915039,0.0003,-401.51104736328125,,,
19.91,124.88685089999998,1.0,23,1208,28867,1736,0.15,0.02,0.009999999776482582,55732,136.62201690673828,0.0003,-401.7871551513672,,,
19.91,124.49722182,1.0,23,1211,28947,1740,0.15,0.02,0.009999999776482582,55892,139.89300537109375,0.0003,-403.3599548339844,,,
19.91,123.63890291,1.0,23,1213,29027,1744,0.15,0.02,0.009999999776482582,56052,318.556884765625,0.0003,-404.1072692871094,,,
19.91,121.62303051,1.0,23,1216,29107,1748,0.15,0.02,0.009999999776482582,56212,157.60829162597656,0.0003,-404.8655548095703,,,
19.98,120.22903206000001,1.0,23,1218,29187,1752,0.15,0.01,0.009999999776482582,56372,104.06549835205078,0.0003,-406.9867858886719,,,
19.98,119.51546210000002,1.0,23,1221,29267,1756,0.15,0.01,0.009999999776482582,56532,202.4589385986328,0.0003,-407.65513610839844,,,
19.91,120.01173480999998,1.0,23,1223,29340,1760,0.15,0.02,0.009999999776482582,56678,75.53338623046875,0.0003,-409.1562194824219,,,
19.91,117.90071593,1.0,23,1226,29420,1764,0.15,0.02,0.009999999776482582,56838,447.2762145996094,0.0003,-412.75917053222656,,,
19.91,119.95928710999999,1.0,24,1228,29500,1768,0.15,0.02,0.009999999776482582,56998,303.3732452392578,0.0003,-412.5387420654297,,,
19.93,118.38752077999999,1.0,24,1231,29580,1772,0.15,0.01,0.009999999776482582,57158,146.5533218383789,0.0003,-412.2146453857422,,,
19.93,118.77155402999998,1.0,24,1233,29660,1776,0.15,0.01,0.009999999776482582,57318,112.70544052124023,0.0003,-419.2049865722656,,,
19.81,122.85543444999999,1.0,24,1236,29728,1780,0.15,0.03,0.009999999776482582,57454,151.75403594970703,0.0003,-417.33763122558594,,,
19.81,123.70264079999997,1.0,24,1238,29808,1784,0.15,0.03,0.009999999776482582,57614,285.9128189086914,0.0003,-418.2472839355469,,,
19.81,123.42425816000001,1.0,24,1241,29888,1788,0.15,0.03,0.009999999776482582,57774,79.20052146911621,0.0003,-422.41416931152344,,,
19.81,123.30725516000001,1.0,24,1244,29968,1792,0.15,0.03,0.009999999776482582,57934,309.9513702392578,0.0003,-422.7239227294922,,,
19.81,124.30781834,2.0,23,1252,30048,1796,0.35,0.03,0.009999999776482582,58094,177.0933074951172,0.0003,-420.61297607421875,0.0,20.0,87.9978225169019
19.81,124.19098586,2.0,24,1254,30128,1800,0.35,0.03,0.009999999776482582,58254,253.09536743164062,0.0003,-423.11468505859375,,,
19.81,124.25943981,2.0,24,1257,30208,1804,0.35,0.03,0.009999999776482582,58414,293.93995666503906,0.0003,-426.6272888183594,,,
19.81,125.8181463,2.0,24,1260,30288,1808,0.35,0.03,0.009999999776482582,58574,73.19465255737305,0.0003,-426.051025390625,,,
19.81,125.36404003,2.0,24,1263,30368,1812,0.35,0.03,0.009999999776482582,58734,359.2594451904297,0.0003,-425.6332702636719,,,
19.81,122.52137503,2.0,24,1266,30448,1816,0.35,0.03,0.009999999776482582,58894,80.3468017578125,0.0003,-427.43821716308594,,,
19.81,121.13490261000001,2.0,24,1268,30528,1820,0.35,0.03,0.009999999776482582,59054,173.90826034545898,0.0003,-431.8240661621094,,,
19.81,120.93401122999998,2.0,24,1271,30608,1824,0.35,0.03,0.009999999776482582,59214,97.42192840576172,0.0003,-431.46527099609375,,,
19.81,121.00918747000001,2.0,24,1274,30688,1828,0.35,0.03,0.009999999776482582,59374,225.08654022216797,0.0003,-433.9301452636719,,,
19.72,122.73128424000004,2.0,24,1276,30759,1832,0.35,0.04,0.009999999776482582,59516,228.86227416992188,0.0003,-434.8356018066406,,,
19.72,121.77951945,2.0,24,1279,30839,1836,0.35,0.04,0.009999999776482582,59676,215.69429779052734,0.0003,-437.26507568359375,,,
19.72,121.06516152,2.0,24,1282,30919,1840,0.35,0.04,0.009999999776482582,59836,54.643455505371094,0.0003,-435.1190643310547,,,
19.72,121.95317061,2.0,24,1285,30999,1844,0.35,0.04,0.009999999776482582,59996,147.74620819091797,0.0003,-437.6144256591797,,,
19.72,123.21096766000001,2.0,24,1288,31079,1848,0.35,0.04,0.009999999776482582,60156,215.4804458618164,0.0003,-438.33612060546875,,,
19.72,122.5365575,2.0,24,1291,31159,1852,0.35,0.04,0.009999999776482582,60316,110.31029891967773,0.0003,-441.90907287597656,,,
19.72,123.02483793999998,2.0,24,1294,31239,1856,0.35,0.04,0.009999999776482582,60476,182.69198608398438,0.0003,-440.6225891113281,,,
19.79,122.60804473000002,2.0,24,1297,31319,1860,0.35,0.03,0.009999999776482582,60636,146.95966339111328,0.0003,-444.1168518066406,,,
19.79,124.75522012999998,2.0,24,1299,31399,1864,0.35,0.03,0.009999999776482582,60796,276.1224365234375,0.0003,-449.0422668457031,,,
19.72,126.11865228999999,2.0,24,1302,31472,1868,0.35,0.04,0.009999999776482582,60942,92.92626571655273,0.0003,-446.33717346191406,,,
19.72,125.32816229,2.0,24,1305,31552,1872,0.35,0.04,0.009999999776482582,61102,433.45703887939453,0.0003,-450.15443420410156,,,
19.72,124.45631415000001,2.0,24,1308,31632,1876,0.35,0.04,0.009999999776482582,61262,262.57398986816406,0.0003,-450.10638427734375,,,
19.84,121.14443315000003,2.0,24,1311,31712,1880,0.35,0.02,0.009999999776482582,61422,128.21196937561035,0.0003,-453.8446960449219,,,
19.84,119.90391835,2.0,24,1314,31792,1884,0.35,0.02,0.009999999776482582,61582,122.19205474853516,0.0003,-448.872802734375,,,
19.84,120.40319199,2.0,24,1316,31872,1888,0.35,0.02,0.009999999776482582,61742,173.1814422607422,0.0003,-453.4193420410156,,,
19.84,120.61397908999999,2.0,24,1319,31952,1892,0.35,0.02,0.009999999776482582,61902,257.03395080566406,0.0003,-451.48382568359375,,,
19.84,119.19910928999998,2.0,24,1327,32032,1896,0.35,0.02,0.009999999776482582,62062,163.2482147216797,0.0003,-455.17247009277344,0.0,20.0,110.50680928874537
19.84,117.46250169,2.0,24,1330,32112,1900,0.35,0.02,0.009999999776482582,62222,204.8471450805664,0.0003,-458.19940185546875,,,
19.84,116.81703333999998,2.0,24,1333,32192,1904,0.35,0.02,0.009999999776482582,62382,199.47296905517578,0.0003,-455.3577575683594,,,
19.84,116.77469388000002,2.0,24,1336,32272,1908,0.35,0.02,0.009999999776482582,62542,265.7789306640625,0.0003,-456.96392822265625,,,
19.84,117.14292031999999,2.0,24,1338,32352,1912,0.35,0.02,0.009999999776482582,62702,457.97438049316406,0.0003,-461.20758056640625,,,
19.84,119.57385968,2.0,24,1341,32432,1916,0.35,0.02,0.009999999776482582,62862,131.93313598632812,0.0003,-465.7633972167969,,,
19.84,121.43087537,2.0,24,1344,32512,1920,0.35,0.02,0.009999999776482582,63022,249.3667221069336,0.0003,-460.9797058105469,,,
19.84,121.67582025999998,2.0,24,1347,32592,1924,0.35,0.02,0.009999999776482582,63182,430.2786560058594,0.0003,-469.7781219482422,,,
19.84,121.81732373000001,2.0,24,1349,32672,1928,0.35,0.02,0.009999999776482582,63342,358.17663192749023,0.0003,-469.44248962402344,,,
19.88,122.03526867,2.0,24,1352,32747,1932,0.35,0.02,0.009999999776482582,63492,142.33021926879883,0.0003,-466.7024841308594,,,
19.88,123.28613183000002,2.0,24,1354,32827,1936,0.35,0.02,0.009999999776482582,63652,389.4130859375,0.0003,-466.2394714355469,,,
19.88,124.62209624999997,2.0,24,1357,32907,1940,0.35,0.02,0.009999999776482582,63812,169.5361671447754,0.0003,-475.4675750732422,,,
19.88,124.82329650000003,2.0,24,1359,32987,1944,0.35,0.02,0.009999999776482582,63972,233.8690185546875,0.0003,-466.45826721191406,,,
19.88,123.82250823999999,2.0,24,1362,33067,1948,0.35,0.02,0.009999999776482582,64132,310.48810958862305,0.0003,-470.61790466308594,,,
19.88,124.62618647,2.0,24,1365,33147,1952,0.35,0.02,0.009999999776482582,64292,174.27403450012207,0.0003,-476.7310028076172,,,
19.88,124.17268775000001,2.0,24,1368,33227,1956,0.35,0.02,0.009999999776482582,64452,437.9154052734375,0.0003,-475.37855529785156,,,
19.88,122.87913939,2.0,24,1370,33307,1960,0.35,0.02,0.009999999776482582,64612,413.00518798828125,0.0003,-479.013671875,,,
19.88,123.05511275,2.0,24,1373,33387,1964,0.35,0.02,0.009999999776482582,64772,276.6959533691406,0.0003,-478.40557861328125,,,
19.95,120.74631508,2.0,24,1376,33467,1968,0.35,0.01,0.009999999776482582,64932,811.8704833984375,0.0003,-472.61610412597656,,,
19.95,120.47864121999999,2.0,24,1378,33547,1972,0.35,0.01,0.009999999776482582,65092,264.9952621459961,0.0003,-479.1298522949219,,,
19.95,120.62935341999999,2.0,24,1381,33627,1976,0.35,0.01,0.009999999776482582,65252,207.6432113647461,0.0003,-480.3610534667969,,,
19.95,119.35377034999998,2.0,24,1384,33707,1980,0.35,0.01,0.009999999776482582,65412,291.6073760986328,0.0003,-482.0440673828125,,,
19.95,120.84070872000002,2.0,24,1386,33787,1984,0.35,0.01,0.009999999776482582,65572,213.74032592773438,0.0003,-481.16758728027344,,,
19.95,120.84372555,2.0,24,1389,33867,1988,0.35,0.01,0.009999999776482582,65732,192.59052276611328,0.0003,-488.1125183105469,,,
19.95,120.56407245,2.0,24,1392,33947,1992,0.35,0.01,0.009999999776482582,65892,186.6655502319336,0.0003,-488.3418426513672,,,
19.95,122.10858319,2.0,24,1400,34027,1996,0.35,0.01,0.009999999776482582,66052,645.801513671875,0.0003,-484.2561950683594,0.0,20.0,98.42393869620366
19.95,123.84745353000004,2.0,24,1402,34107,2000,0.35,0.01,0.009999999776482582,66212,226.0126724243164,0.0003,-486.5041198730469,,,
19.95,124.54516331,2.0,24,1405,34187,2004,0.35,0.01,0.009999999776482582,66372,221.19117736816406,0.0003,-491.25047302246094,,,
19.95,123.66150883,2.0,24,1408,34267,2008,0.35,0.01,0.009999999776482582,66532,268.56341552734375,0.0003,-487.87681579589844,,,
19.95,123.69423456999999,2.0,24,1410,34347,2012,0.35,0.01,0.009999999776482582,66692,240.0941925048828,0.0003,-489.5757293701172,,,
19.95,124.2032027,2.0,24,1413,34427,2016,0.35,0.01,0.009999999776482582,66852,417.0714111328125,0.0003,-485.9151916503906,,,
19.95,124.28155614,2.0,24,1415,34507,2020,0.35,0.01,0.009999999776482582,67012,274.37987518310547,0.0003,-495.1869812011719,,,
19.95,124.80923922999999,2.0,24,1418,34587,2024,0.35,0.01,0.009999999776482582,67172,639.7130737304688,0.0003,-490.031494140625,,,
19.95,124.52160341000003,2.0,24,1420,34667,2028,0.35,0.01,0.009999999776482582,67332,154.0264663696289,0.0003,-492.12664794921875,,,
19.81,125.23756660000001,2.0,24,1422,34728,2032,0.35,0.02,0.009999999776482582,67454,343.20970153808594,0.0003,-494.2384033203125,,,
19.81,124.65112392,2.0,24,1425,34808,2036,0.35,0.02,0.009999999776482582,67614,221.16516876220703,0.0003,-495.96820068359375,,,
19.81,124.69021350999998,2.0,24,1428,34888,2040,0.35,0.02,0.009999999776482582,67774,379.3093795776367,0.0003,-497.26025390625,,,
19.81,123.75498029999999,2.0,24,1430,34968,2044,0.35,0.02,0.009999999776482582,67934,188.46302795410156,0.0003,-493.47247314453125,,,
19.81,122.77149759000002,2.0,24,1433,35048,2048,0.35,0.02,0.009999999776482582,68094,232.84584426879883,0.0003,-501.57557678222656,,,
19.81,121.33529987000001,2.0,24,1436,35128,2052,0.35,0.02,0.009999999776482582,68254,57.27657699584961,0.0003,-498.8118896484375,,,
19.72,123.5758696,2.0,24,1438,35199,2056,0.35,0.03,0.009999999776482582,68396,359.72039794921875,0.0003,-495.02064514160156,,,
19.7,126.85499303,2.0,24,1441,35277,2060,0.35,0.04,0.009999999776482582,68552,307.7339172363281,0.0003,-499.7832794189453,,,
19.7,126.57772331,2.0,24,1444,35357,2064,0.35,0.04,0.009999999776482582,68712,290.7915802001953,0.0003,-495.5653839111328,,,
19.7,127.47399104,2.0,24,1446,35437,2068,0.35,0.04,0.009999999776482582,68872,483.58680725097656,0.0003,-502.2830505371094,,,
19.7,128.66420958999998,2.0,24,1449,35517,2072,0.35,0.04,0.009999999776482582,69032,127.94719314575195,0.0003,-499.6981658935547,,,
19.7,128.61113059,2.0,24,1451,35597,2076,0.35,0.04,0.009999999776482582,69192,179.38304138183594,0.0003,-504.8114013671875,,,
19.7,129.96548823999998,2.0,24,1454,35677,2080,0.35,0.04,0.009999999776482582,69352,225.2474594116211,0.0003,-504.2151184082031,,,
19.7,125.24419994,2.0,24,1456,35757,2084,0.35,0.04,0.009999999776482582,69512,260.9904479980469,0.0003,-501.02330017089844,,,
19.7,124.27895663000001,2.0,24,1459,35837,2088,0.35,0.04,0.009999999776482582,69672,395.6888885498047,0.0003,-501.8509063720703,,,
19.7,124.57017393,2.0,24,1461,35917,2092,0.35,0.04,0.009999999776482582,69832,300.6879081726074,0.0003,-503.3971405029297,,,
19.7,125.00551198,2.0,24,1464,35997,2096,0.35,0.04,0.009999999776482582,69992,235.75074768066406,0.0003,-509.38572692871094,,,
19.7,124.69688937999999,2.0,24,1471,36077,2100,0.35,0.04,0.009999999776482582,70152,182.04210662841797,0.0003,-504.7927551269531,0.0,20.0,108.97685829588593
19.7,124.67891839999999,2.0,24,1474,36157,2104,0.35,0.04,0.009999999776482582,70312,579.2269897460938,0.0003,-508.7142791748047,,,
19.7,124.91136013,2.0,24,1477,36237,2108,0.35,0.04,0.009999999776482582,70472,124.98454284667969,0.0003,-509.2478942871094,,,
19.7,123.48216699999999,2.0,24,1479,36317,2112,0.35,0.04,0.009999999776482582,70632,438.20819091796875,0.0003,-511.4042663574219,,,
19.7,122.51196446000002,2.0,24,1482,36397,2116,0.35,0.04,0.009999999776482582,70792,309.1080322265625,0.0003,-511.6859436035156,,,
19.54,125.07545742999999,2.0,24,1484,36461,2120,0.35,0.06,0.009999999776482582,70920,167.66593170166016,0.0003,-508.36370849609375,,,
19.54,125.30083438,2.0,24,1486,36541,2124,0.35,0.06,0.009999999776482582,71080,329.41961669921875,0.0003,-509.3011169433594,,,
19.54,125.19176088,2.0,24,1489,36621,2128,0.35,0.06,0.009999999776482582,71240,312.5296173095703,0.0003,-516.4610290527344,,,
19.73,122.82971364999999,2.0,24,1492,36701,2132,0.35,0.04,0.009999999776482582,71400,254.75867462158203,0.0003,-509.5760498046875,,,
19.73,122.91685540999998,2.0,24,1494,36781,2136,0.35,0.04,0.009999999776482582,71560,266.22483825683594,0.0003,-509.5421600341797,,,
19.73,122.65388517000001,2.0,24,1496,36861,2140,0.35,0.04,0.009999999776482582,71720,278.1520767211914,0.0003,-513.9753723144531,,,
19.69,125.22682149,2.0,24,1499,36937,2144,0.35,0.05,0.009999999776482582,71872,267.1963195800781,0.0003,-512.1378021240234,,,
19.69,126.24772591000001,2.0,24,1502,37017,2148,0.35,0.05,0.009999999776482582,72032,121.54788970947266,0.0003,-518.1483459472656,,,
19.67,127.81673163,2.0,24,1504,37095,2152,0.35,0.06,0.009999999776482582,72188,617.4727172851562,0.0003,-516.7101745605469,,,
19.76,124.68049726,2.0,24,1507,37175,2156,0.35,0.05,0.009999999776482582,72348,617.4361724853516,0.0003,-515.3734741210938,,,
19.78,122.37691236,2.0,24,1509,37255,2160,0.35,0.04,0.009999999776482582,72508,328.3643264770508,0.0003,-517.1047058105469,,,
19.63,123.52085617,2.0,24,1511,37320,2164,0.35,0.05,0.009999999776482582,72638,118.49284362792969,0.0003,-517.9069213867188,,,
19.63,123.52340749000003,2.0,24,1514,37400,2168,0.35,0.05,0.009999999776482582,72798,131.3360939025879,0.0003,-519.6130065917969,,,
19.63,123.19106751000001,2.0,24,1517,37480,2172,0.35,0.05,0.009999999776482582,72958,366.95298767089844,0.0003,-520.7132873535156,,,
19.63,123.38348689,2.0,24,1519,37560,2176,0.35,0.05,0.009999999776482582,73118,459.5668487548828,0.0003,-511.1278076171875,,,
19.63,121.39344727,2.0,24,1522,37640,2180,0.35,0.05,0.009999999776482582,73278,503.06798934936523,0.0003,-516.4854431152344,,,
19.63,125.65532961000001,2.0,24,1524,37720,2184,0.35,0.05,0.009999999776482582,73438,72.98403739929199,0.0003,-521.7228393554688,,,
19.63,125.50218540999998,2.0,24,1527,37800,2188,0.35,0.05,0.009999999776482582,73598,562.9482879638672,0.0003,-514.4496154785156,,,
19.63,125.09246107000001,2.0,24,1529,37880,2192,0.35,0.05,0.009999999776482582,73758,344.4979248046875,0.0003,-519.10791015625,,,
19.63,124.17381525999997,2.0,24,1532,37960,2196,0.35,0.05,0.009999999776482582,73918,342.5476531982422,0.0003,-524.4443969726562,,,
19.63,123.18223599999999,3.0,24,1539,38040,2200,0.6,0.05,0.009999999776482582,74078,241.84170532226562,0.0003,-523.7801208496094,0.0,20.0,98.54166643220194
19.63,122.97423535,3.0,24,1542,38120,2204,0.6,0.05,0.009999999776482582,74238,505.14964294433594,0.0003,-525.619140625,,,
19.63,123.31037760000001,3.0,24,1544,38200,2208,0.6,0.05,0.009999999776482582,74398,611.0601043701172,0.0003,-525.4441833496094,,,
19.63,122.9929342,3.0,24,1547,38280,2212,0.6,0.05,0.009999999776482582,74558,152.21437072753906,0.0003,-520.5281677246094,,,
19.63,123.16929891,3.0,24,1550,38360,2216,0.6,0.05,0.009999999776482582,74718,319.4399871826172,0.0003,-526.3576354980469,,,
19.79,119.22453988,3.0,24,1552,38440,2220,0.6,0.03,0.009999999776482582,74878,163.6275177001953,0.0003,-522.9653930664062,,,
19.79,118.30358085000002,3.0,24,1555,38520,2224,0.6,0.03,0.009999999776482582,75038,149.8083839416504,0.0003,-524.52734375,,,
19.79,118.29157443999996,3.0,24,1557,38600,2228,0.6,0.03,0.009999999776482582,75198,69.03936004638672,0.0003,-527.5853271484375,,,
19.79,118.10513709000001,3.0,24,1560,38680,2232,0.6,0.03,0.009999999776482582,75358,485.81886291503906,0.0003,-528.4466857910156,,,
19.79,117.84282428000002,3.0,24,1563,38760,2236,0.6,0.03,0.009999999776482582,75518,279.5363311767578,0.0003,-525.5703125,,,
19.79,117.04524655000002,3.0,24,1565,38840,2240,0.6,0.03,0.009999999776482582,75678,332.93580627441406,0.0003,-528.6301574707031,,,
19.83,114.91844177000002,3.0,24,1568,38920,2244,0.6,0.02,0.009999999776482582,75838,120.01478958129883,0.0003,-536.1446228027344,,,
19.83,116.56715146999997,3.0,24,1570,39000,2248,0.6,0.02,0.009999999776482582,75998,266.0401382446289,0.0003,-525.469970703125,,,
19.85,116.36774728,3.0,24,1573,39080,2252,0.6,0.01,0.009999999776482582,76158,263.9113235473633,0.0003,-529.1026916503906,,,
19.85,117.67809223,3.0,24,1575,39160,2256,0.6,0.01,0.009999999776482582,76318,265.22373962402344,0.0003,-532.3198547363281,,,
19.85,116.99134694,3.0,24,1578,39240,2260,0.6,0.01,0.009999999776482582,76478,164.2777862548828,0.0003,-533.9053955078125,,,
20.0,112.40254348,3.0,24,1581,39320,2264,0.6,0.0,0.009999999776482582,76638,381.4389953613281,0.0003,-528.7550964355469,,,
20.0,111.72086718999999,3.0,24,1583,39400,2268,0.6,0.0,0.009999999776482582,76798,375.53272247314453,0.0003,-531.5661010742188,,,
20.0,110.05062706000001,3.0,24,1586,39480,2272,0.6,0.0,0.009999999776482582,76958,341.0619812011719,0.0003,-538.6324462890625,,,
20.0,110.70210271999998,3.0,24,1589,39560,2276,0.6,0.0,0.009999999776482582,77118,107.79429626464844,0.0003,-535.2309875488281,,,
20.0,112.05995962000001,3.0,24,1592,39640,2280,0.6,0.0,0.009999999776482582,77278,426.6567687988281,0.0003,-536.3572998046875,,,
20.0,112.16484724000001,3.0,24,1594,39720,2284,0.6,0.0,0.009999999776482582,77438,540.4696350097656,0.0003,-536.119384765625,,,
19.95,113.47678670999998,3.0,24,1597,39795,2288,0.6,0.01,0.009999999776482582,77588,390.85165786743164,0.0003,-538.6890869140625,,,
19.95,113.30671799999999,3.0,24,1599,39875,2292,0.6,0.01,0.009999999776482582,77748,411.5569305419922,0.0003,-533.6820983886719,,,
19.95,113.65659292000002,3.0,24,1602,39955,2296,0.6,0.01,0.009999999776482582,77908,991.915283203125,0.0003,-535.3482360839844,,,
19.95,115.27809882000001,3.0,24,1609,40035,2300,0.6,0.01,0.009999999776482582,78068,308.2267837524414,0.0003,-533.4385070800781,0.0,20.0,99.57257066353694
19.95,115.26796248000001,3.0,24,1612,40115,2304,0.6,0.01,0.009999999776482582,78228,182.22227478027344,0.0003,-533.1033325195312,,,
19.95,115.05752331999999,3.0,24,1614,40195,2308,0.6,0.01,0.009999999776482582,78388,541.0334777832031,0.0003,-534.7399291992188,,,
19.95,115.34091065999999,3.0,24,1617,40275,2312,0.6,0.01,0.009999999776482582,78548,798.2340393066406,0.0003,-537.4484252929688,,,
19.95,113.6157361,3.0,24,1620,40355,2316,0.6,0.01,0.009999999776482582,78708,364.4565124511719,0.0003,-540.1021118164062,,,
19.95,114.15975111,3.0,24,1622,40435,2320,0.6,0.01,0.009999999776482582,78868,445.74041748046875,0.0003,-538.3067016601562,,,
19.95,114.8349494,3.0,24,1625,40515,2324,0.6,0.01,0.009999999776482582,79028,113.11903762817383,0.0003,-544.1644592285156,,,
19.85,115.48418979,3.0,24,1627,40585,2328,0.6,0.02,0.009999999776482582,79168,296.20347595214844,0.0003,-543.2350769042969,,,
19.74,116.23874416999999,3.0,24,1629,40654,2332,0.6,0.03,0.009999999776482582,79306,310.0549774169922,0.0003,-542.9480895996094,,,
19.74,114.90780879000002,3.0,24,1632,40734,2336,0.6,0.03,0.009999999776482582,79466,417.88050842285156,0.0003,-541.7095336914062,,,
19.74,113.83490447,3.0,24,1635,40814,2340,0.6,0.03,0.009999999776482582,79626,224.00914001464844,0.0003,-538.3740234375,,,
19.74,111.90076982000001,3.0,24,1638,40894,2344,0.6,0.03,0.009999999776482582,79786,179.3201446533203,0.0003,-544.8210144042969,,,
19.74,110.64039432,3.0,24,1641,40974,2348,0.6,0.03,0.009999999776482582,79946,739.3801879882812,0.0003,-544.7030029296875,,,
19.74,109.40691987,3.0,24,1643,41054,2352,0.6,0.03,0.009999999776482582,80106,367.2969970703125,0.0003,-539.631591796875,,,
19.67,111.0950613,3.0,24,1646,41127,2356,0.6,0.04,0.009999999776482582,80252,172.01380157470703,0.0003,-538.0888671875,,,
19.66,114.18130056,3.0,24,1648,41206,2360,0.6,0.05,0.009999999776482582,80410,403.9241943359375,0.0003,-540.1740417480469,,,
19.66,117.9320186,3.0,25,1651,41286,2364,0.6,0.05,0.009999999776482582,80570,170.9381446838379,0.0003,-543.0064697265625,,,
19.58,119.79583937000001,3.0,25,1653,41358,2368,0.6,0.06,0.009999999776482582,80714,239.67271041870117,0.0003,-545.0269165039062,,,
19.58,121.44080780999998,3.0,25,1656,41438,2372,0.6,0.06,0.009999999776482582,80874,202.52112579345703,0.0003,-541.0684509277344,,,
19.58,120.55861442,3.0,25,1659,41518,2376,0.6,0.06,0.009999999776482582,81034,618.6044921875,0.0003,-542.8429260253906,,,
19.58,119.11014123000001,3.0,25,1661,41598,2380,0.6,0.06,0.009999999776482582,81194,717.3887634277344,0.0003,-544.8412780761719,,,
19.58,117.57351383000001,3.0,25,1664,41678,2384,0.6,0.06,0.009999999776482582,81354,357.84136962890625,0.0003,-545.02880859375,,,
19.63,114.71758679,3.0,25,1667,41758,2388,0.6,0.05,0.009999999776482582,81514,393.56903076171875,0.0003,-549.0850830078125,,,
19.63,114.01024491,3.0,25,1670,41838,2392,0.6,0.05,0.009999999776482582,81674,503.31658935546875,0.0003,-545.659423828125,,,
19.63,114.01052073000001,3.0,25,1672,41918,2396,0.6,0.05,0.009999999776482582,81834,507.46556091308594,0.0003,-546.2080078125,,,
19.6,115.51757353,3.0,25,1675,41995,2400,0.6,0.06,0.009999999776482582,81988,256.52288818359375,0.0003,-553.7116394042969,,,
19.6,114.80878793,3.0,24,1683,42075,2404,0.6,0.06,0.009999999776482582,82148,522.4843597412109,0.0003,-547.2507934570312,0.05,19.3,107.61467877714279
19.6,113.20904356,3.0,25,1685,42155,2408,0.6,0.06,0.009999999776482582,82308,70.71530151367188,0.0003,-553.685302734375,,,
19.6,114.10281239000001,3.0,25,1688,42235,2412,0.6,0.06,0.009999999776482582,82468,281.6703414916992,0.0003,-553.6448974609375,,,
19.6,116.03864306,3.0,25,1691,42315,2416,0.6,0.06,0.009999999776482582,82628,390.1232147216797,0.0003,-558.220458984375,,,
19.6,116.11188028000002,3.0,25,1693,42395,2420,0.6,0.06,0.009999999776482582,82788,200.7296905517578,0.0003,-555.4489135742188,,,
19.6,116.01702578999999,3.0,25,1696,42475,2424,0.6,0.06,0.009999999776482582,82948,146.69359970092773,0.0003,-557.9947814941406,,,
19.56,114.99852935999999,3.0,25,1698,42541,2428,0.6,0.06,0.009999999776482582,83080,119.72842407226562,0.0003,-555.2972412109375,,,
19.67,112.63575399000003,3.0,25,1701,42621,2432,0.6,0.05,0.009999999776482582,83240,311.45135498046875,0.0003,-555.9889526367188,,,
19.67,113.89483183,3.0,25,1703,42701,2436,0.6,0.05,0.009999999776482582,83400,399.4056148529053,0.0003,-554.9743347167969,,,
19.67,115.04733355999997,3.0,25,1706,42781,2440,0.6,0.05,0.009999999776482582,83560,143.01458740234375,0.0003,-556.6242980957031,,,
19.67,116.3321943,3.0,25,1709,42861,2444,0.6,0.05,0.009999999776482582,83720,112.96566009521484,0.0003,-557.12158203125,,,
19.67,115.86003988,3.0,25,1712,42941,2448,0.6,0.05,0.009999999776482582,83880,371.9515838623047,0.0003,-552.1214294433594,,,
19.67,115.59719894999998,3.0,25,1715,43021,2452,0.6,0.05,0.009999999776482582,84040,286.5990295410156,0.0003,-560.1385498046875,,,
19.74,115.86541032999999,3.0,25,1718,43101,2456,0.6,0.05,0.009999999776482582,84200,260.7506103515625,0.0003,-557.7230224609375,,,
19.75,113.04216998999999,3.0,25,1720,43181,2460,0.6,0.04,0.009999999776482582,84360,658.779296875,0.0003,-558.4510803222656,,,
19.75,112.94337190999998,3.0,25,1723,43261,2464,0.6,0.04,0.009999999776482582,84520,484.5603942871094,0.0003,-555.536376953125,,,
19.76,112.56172438,3.0,25,1725,43334,2468,0.6,0.04,0.009999999776482582,84666,354.9068145751953,0.0003,-559.6273193359375,,,
19.76,111.38400829,3.0,25,1728,43414,2472,0.6,0.04,0.009999999776482582,84826,952.1609497070312,0.0003,-559.5545043945312,,,
19.76,111.87411019,3.0,25,1731,43494,2476,0.6,0.04,0.009999999776482582,84986,280.4511489868164,0.0003,-562.2020263671875,,,
19.76,113.46067984,3.0,25,1734,43574,2480,0.6,0.04,0.009999999776482582,85146,123.38988876342773,0.0003,-561.6430053710938,,,
19.76,112.82212895999999,3.0,25,1737,43654,2484,0.6,0.04,0.009999999776482582,85306,224.10069274902344,0.0003,-560.2713928222656,,,
19.76,114.15670589,3.0,25,1740,43734,2488,0.6,0.04,0.009999999776482582,85466,335.7144012451172,0.0003,-570.3461303710938,,,
19.76,114.23371464,3.0,25,1742,43814,2492,0.6,0.04,0.009999999776482582,85626,312.3805389404297,0.0003,-565.0091247558594,,,
19.76,112.50463606000001,3.0,25,1745,43894,2496,0.6,0.04,0.009999999776482582,85786,517.1161804199219,0.0003,-564.5256958007812,,,
19.79,110.90946695000001,3.0,25,1748,43974,2500,0.6,0.03,0.009999999776482582,85946,514.6133575439453,0.0003,-568.1504211425781,,,
19.79,110.84559439,3.0,25,1756,44054,2504,0.6,0.03,0.009999999776482582,86106,184.07073593139648,0.0003,-568.4837646484375,0.0,20.0,97.92549446844465
19.64,113.04371221,3.0,25,1758,44119,2508,0.6,0.04,0.009999999776482582,86236,568.9392395019531,0.0003,-561.0137939453125,,,
19.59,117.04027088000001,3.0,25,1760,44194,2512,0.6,0.06,0.009999999776482582,86386,681.4657287597656,0.0003,-564.0768127441406,,,
19.59,116.47364974,3.0,25,1763,44274,2516,0.6,0.06,0.009999999776482582,86546,776.9307861328125,0.0003,-565.0328369140625,,,
19.59,116.68876896999997,3.0,25,1766,44354,2520,0.6,0.06,0.009999999776482582,86706,304.7755432128906,0.0003,-564.2961120605469,,,
19.59,116.45629047999999,3.0,25,1768,44434,2524,0.6,0.06,0.009999999776482582,86866,379.94236755371094,0.0003,-566.3822937011719,,,
19.73,116.23253847,3.0,25,1771,44514,2528,0.6,0.05,0.009999999776482582,87026,338.6982421875,0.0003,-568.1172180175781,,,
19.71,118.61179984999998,3.0,25,1773,44592,2532,0.6,0.06,0.009999999776482582,87182,291.45361328125,0.0003,-572.5517883300781,,,
19.71,117.4140675,3.0,25,1776,44672,2536,0.6,0.06,0.009999999776482582,87342,418.3207550048828,0.0003,-564.1283569335938,,,
19.71,116.52660313,3.0,25,1779,44752,2540,0.6,0.06,0.009999999776482582,87502,784.4991455078125,0.0003,-570.2884216308594,,,
19.71,116.18145209999999,3.0,25,1781,44832,2544,0.6,0.06,0.009999999776482582,87662,317.35567474365234,0.0003,-570.7516174316406,,,
19.71,117.23605846000001,3.0,25,1784,44912,2548,0.6,0.06,0.009999999776482582,87822,337.25611877441406,0.0003,-567.6880187988281,,,
19.71,117.27502259,3.0,25,1786,44992,2552,0.6,0.06,0.009999999776482582,87982,250.94941520690918,0.0003,-570.8194885253906,,,
19.71,114.05309458999999,4.0,25,1789,45072,2556,1.0,0.05,0.009999999776482582,88142,195.46517181396484,0.0003,-573.18310546875,,,
19.57,113.33919139000001,4.0,25,1791,45138,2560,1.0,0.06,0.009999999776482582,88274,138.99837112426758,0.0003,-574.1589965820312,,,
19.57,112.1419432,4.0,25,1794,45218,2564,1.0,0.06,0.009999999776482582,88434,335.48468017578125,0.0003,-574.88330078125,,,
19.64,110.44580080000001,4.0,25,1796,45298,2568,1.0,0.05,0.009999999776482582,88594,185.20092010498047,0.0003,-569.2850036621094,,,
19.64,110.68094900000001,4.0,25,1799,45378,2572,1.0,0.05,0.009999999776482582,88754,1003.7265014648438,0.0003,-569.4525451660156,,,
19.64,108.81453804000003,4.0,25,1802,45458,2576,1.0,0.05,0.009999999776482582,88914,122.33393287658691,0.0003,-575.534423828125,,,
19.64,107.16772379999999,4.0,25,1804,45538,2580,1.0,0.05,0.009999999776482582,89074,55.529632568359375,0.0003,-570.9026794433594,,,
19.64,108.73313912000003,4.0,25,1807,45618,2584,1.0,0.05,0.009999999776482582,89234,406.66673278808594,0.0003,-572.0360717773438,,,
19.64,107.67157095000002,4.0,25,1810,45698,2588,1.0,0.05,0.009999999776482582,89394,210.46786499023438,0.0003,-571.164306640625,,,
19.64,107.02168894,4.0,25,1813,45778,2592,1.0,0.05,0.009999999776482582,89554,309.37302017211914,0.0003,-569.4085388183594,,,
19.64,107.93100589,4.0,25,1815,45858,2596,1.0,0.05,0.009999999776482582,89714,521.5108947753906,0.0003,-569.458984375,,,
19.64,107.0590215,4.0,25,1818,45938,2600,1.0,0.05,0.009999999776482582,89874,540.6085052490234,0.0003,-571.1978454589844,,,
19.64,106.72399811,4.0,25,1826,46018,2604,1.0,0.05,0.009999999776482582,90034,380.92076110839844,0.0003,-574.1517028808594,0.0,20.0,91.2931791484895
19.79,104.76990964999999,4.0,25,1829,46098,2608,1.0,0.04,0.009999999776482582,90194,604.0942993164062,0.0003,-569.5585632324219,,,
19.75,101.51667896999997,4.0,25,1832,46169,2612,1.0,0.03,0.009999999776482582,90336,533.9441223144531,0.0003,-571.2810668945312,,,
19.6,102.11617716,4.0,25,1834,46234,2616,1.0,0.04,0.009999999776482582,90466,224.6625213623047,0.0003,-574.7982482910156,,,
19.6,100.88180323000002,4.0,25,1837,46314,2620,1.0,0.04,0.009999999776482582,90626,395.9593963623047,0.0003,-571.9903564453125,,,
19.6,100.16017877999998,4.0,25,1840,46394,2624,1.0,0.04,0.009999999776482582,90786,446.4649200439453,0.0003,-570.52490234375,,,
19.6,99.96005202999999,4.0,25,1842,46474,2628,1.0,0.04,0.009999999776482582,90946,482.5789031982422,0.0003,-573.0089416503906,,,
19.62,98.45160143,4.0,25,1845,46554,2632,1.0,0.03,0.009999999776482582,91106,168.02914428710938,0.0003,-570.4612426757812,,,
19.62,97.3543604,4.0,25,1848,46634,2636,1.0,0.03,0.009999999776482582,91266,1140.0780334472656,0.0003,-564.0523681640625,,,
19.62,97.07913241,4.0,25,1851,46714,2640,1.0,0.03,0.009999999776482582,91426,95.52365112304688,0.0003,-571.8920593261719,,,
19.52,98.69935046999997,4.0,25,1853,46784,2644,1.0,0.04,0.009999999776482582,91566,387.928524017334,0.0003,-567.0614929199219,,,
19.52,98.28754556999998,4.0,25,1856,46864,2648,1.0,0.04,0.009999999776482582,91726,567.2238922119141,0.0003,-569.6285095214844,,,
19.52,99.12299331999999,4.0,25,1858,46944,2652,1.0,0.04,0.009999999776482582,91886,283.8189697265625,0.0003,-577.6358947753906,,,
19.52,99.84008938000001,4.0,25,1861,47024,2656,1.0,0.04,0.009999999776482582,92046,175.7416706085205,0.0003,-574.449462890625,,,
19.59,102.39159445,4.0,25,1863,47097,2660,1.0,0.04,0.009999999776482582,92192,383.4199447631836,0.0003,-571.9324340820312,,,
19.59,99.35771709000002,4.0,25,1866,47177,2664,1.0,0.04,0.009999999776482582,92352,256.3684539794922,0.0003,-573.7263488769531,,,
19.59,99.14033436000001,4.0,25,1869,47257,2668,1.0,0.04,0.009999999776482582,92512,455.9102478027344,0.0003,-570.3762817382812,,,
19.59,98.54243874000002,4.0,25,1872,47337,2672,1.0,0.04,0.009999999776482582,92672,294.13204765319824,0.0003,-570.4501647949219,,,
19.59,100.07860207000002,4.0,25,1875,47417,2676,1.0,0.04,0.009999999776482582,92832,370.57625579833984,0.0003,-571.1425476074219,,,
19.59,101.44210704000001,4.0,25,1877,47497,2680,1.0,0.04,0.009999999776482582,92992,700.3140258789062,0.0003,-572.1036376953125,,,
19.59,100.69612434999999,4.0,25,1880,47577,2684,1.0,0.04,0.009999999776482582,93152,567.3723297119141,0.0003,-568.7751770019531,,,
19.59,102.57186275,4.0,25,1883,47657,2688,1.0,0.04,0.009999999776482582,93312,264.7137794494629,0.0003,-572.9308471679688,,,
19.59,102.38593003,4.0,25,1886,47737,2692,1.0,0.04,0.009999999776482582,93472,280.2734832763672,0.0003,-572.5316772460938,,,
19.59,102.49735406000002,4.0,25,1888,47817,2696,1.0,0.04,0.009999999776482582,93632,520.5606155395508,0.0003,-569.6673583984375,,,
19.59,102.4582754,4.0,25,1891,47897,2700,1.0,0.04,0.009999999776482582,93792,468.1345672607422,0.0003,-571.7079467773438,,,
19.59,102.39640807000002,4.0,25,1894,47977,2704,1.0,0.04,0.009999999776482582,93952,522.0937423706055,0.0003,-575.7109985351562,,,
19.53,104.05506634,4.0,25,1902,48051,2708,1.0,0.05,0.009999999776482582,94100,390.5506591796875,0.0003,-572.4965209960938,0.0,20.0,108.72265832123489
19.62,101.81853662000002,4.0,25,1904,48131,2712,1.0,0.04,0.009999999776482582,94260,368.5443420410156,0.0003,-575.9270629882812,,,
19.77,100.01591418000002,4.0,25,1907,48211,2716,1.0,0.03,0.009999999776482582,94420,759.1135864257812,0.0003,-572.4757385253906,,,
19.77,98.56799341,4.0,25,1910,48291,2720,1.0,0.03,0.009999999776482582,94580,108.22791290283203,0.0003,-572.4015197753906,,,
19.77,96.10413499000002,4.0,25,1913,48371,2724,1.0,0.03,0.009999999776482582,94740,271.69615173339844,0.0003,-577.55029296875,,,
19.77,94.55392977000001,4.0,25,1916,48451,2728,1.0,0.03,0.009999999776482582,94900,116.59911346435547,0.0003,-571.8126831054688,,,
19.77,93.00491278999999,4.0,25,1919,48531,2732,1.0,0.03,0.009999999776482582,95060,72.26502227783203,0.0003,-573.7659301757812,,,
19.77,92.08298278000001,4.0,25,1922,48611,2736,1.0,0.03,0.009999999776482582,95220,104.25966262817383,0.0003,-575.6617736816406,,,
19.77,92.58106257999998,4.0,25,1925,48691,2740,1.0,0.03,0.009999999776482582,95380,156.44699096679688,0.0003,-575.1076965332031,,,
19.87,90.71073149999998,4.0,25,1927,48771,2744,1.0,0.02,0.009999999776482582,95540,43.66086959838867,0.0003,-576.290771484375,,,
19.87,89.89161407,4.0,25,1930,48851,2748,1.0,0.02,0.009999999776482582,95700,328.65869140625,0.0003,-575.016357421875,,,
19.87,87.12040119,4.0,25,1933,48931,2752,1.0,0.02,0.009999999776482582,95860,101.86327362060547,0.0003,-579.6573791503906,,,
19.87,85.63821006000002,4.0,25,1936,49011,2756,1.0,0.02,0.009999999776482582,96020,426.5821418762207,0.0003,-573.9167785644531,,,
19.82,84.66200114000002,4.0,25,1939,49079,2760,1.0,0.02,0.009999999776482582,96156,228.31493377685547,0.0003,-576.6943359375,,,
19.82,87.63010877,4.0,25,1941,49159,2764,1.0,0.02,0.009999999776482582,96316,93.66986083984375,0.0003,-578.6995849609375,,,
19.82,84.66611443000002,4.0,25,1944,49239,2768,1.0,0.02,0.009999999776482582,96476,215.37921142578125,0.0003,-569.8207702636719,,,
19.82,84.44086631,4.0,25,1947,49319,2772,1.0,0.02,0.009999999776482582,96636,394.54076766967773,0.0003,-572.7147521972656,,,
19.82,84.01800902999999,4.0,25,1950,49399,2776,1.0,0.02,0.009999999776482582,96796,342.1355285644531,0.0003,-579.1543884277344,,,
19.82,82.01861930999999,4.0,25,1953,49479,2780,1.0,0.02,0.009999999776482582,96956,355.19862365722656,0.0003,-574.8612365722656,,,
19.82,82.40096291,4.0,25,1956,49559,2784,1.0,0.02,0.009999999776482582,97116,185.35958099365234,0.0003,-578.4690551757812,,,
19.82,82.01717543000001,4.0,25,1959,49639,2788,1.0,0.02,0.009999999776482582,97276,112.36106491088867,0.0003,-572.6698608398438,,,
19.82,83.00976122,4.0,25,1961,49719,2792,1.0,0.02,0.009999999776482582,97436,513.1712646484375,0.0003,-578.0205078125,,,
19.82,83.52729245,4.0,25,1964,49799,2796,1.0,0.02,0.009999999776482582,97596,268.8796081542969,0.0003,-569.17578125,,,
19.82,83.44177065,4.0,25,1967,49879,2800,1.0,0.02,0.009999999776482582,97756,694.1023864746094,0.0003,-579.6615905761719,,,
19.82,84.91200499,4.0,25,1970,49959,2804,1.0,0.02,0.009999999776482582,97916,815.010498046875,0.0003,-575.5196228027344,,,
