time/time_elapsed,rollout/ep_rew_mean,train/n_updates,rollout/ep_len_mean,time/fps,train/ent_coef,rollout/success_rate,train/actor_loss,train/critic_loss,time/episodes,train/learning_rate,time/total_timesteps,eval/mean_ep_length,eval/mean_reward,eval/success_rate
0,3.48763025,3000,5.5,74,0.009999999776482582,0.0,-44.54826206912349,2.6481322317123412,4,0.0003,22,,,
0,4.311297625,,5.25,84,,0.0,,,8,,42,,,
0,3.0386756666666663,,6.416666666666667,96,,0.0,,,12,,77,,,
1,2.8274447499999997,,6.25,96,,0.0,,,16,,100,,,
2,6.00924665,3092,9.65,77,0.009999999776482582,0.1,-63.50685501098633,6.642117500305176,20,0.0003,193,,,
4,2.312908708333333,3220,13.375,72,0.009999999776482582,0.08333333333333333,-64.6202621459961,8.760303497314453,24,0.0003,321,,,
6,0.08391049999999987,3348,16.035714285714285,71,0.009999999776482582,0.07142857142857142,-63.850990295410156,6.889312744140625,28,0.0003,449,,,
8,-2.6465662499999993,3476,18.03125,71,0.009999999776482582,0.0625,-64.31785583496094,2.9571726322174072,32,0.0003,577,,,
9,-5.17405186111111,3604,19.583333333333332,71,0.009999999776482582,0.05555555555555555,-65.57382202148438,5.132790565490723,36,0.0003,705,,,
11,-5.74999625,3732,20.825,70,0.009999999776482582,0.05,-64.08731842041016,4.863912105560303,40,0.0003,833,,,
13,-7.137522318181817,3860,21.84090909090909,69,0.009999999776482582,0.045454545454545456,-65.7479019165039,0.19045484066009521,44,0.0003,961,,,
21,-7.4646929375,3988,22.6875,49,0.009999999776482582,0.041666666666666664,-65.74554443359375,12.381324768066406,48,0.0003,1089,32.0,-12.24767711985203,0.0
23,-7.773062557692308,4116,23.403846153846153,50,0.009999999776482582,0.038461538461538464,-66.19198608398438,0.612957239151001,52,0.0003,1217,,,
25,-8.629635607142857,4244,24.017857142857142,51,0.009999999776482582,0.03571428571428571,-66.74273681640625,9.18637466430664,56,0.0003,1345,,,
27,-9.109484283333332,4372,24.55,52,0.009999999776482582,0.03333333333333333,-66.28352355957031,0.9300653338432312,60,0.0003,1473,,,
29,-9.249601578125,4500,25.015625,53,0.009999999776482582,0.03125,-65.47300720214844,8.026785850524902,64,0.0003,1601,,,
32,-8.36457082352941,4628,25.426470588235293,53,0.009999999776482582,0.029411764705882353,-65.52644348144531,3.498745918273926,68,0.0003,1729,,,
33,-8.073131722222222,4756,25.791666666666668,54,0.009999999776482582,0.027777777777777776,-68.92344665527344,1.0629017353057861,72,0.0003,1857,,,
35,-8.0270205,4884,26.11842105263158,55,0.009999999776482582,0.02631578947368421,-66.85935974121094,6.549647808074951,76,0.0003,1985,,,
44,-7.460407612500001,5012,26.4125,47,0.009999999776482582,0.025,-66.36235046386719,16.07324981689453,80,0.0003,2113,32.0,-10.23136480582171,0.0
46,-7.346389583333333,5140,26.678571428571427,48,0.009999999776482582,0.023809523809523808,-68.73155975341797,1.6724326610565186,84,0.0003,2241,,,
48,-7.394999477272727,5268,26.920454545454547,49,0.009999999776482582,0.022727272727272728,-67.63794708251953,4.164529323577881,88,0.0003,2369,,,
50,-7.985605054347826,5396,27.141304347826086,49,0.009999999776482582,0.021739130434782608,-67.7490234375,3.683122158050537,92,0.0003,2497,,,
52,-8.345897604166668,5524,27.34375,50,0.009999999776482582,0.020833333333333332,-68.59101867675781,9.221933364868164,96,0.0003,2625,,,
54,-8.01324421,5652,27.53,50,0.009999999776482582,0.02,-68.18937683105469,1.0579168796539307,100,0.0003,2753,,,
56,-8.61719184,5780,28.59,51,0.009999999776482582,0.02,-68.95604705810547,1.730341911315918,104,0.0003,2881,,,
64,-8.966955930000001,5908,29.67,46,0.009999999776482582,0.02,-68.05043029785156,13.418787956237793,108,0.0003,3009,32.0,-8.440255821597614,0.0
66,-9.8564419,6036,30.6,46,0.009999999776482582,0.02,-69.89385223388672,1.5975537300109863,112,0.0003,3137,,,
68,-10.402727709999999,6164,31.65,47,0.009999999776482582,0.02,-67.69548034667969,5.82042121887207,116,0.0003,3265,,,
70,-11.371230480000001,6292,32.0,47,0.009999999776482582,0.0,-69.0937271118164,16.992753982543945,120,0.0003,3393,,,
72,-10.87234126,6420,32.0,48,0.009999999776482582,0.0,-67.4100112915039,3.323403835296631,124,0.0003,3521,,,
74,-10.273109669999998,6548,32.0,48,0.009999999776482582,0.0,-69.14385986328125,1.9210469722747803,128,0.0003,3649,,,
76,-10.040676139999999,6676,32.0,49,0.009999999776482582,0.0,-69.00354766845703,0.6997476816177368,132,0.0003,3777,,,
78,-9.212023109999999,6804,32.0,49,0.009999999776482582,0.0,-68.452392578125,1.5842177867889404,136,0.0003,3905,,,
86,-8.940246789999998,6932,32.0,46,0.009999999776482582,0.0,-67.0817642211914,1.6882572174072266,140,0.0003,4033,32.0,-6.889203417364554,0.0
88,-8.92448176,7060,32.0,46,0.009999999776482582,0.0,-68.46367645263672,2.938876152038574,144,0.0003,4161,,,
90,-8.681252469999999,7188,32.0,47,0.009999999776482582,0.0,-67.89885711669922,0.798218846321106,148,0.0003,4289,,,
92,-8.36659624,7316,32.0,47,0.009999999776482582,0.0,-68.75849914550781,6.223084449768066,152,0.0003,4417,,,
95,-7.8461789799999995,7444,32.0,47,0.009999999776482582,0.0,-68.28250122070312,2.3733696937561035,156,0.0003,4545,,,
97,-7.37764377,7572,32.0,48,0.009999999776482582,0.0,-67.6591567993164,1.3944787979125977,160,0.0003,4673,,,
98,-7.193764679999998,7700,32.0,48,0.009999999776482582,0.0,-67.21762084960938,7.295344352722168,164,0.0003,4801,,,
100,-7.46640134,7828,32.0,48,0.009999999776482582,0.0,-69.00579071044922,0.7278081774711609,168,0.0003,4929,,,
109,-7.681585139999999,7956,32.0,46,0.009999999776482582,0.0,-69.67082977294922,0.5514818429946899,172,0.0003,5057,32.0,-8.52720109403181,0.0
111,-7.274625210000002,8084,32.0,46,0.009999999776482582,0.0,-68.51594543457031,1.6270478963851929,176,0.0003,5185,,,
113,-7.909415200000001,8212,32.0,46,0.009999999776482582,0.0,-68.249755859375,6.32125997543335,180,0.0003,5313,,,
115,-7.394571850000001,8340,32.0,47,0.009999999776482582,0.0,-68.080322265625,0.27689462900161743,184,0.0003,5441,,,
117,-7.45018737,8468,32.0,47,0.009999999776482582,0.0,-66.98138427734375,2.3749475479125977,188,0.0003,5569,,,
119,-6.40296599,8596,32.0,47,0.009999999776482582,0.0,-67.83305358886719,4.1569390296936035,192,0.0003,5697,,,
121,-5.43265399,8724,32.0,47,0.009999999776482582,0.0,-66.97931671142578,3.4865400791168213,196,0.0003,5825,,,
123,-5.8861462399999995,8852,32.0,48,0.009999999776482582,0.0,-68.5052261352539,1.8115317821502686,200,0.0003,5953,,,
131,-5.66749163,8980,32.0,46,0.009999999776482582,0.0,-67.24281311035156,3.9762496948242188,204,0.0003,6081,32.0,-6.140480165815727,0.0
133,-5.467355920000001,9108,32.0,46,0.009999999776482582,0.0,-67.07418060302734,4.964090347290039,208,0.0003,6209,,,
135,-4.693121460000001,9236,32.0,46,0.009999999776482582,0.0,-67.54991149902344,2.1902003288269043,212,0.0003,6337,,,
137,-3.90529408,9364,32.0,47,0.009999999776482582,0.0,-66.07840728759766,3.073646068572998,216,0.0003,6465,,,
139,-3.4781036899999997,9492,32.0,47,0.009999999776482582,0.0,-65.62410736083984,2.6130449771881104,220,0.0003,6593,,,
140,-3.2495649400000004,9620,32.0,47,0.009999999776482582,0.0,-67.85252380371094,1.7835464477539062,224,0.0003,6721,,,
142,-3.81361972,9748,32.0,47,0.009999999776482582,0.0,-65.71746826171875,4.511466026306152,228,0.0003,6849,,,
144,-3.0112849800000006,9876,32.0,48,0.009999999776482582,0.0,-64.67188262939453,1.2718080282211304,232,0.0003,6977,,,
153,-3.3125250399999993,10004,32.0,46,0.009999999776482582,0.0,-67.25059509277344,2.331634998321533,236,0.0003,7105,32.0,-10.301500338635991,0.0
155,-3.42068442,10132,32.0,46,0.009999999776482582,0.0,-67.52698516845703,2.683385133743286,240,0.0003,7233,,,
157,-2.9779097500000002,10260,32.0,46,0.009999999776482582,0.0,-68.59991455078125,0.42026227712631226,244,0.0003,7361,,,
159,-3.2003495400000004,10388,32.0,46,0.009999999776482582,0.0,-68.79766082763672,2.7373313903808594,248,0.0003,7489,,,
161,-4.18047768,10516,32.0,47,0.009999999776482582,0.0,-67.15910339355469,0.45597976446151733,252,0.0003,7617,,,
163,-4.411298679999999,10644,32.0,47,0.009999999776482582,0.0,-67.97348022460938,2.304875373840332,256,0.0003,7745,,,
165,-4.479751070000001,10772,32.0,47,0.009999999776482582,0.0,-67.02124786376953,2.4641027450561523,260,0.0003,7873,,,
173,-4.5014153,10900,32.0,46,0.009999999776482582,0.0,-68.4285888671875,1.2247012853622437,264,0.0003,8001,32.0,-8.776036161736767,0.0
175,-4.20726745,11028,32.0,46,0.009999999776482582,0.0,-67.50569915771484,6.57503604888916,268,0.0003,8129,,,
177,-3.6381977599999997,11156,32.0,46,0.009999999776482582,0.0,-67.62800598144531,1.287444829940796,272,0.0003,8257,,,
179,-3.6077668700000003,11284,32.0,46,0.009999999776482582,0.0,-66.6392822265625,0.5688204765319824,276,0.0003,8385,,,
181,-3.00897311,11412,32.0,46,0.009999999776482582,0.0,-67.76139068603516,3.8949289321899414,280,0.0003,8513,,,
183,-3.00414673,11540,32.0,47,0.009999999776482582,0.0,-68.6302490234375,0.9126365184783936,284,0.0003,8641,,,
185,-2.43857892,11668,32.0,47,0.009999999776482582,0.0,-67.06208801269531,3.363330125808716,288,0.0003,8769,,,
187,-2.1053688699999995,11796,32.0,47,0.009999999776482582,0.0,-67.90116882324219,6.263321876525879,292,0.0003,8897,,,
196,-1.7868919500000002,11924,32.0,46,0.009999999776482582,0.0,-66.96489715576172,17.937007904052734,296,0.0003,9025,32.0,4.209262255539907,0.0
198,-1.4311621600000004,12052,32.0,46,0.009999999776482582,0.0,-68.61963653564453,3.419379472732544,300,0.0003,9153,,,
200,-0.93072632,12180,32.0,46,0.009999999776482582,0.0,-65.76799774169922,4.907567501068115,304,0.0003,9281,,,
201,-0.6693267699999995,12308,32.0,46,0.009999999776482582,0.0,-67.53022766113281,0.5629041194915771,308,0.0003,9409,,,
204,-0.16626202999999998,12436,32.0,46,0.009999999776482582,0.0,-65.44212341308594,3.451188564300537,312,0.0003,9537,,,
206,0.1301751599999999,12564,32.0,46,0.009999999776482582,0.0,-66.15733337402344,2.9785709381103516,316,0.0003,9665,,,
208,0.021970919999999852,12692,32.0,47,0.009999999776482582,0.0,-67.59281921386719,1.302128553390503,320,0.0003,9793,,,
209,-0.01651585000000015,12820,32.0,47,0.009999999776482582,0.0,-67.60610961914062,1.4267773628234863,324,0.0003,9921,,,
218,0.37121975999999995,12948,32.0,46,0.009999999776482582,0.0,-66.67725372314453,2.625549554824829,328,0.0003,10049,32.0,3.5282765773065363,0.0
220,-0.1657587000000001,13076,32.0,46,0.009999999776482582,0.0,-64.7857894897461,0.7627921104431152,332,0.0003,10177,,,
222,0.8517741699999998,13204,32.0,46,0.009999999776482582,0.0,-68.93678283691406,0.21481101214885712,336,0.0003,10305,,,
224,1.04665402,13332,32.0,46,0.009999999776482582,0.0,-65.50190734863281,0.7446699142456055,340,0.0003,10433,,,
226,1.6424672700000003,13460,32.0,46,0.009999999776482582,0.0,-68.07716369628906,1.5438306331634521,344,0.0003,10561,,,
228,1.6724340100000001,13588,32.0,46,0.009999999776482582,0.0,-68.33052062988281,1.0371623039245605,348,0.0003,10689,,,
230,3.3552240800000006,13716,32.0,46,0.009999999776482582,0.0,-67.3965072631836,0.9161865711212158,352,0.0003,10817,,,
232,4.30919691,13844,32.0,47,0.009999999776482582,0.0,-67.11039733886719,2.727118968963623,356,0.0003,10945,,,
240,4.57265587,13972,32.0,46,0.009999999776482582,0.0,-65.08088684082031,1.8749077320098877,360,0.0003,11073,32.0,2.9919918796468217,0.0
242,5.092702060000001,14100,32.0,46,0.009999999776482582,0.0,-67.85733795166016,0.567328929901123,364,0.0003,11201,,,
244,4.661520560000001,14228,32.0,46,0.009999999776482582,0.0,-66.976318359375,0.5732673406600952,368,0.0003,11329,,,
246,4.2156961100000006,14356,32.0,46,0.009999999776482582,0.0,-66.92012786865234,4.091007232666016,372,0.0003,11457,,,
248,4.49857259,14484,32.0,46,0.009999999776482582,0.0,-64.90695190429688,3.2594962120056152,376,0.0003,11585,,,
250,4.934221000000001,14612,32.0,46,0.009999999776482582,0.0,-66.78235626220703,0.24819062650203705,380,0.0003,11713,,,
252,3.9373580700000006,14740,32.0,46,0.009999999776482582,0.0,-68.1433334350586,3.7456629276275635,384,0.0003,11841,,,
255,3.317232599999999,14868,32.0,46,0.009999999776482582,0.0,-63.78350067138672,1.5431647300720215,388,0.0003,11969,,,
263,3.29932781,14996,32.0,45,0.009999999776482582,0.0,-64.17284393310547,0.8525645732879639,392,0.0003,12097,32.0,-0.45849888729602306,0.0
265,2.02242186,15124,32.0,45,0.009999999776482582,0.0,-64.79391479492188,0.4549848437309265,396,0.0003,12225,,,
268,1.8023673899999995,15252,32.0,46,0.009999999776482582,0.0,-64.3584213256836,0.5535081624984741,400,0.0003,12353,,,
270,1.2033643199999997,15380,32.0,46,0.009999999776482582,0.0,-66.50450134277344,1.1873042583465576,404,0.0003,12481,,,
272,0.8920026400000001,15508,32.0,46,0.009999999776482582,0.0,-64.00559997558594,4.5959792137146,408,0.0003,12609,,,
274,0.03672124999999991,15636,32.0,46,0.009999999776482582,0.0,-67.13629913330078,1.611283540725708,412,0.0003,12737,,,
276,-0.7184211799999999,15764,32.0,46,0.009999999776482582,0.0,-66.00572204589844,0.7423484325408936,416,0.0003,12865,,,
278,-0.8953717800000001,15892,32.0,46,0.009999999776482582,0.0,-64.80388641357422,3.9407730102539062,420,0.0003,12993,,,
288,-1.2797006100000001,16020,32.0,45,0.009999999776482582,0.0,-63.01213836669922,1.8253934383392334,424,0.0003,13121,32.0,0.7271211908037302,0.0
290,-1.30297509,16148,32.0,45,0.009999999776482582,0.0,-64.80720520019531,2.829063892364502,428,0.0003,13249,,,
292,-0.37692233999999997,16276,32.0,45,0.009999999776482582,0.0,-61.84407043457031,2.6547162532806396,432,0.0003,13377,,,
294,-1.3155369199999998,16404,32.0,45,0.009999999776482582,0.0,-65.08246612548828,0.4370795488357544,436,0.0003,13505,,,
296,-1.9793444000000002,16532,32.0,45,0.009999999776482582,0.0,-63.862831115722656,0.7001553177833557,440,0.0003,13633,,,
298,-2.63034864,16660,32.0,46,0.009999999776482582,0.0,-64.65863037109375,2.3994622230529785,444,0.0003,13761,,,
301,-2.43921427,16788,32.0,46,0.009999999776482582,0.0,-64.31747436523438,2.205125331878662,448,0.0003,13889,,,
309,-2.6516911500000004,16916,32.0,45,0.009999999776482582,0.0,-63.674835205078125,2.6469008922576904,452,0.0003,14017,32.0,5.55284421807059,0.0
311,-2.60401867,17044,32.0,45,0.009999999776482582,0.0,-63.87263488769531,2.201380968093872,456,0.0003,14145,,,
313,-2.4031685799999996,17172,32.0,45,0.009999999776482582,0.0,-65.3476333618164,2.8421096801757812,460,0.0003,14273,,,
316,-2.1742679600000003,17300,32.0,45,0.009999999776482582,0.0,-63.85289764404297,6.110390663146973,464,0.0003,14401,,,
318,-2.38640129,17428,32.0,45,0.009999999776482582,0.0,-63.84391403198242,8.108409881591797,468,0.0003,14529,,,
320,-1.4250968199999996,17556,32.0,45,0.009999999776482582,0.0,-66.38683319091797,1.1573731899261475,472,0.0003,14657,,,
322,-1.42538039,17684,32.0,45,0.009999999776482582,0.0,-61.470802307128906,1.8498135805130005,476,0.0003,14785,,,
324,-1.63223479,17812,32.0,45,0.009999999776482582,0.0,-62.054901123046875,1.0418281555175781,480,0.0003,14913,,,
332,-1.1703490899999998,17940,32.0,45,0.009999999776482582,0.0,-64.86698913574219,0.23258696496486664,484,0.0003,15041,32.0,5.403319870373493,0.0
334,-0.9518889500000001,18068,32.0,45,0.009999999776482582,0.0,-66.27820587158203,0.4511701464653015,488,0.0003,15169,,,
336,-2.17097843,18196,32.0,45,0.009999999776482582,0.0,-65.08039093017578,0.6404989957809448,492,0.0003,15297,,,
338,-2.0291999300000003,18324,32.0,45,0.009999999776482582,0.0,-60.89956283569336,1.3648622035980225,496,0.0003,15425,,,
341,-1.1273287600000002,18452,32.0,45,0.009999999776482582,0.0,-62.09761428833008,0.6444865465164185,500,0.0003,15553,,,
343,-0.49679050000000013,18580,32.0,45,0.009999999776482582,0.0,-61.428585052490234,0.599805474281311,504,0.0003,15681,,,
345,-0.15957975000000008,18708,32.0,45,0.009999999776482582,0.0,-63.29381561279297,1.1260132789611816,508,0.0003,15809,,,
347,0.15380327999999976,18836,32.0,45,0.009999999776482582,0.0,-61.17865753173828,0.8432302474975586,512,0.0003,15937,,,
356,0.8557283099999998,18964,32.0,45,0.009999999776482582,0.0,-59.45491027832031,6.301694869995117,516,0.0003,16065,32.0,6.663013539922076,0.0
358,1.14597506,19092,32.0,45,0.009999999776482582,0.0,-62.22325897216797,1.9491467475891113,520,0.0003,16193,,,
360,1.4190590400000003,19220,32.0,45,0.009999999776482582,0.0,-60.65400695800781,4.297840118408203,524,0.0003,16321,,,
363,1.5144131499999998,19348,32.0,45,0.009999999776482582,0.0,-61.98358154296875,0.9086311459541321,528,0.0003,16449,,,
365,1.0755681900000003,19476,32.0,45,0.009999999776482582,0.0,-61.95803451538086,1.1683169603347778,532,0.0003,16577,,,
367,1.6939980700000001,19604,32.0,45,0.009999999776482582,0.0,-60.644901275634766,0.3630135655403137,536,0.0003,16705,,,
369,3.0079725900000005,19732,32.0,45,0.009999999776482582,0.0,-64.11050415039062,8.17945671081543,540,0.0003,16833,,,
371,3.82512978,19860,32.0,45,0.009999999776482582,0.0,-62.86452865600586,2.568669080734253,544,0.0003,16961,,,
380,4.97730315,19988,32.0,44,0.009999999776482582,0.0,-65.83026123046875,6.6866254806518555,548,0.0003,17089,32.0,3.4619465488517127,0.0
382,5.53845234,20116,32.0,45,0.009999999776482582,0.0,-63.67160415649414,1.183824062347412,552,0.0003,17217,,,
384,4.79024172,20244,32.0,45,0.009999999776482582,0.0,-63.21937561035156,2.6094110012054443,556,0.0003,17345,,,
386,5.313457990000001,20372,32.0,45,0.009999999776482582,0.0,-61.61663818359375,1.036779522895813,560,0.0003,17473,,,
388,4.81014963,20500,32.0,45,0.009999999776482582,0.0,-62.97766876220703,1.4810761213302612,564,0.0003,17601,,,
390,5.564306339999999,20628,32.0,45,0.009999999776482582,0.0,-65.6561279296875,1.2916041612625122,568,0.0003,17729,,,
392,5.129447249999999,20756,32.0,45,0.009999999776482582,0.0,-61.81765365600586,0.5261425971984863,572,0.0003,17857,,,
394,5.176419989999999,20884,32.0,45,0.009999999776482582,0.0,-63.53362274169922,0.6370320916175842,576,0.0003,17985,,,
403,4.825306609999999,21012,32.0,44,0.009999999776482582,0.0,-62.372535705566406,4.327949523925781,580,0.0003,18113,32.0,4.3303039912140795,0.0
405,5.120607699999999,21140,32.0,45,0.009999999776482582,0.0,-61.99444580078125,0.4566366672515869,584,0.0003,18241,,,
407,5.60035686,21268,32.0,45,0.009999999776482582,0.0,-61.8137092590332,0.59037184715271,588,0.0003,18369,,,
409,6.63206954,21396,32.0,45,0.009999999776482582,0.0,-60.36812973022461,1.81011164188385,592,0.0003,18497,,,
411,7.2204671099999995,21524,32.0,45,0.009999999776482582,0.0,-59.51072692871094,1.5929133892059326,596,0.0003,18625,,,
413,6.6056618999999985,21652,32.0,45,0.009999999776482582,0.0,-63.38086700439453,1.4624226093292236,600,0.0003,18753,,,
415,5.55929606,21780,32.0,45,0.009999999776482582,0.0,-59.83789825439453,1.7419719696044922,604,0.0003,18881,,,
424,5.263429940000001,21908,32.0,44,0.009999999776482582,0.0,-63.090301513671875,2.3074073791503906,608,0.0003,19009,32.0,2.8376849895619283,0.0
426,5.5863017899999985,22036,32.0,44,0.009999999776482582,0.0,-58.97509002685547,1.1509240865707397,612,0.0003,19137,,,
428,4.90008656,22164,32.0,44,0.009999999776482582,0.0,-63.34843826293945,0.5282525420188904,616,0.0003,19265,,,
430,4.416819299999999,22292,32.0,45,0.009999999776482582,0.0,-59.724910736083984,3.4107110500335693,620,0.0003,19393,,,
432,5.20093609,22420,32.0,45,0.009999999776482582,0.0,-62.40882873535156,2.341968536376953,624,0.0003,19521,,,
434,5.478509590000001,22548,32.0,45,0.009999999776482582,0.0,-63.83863067626953,1.2782456874847412,628,0.0003,19649,,,
436,5.788958029999999,22676,32.0,45,0.009999999776482582,0.0,-63.31523513793945,1.1551272869110107,632,0.0003,19777,,,
438,5.754634449999998,22804,32.0,45,0.009999999776482582,0.0,-63.57137680053711,0.985266923904419,636,0.0003,19905,,,
447,4.935719019999999,22932,32.0,44,0.009999999776482582,0.0,-62.36827087402344,2.0328545570373535,640,0.0003,20033,32.0,3.496910593715294,0.0
449,4.487448570000001,23060,32.0,44,0.009999999776482582,0.0,-62.22084426879883,1.7889420986175537,644,0.0003,20161,,,
451,3.7324213500000014,23188,32.0,44,0.009999999776482582,0.0,-60.69305419921875,2.212092876434326,648,0.0003,20289,,,
453,3.1851332700000006,23316,32.0,45,0.009999999776482582,0.0,-58.62641143798828,0.9632141590118408,652,0.0003,20417,,,
455,3.5875976500000006,23444,32.0,45,0.009999999776482582,0.0,-63.20908737182617,3.363915205001831,656,0.0003,20545,,,
457,2.821524759999999,23572,32.0,45,0.009999999776482582,0.0,-60.83812713623047,1.5677577257156372,660,0.0003,20673,,,
459,2.79479072,23700,32.0,45,0.009999999776482582,0.0,-63.692447662353516,3.6574525833129883,664,0.0003,20801,,,
461,2.2035558,23828,32.0,45,0.009999999776482582,0.0,-63.24269485473633,0.4449760317802429,668,0.0003,20929,,,
468,1.9044938200000008,23956,32.0,44,0.009999999776482582,0.0,-58.373836517333984,0.7292587757110596,672,0.0003,21057,28.6,7.658290059158228,0.0
470,1.8607322000000002,24030,31.46,44,0.009999999776482582,0.0,-64.54308319091797,0.5751994252204895,676,0.0003,21131,,,
472,2.44523663,24158,31.46,45,0.009999999776482582,0.0,-65.40513610839844,1.1508615016937256,680,0.0003,21259,,,
474,2.51273239,24286,31.46,45,0.009999999776482582,0.0,-62.714752197265625,2.458944797515869,684,0.0003,21387,,,
476,2.78603368,24414,31.46,45,0.009999999776482582,0.0,-60.61280822753906,2.283327102661133,688,0.0003,21515,,,
478,2.3294747599999996,24542,31.46,45,0.009999999776482582,0.0,-66.08663940429688,1.0642261505126953,692,0.0003,21643,,,
480,2.62324059,24670,31.46,45,0.009999999776482582,0.0,-64.28033447265625,0.9471928477287292,696,0.0003,21771,,,
481,2.6394246500000005,24773,31.21,45,0.009999999776482582,0.0,-62.54225158691406,3.2788212299346924,700,0.0003,21874,,,
483,2.95565364,24845,30.65,45,0.009999999776482582,0.0,-63.633827209472656,4.090883255004883,704,0.0003,21946,,,
489,3.0271668999999997,24958,30.5,45,0.009999999776482582,0.0,-62.28054428100586,2.7763609886169434,708,0.0003,22059,23.4,6.926028901102677,0.0
491,2.1596128500000003,25058,30.22,45,0.009999999776482582,0.0,-67.7428207397461,2.2244386672973633,712,0.0003,22159,,,
492,1.92144542,25136,29.72,45,0.009999999776482582,0.0,-62.92375946044922,2.35958194732666,716,0.0003,22237,,,
494,2.3994716699999996,25236,29.44,45,0.009999999776482582,0.0,-62.273902893066406,9.786436080932617,720,0.0003,22337,,,
496,1.62573033,25364,29.44,45,0.009999999776482582,0.0,-67.97279357910156,19.82980728149414,724,0.0003,22465,,,
498,1.4317988599999996,25480,29.32,45,0.009999999776482582,0.0,-71.3624038696289,0.7730842232704163,728,0.0003,22581,,,
499,0.7798732500000001,25580,29.04,45,0.009999999776482582,0.0,-67.62639617919922,14.509896278381348,732,0.0003,22681,,,
500,1.18783688,25660,28.56,45,0.009999999776482582,0.0,-62.7655143737793,4.068613052368164,736,0.0003,22761,,,
502,1.3910569099999999,25732,28.0,45,0.009999999776482582,0.0,-62.0981330871582,2.925880193710327,740,0.0003,22833,,,
503,0.5757396899999997,25842,27.82,45,0.009999999776482582,0.0,-65.690673828125,0.7253059148788452,744,0.0003,22943,,,
510,-0.047058749999999705,25948,27.6,45,0.009999999776482582,0.0,-63.74995422363281,2.201258897781372,748,0.0003,23049,29.7,-1.6025480218125125,0.0
513,-0.5737826699999999,26076,27.6,45,0.009999999776482582,0.0,-64.92997741699219,3.604916572570801,752,0.0003,23177,,,
514,-0.5748037300000002,26182,27.38,45,0.009999999776482582,0.0,-64.26258850097656,6.0427775382995605,756,0.0003,23283,,,
516,-1.07766201,26310,27.38,45,0.009999999776482582,0.0,-61.70634460449219,9.466888427734375,760,0.0003,23411,,,
518,-0.7957347699999998,26438,27.38,45,0.009999999776482582,0.0,-63.227054595947266,1.720497488975525,764,0.0003,23539,,,
520,-0.44786542000000007,26566,27.38,45,0.009999999776482582,0.0,-62.75753402709961,1.2471249103546143,768,0.0003,23667,,,
523,-0.6436256000000004,26694,27.38,45,0.009999999776482582,0.0,-62.81299591064453,1.443877935409546,772,0.0003,23795,,,
525,-0.7366323500000003,26822,27.92,45,0.009999999776482582,0.0,-62.364967346191406,1.0039558410644531,776,0.0003,23923,,,
533,-0.6817035499999998,26950,27.92,45,0.009999999776482582,0.0,-60.671905517578125,2.2342655658721924,780,0.0003,24051,32.0,2.9759183155185305,0.0
535,-0.6123605499999998,27078,27.92,45,0.009999999776482582,0.0,-60.29435348510742,0.784565806388855,784,0.0003,24179,,,
537,-0.40642274999999983,27206,27.92,45,0.009999999776482582,0.0,-62.248260498046875,0.5391458868980408,788,0.0003,24307,,,
539,-0.55525224,27334,27.92,45,0.009999999776482582,0.0,-61.45762634277344,4.522305011749268,792,0.0003,24435,,,
541,-0.8700872700000004,27462,27.92,45,0.009999999776482582,0.0,-64.81446838378906,0.9657028913497925,796,0.0003,24563,,,
543,-1.4700115000000005,27590,28.17,45,0.009999999776482582,0.0,-60.34000778198242,2.776512861251831,800,0.0003,24691,,,
545,-0.8474658300000002,27718,28.73,45,0.009999999776482582,0.0,-63.347816467285156,0.6523154973983765,804,0.0003,24819,,,
547,-1.65445989,27846,28.88,45,0.009999999776482582,0.0,-62.48419189453125,3.3962364196777344,808,0.0003,24947,,,
555,-1.09034691,27974,29.16,45,0.009999999776482582,0.0,-63.7038688659668,0.8182852268218994,812,0.0003,25075,32.0,-4.290665368417654,0.0
557,-0.08373701999999993,28102,29.66,45,0.009999999776482582,0.0,-64.91378784179688,0.7898861169815063,816,0.0003,25203,,,
559,-0.36696983000000016,28230,29.94,45,0.009999999776482582,0.0,-61.031837463378906,1.2229387760162354,820,0.0003,25331,,,
561,-0.25074634000000007,28358,29.94,45,0.009999999776482582,0.0,-65.40077209472656,1.157299280166626,824,0.0003,25459,,,
563,-0.01637004000000001,28486,30.06,45,0.009999999776482582,0.0,-61.84818649291992,0.5419679880142212,828,0.0003,25587,,,
565,0.37298260999999977,28614,30.34,45,0.009999999776482582,0.0,-60.44392776489258,0.83321213722229,832,0.0003,25715,,,
567,-0.43535650000000037,28742,30.82,45,0.009999999776482582,0.0,-60.464107513427734,0.7089600563049316,836,0.0003,25843,,,
570,-0.6764716300000003,28870,31.38,45,0.009999999776482582,0.0,-62.08416748046875,0.9921165108680725,840,0.0003,25971,,,
578,-0.2261591100000001,28998,31.56,45,0.009999999776482582,0.0,-63.66960906982422,2.9197001457214355,844,0.0003,26099,32.0,-13.331642681902125,0.0
580,-0.14611757000000009,29126,31.78,45,0.009999999776482582,0.0,-61.37500762939453,3.731449604034424,848,0.0003,26227,,,
582,-0.8522438799999996,29254,31.78,45,0.009999999776482582,0.0,-61.23859405517578,5.340732097625732,852,0.0003,26355,,,
584,-1.3369425599999998,29382,32.0,45,0.009999999776482582,0.0,-68.4689712524414,0.3344995975494385,856,0.0003,26483,,,
586,-1.0430989899999996,29510,32.0,45,0.009999999776482582,0.0,-61.00963592529297,0.7534873485565186,860,0.0003,26611,,,
588,-1.1296960500000002,29638,32.0,45,0.009999999776482582,0.0,-58.687034606933594,0.5980319976806641,864,0.0003,26739,,,
590,-1.7981482800000002,29766,32.0,45,0.009999999776482582,0.0,-59.54377365112305,2.016906261444092,868,0.0003,26867,,,
592,-2.05209385,29894,32.0,45,0.009999999776482582,0.0,-62.302406311035156,1.1619867086410522,872,0.0003,26995,,,
601,-3.029935920000001,30022,32.0,45,0.009999999776482582,0.0,-59.4227294921875,0.5788347721099854,876,0.0003,27123,32.0,-3.4469546945150347,0.0
603,-4.25249786,30150,32.0,45,0.009999999776482582,0.0,-61.6511116027832,0.8808602094650269,880,0.0003,27251,,,
605,-4.79902882,30278,32.0,45,0.009999999776482582,0.0,-61.86678695678711,0.843486487865448,884,0.0003,27379,,,
607,-5.6386866399999995,30406,32.0,45,0.009999999776482582,0.0,-62.80258560180664,0.5083411931991577,888,0.0003,27507,,,
609,-5.232301660000001,30534,32.0,45,0.009999999776482582,0.0,-63.107906341552734,2.5758094787597656,892,0.0003,27635,,,
611,-5.596327680000001,30662,32.0,45,0.009999999776482582,0.0,-60.70942687988281,0.3304139971733093,896,0.0003,27763,,,
613,-4.8321844800000004,30790,32.0,45,0.009999999776482582,0.0,-61.90161895751953,2.5734505653381348,900,0.0003,27891,,,
622,-4.771516290000001,30918,32.0,45,0.009999999776482582,0.0,-62.559608459472656,0.46417179703712463,904,0.0003,28019,32.0,3.0070369204857443,0.0
624,-4.31399296,31046,32.0,45,0.009999999776482582,0.0,-60.690032958984375,2.314335823059082,908,0.0003,28147,,,
626,-3.86890514,31174,32.0,45,0.009999999776482582,0.0,-60.306461334228516,1.283186435699463,912,0.0003,28275,,,
628,-4.57305417,31302,32.0,45,0.009999999776482582,0.0,-61.30259704589844,0.3950962722301483,916,0.0003,28403,,,
630,-4.320627719999999,31430,32.0,45,0.009999999776482582,0.0,-60.19184875488281,0.5221818685531616,920,0.0003,28531,,,
632,-3.92519764,31548,31.9,45,0.009999999776482582,0.0,-61.525386810302734,4.565469264984131,924,0.0003,28649,,,
634,-3.8610983500000002,31677,31.91,45,0.009999999776482582,0.0,-60.437042236328125,1.4349193572998047,928,0.0003,28778,,,
636,-4.82952999,31803,31.89,45,0.009999999776482582,0.0,-61.89792251586914,3.9982051849365234,932,0.0003,28904,,,
644,-3.857462839999999,31931,31.89,45,0.009999999776482582,0.0,-65.81930541992188,0.9413376450538635,936,0.0003,29032,31.35,6.403337654952198,0.0
646,-3.54947677,32048,31.78,45,0.009999999776482582,0.0,-65.35458374023438,0.9237802028656006,940,0.0003,29149,,,
647,-2.7324818500000005,32146,31.48,45,0.009999999776482582,0.0,-64.33361053466797,3.0828635692596436,944,0.0003,29247,,,
649,-2.5299828200000003,32270,31.44,45,0.009999999776482582,0.0,-65.50151062011719,5.002702713012695,948,0.0003,29371,,,
651,-0.9318643100000001,32398,31.44,45,0.009999999776482582,0.0,-62.998443603515625,4.126986503601074,952,0.0003,29499,,,
653,-0.13499435999999984,32526,31.44,45,0.009999999776482582,0.0,-62.23572540283203,3.4801523685455322,956,0.0003,29627,,,
655,0.022060720000000308,32654,31.44,45,0.009999999776482582,0.0,-68.65568542480469,15.870158195495605,960,0.0003,29755,,,
657,0.4227280599999999,32782,31.44,45,0.009999999776482582,0.0,-62.37533187866211,0.6560072898864746,964,0.0003,29883,,,
